DivisionCode,DivisionName,DistrictCode,DistrictName,UpazillaCode,UpazillaName
40,Khulna,1,Bagerhat ,8,Bagerhat Sadar 
40,Khulna,1,Bagerhat ,58,Mongla 
40,Khulna,1,Bagerhat ,60,Morrelganj 
20,Chittagong,3,Bandarban ,14,Bandarban Sadar 
20,Chittagong,3,Bandarban ,51,Lama 
10,Barisal,4,Barguna ,9,Amtali 
10,Barisal,4,Barguna ,28,Barguna Sadar 
10,Barisal,4,Barguna ,47,Betagi 
10,Barisal,4,Barguna ,85,Patharghata 
10,Barisal,6,Barisal ,7,Bakerganj 
10,Barisal,6,Barisal ,10,Banari Para 
10,Barisal,6,Barisal ,32,Gaurnadi 
10,Barisal,6,Barisal ,51,Barisal Sadar 
10,Barisal,6,Barisal ,62,Mehendiganj 
10,Barisal,6,Barisal ,69,Muladi 
10,Barisal,9,Bhola ,18,Bhola Sadar 
10,Barisal,9,Bhola ,21,Burhanuddin 
10,Barisal,9,Bhola ,25,Char Fasson 
10,Barisal,9,Bhola ,29,Daulat Khan 
10,Barisal,9,Bhola ,54,Lalmohan 
50,Rajshahi,10,Bogra ,6,Adamdighi 
50,Rajshahi,10,Bogra ,20,Bogra Sadar 
50,Rajshahi,10,Bogra ,27,Dhunat 
50,Rajshahi,10,Bogra ,33,Dhupchanchia 
50,Rajshahi,10,Bogra ,40,Gabtali 
50,Rajshahi,10,Bogra ,54,Kahaloo 
50,Rajshahi,10,Bogra ,67,Nandigram 
50,Rajshahi,10,Bogra ,81,Sariakandi 
50,Rajshahi,10,Bogra ,85,Shajahanpur 
50,Rajshahi,10,Bogra ,88,Sherpur 
50,Rajshahi,10,Bogra ,94,Shibganj 
50,Rajshahi,10,Bogra ,95,Sonatola 
20,Chittagong,12,Brahmanbaria ,2,Akhaura 
20,Chittagong,12,Brahmanbaria ,13,Brahmanbaria Sadar 
20,Chittagong,12,Brahmanbaria ,63,Kasba 
20,Chittagong,12,Brahmanbaria ,85,Nabinagar 
20,Chittagong,13,Chandpur ,22,Chandpur Sadar 
20,Chittagong,13,Chandpur ,45,Faridganj 
20,Chittagong,13,Chandpur ,49,Hajiganj 
20,Chittagong,13,Chandpur ,58,Kachua 
20,Chittagong,13,Chandpur ,76,Matlab 
20,Chittagong,13,Chandpur ,79,Matlab Uttar 
20,Chittagong,13,Chandpur ,95,Shahrasti 
50,Rajshahi,70,Chapai Nawabganj ,37,Gomastapur 
50,Rajshahi,70,Chapai Nawabganj ,56,Nachole 
50,Rajshahi,70,Chapai Nawabganj ,66,Chapai Nawabganj Sadar 
50,Rajshahi,70,Chapai Nawabganj ,88,Shibganj 
20,Chittagong,15,Chittagong ,6,Bayejid Bostami Thana 
20,Chittagong,15,Chittagong ,8,Banshkhali 
20,Chittagong,15,Chittagong ,10,Bakalia Thana 
20,Chittagong,15,Chittagong ,18,Chandanaish  
20,Chittagong,15,Chittagong ,19,Chandgaon Thana 
20,Chittagong,15,Chittagong ,20,Chittagong Port Thana 
20,Chittagong,15,Chittagong ,28,Double Mooring Thana 
20,Chittagong,15,Chittagong ,35,Halishahar Thana 
20,Chittagong,15,Chittagong ,41,Kotwali Thana 
20,Chittagong,15,Chittagong ,43,Khulshi Thana 
20,Chittagong,15,Chittagong ,53,Mirsharai 
20,Chittagong,15,Chittagong ,55,Pahartali Thana 
20,Chittagong,15,Chittagong ,57,Panchlaish Thana 
20,Chittagong,15,Chittagong ,61,Patiya 
20,Chittagong,15,Chittagong ,65,Patenga Thana 
20,Chittagong,15,Chittagong ,70,Rangunia 
20,Chittagong,15,Chittagong ,74,Raozan 
20,Chittagong,15,Chittagong ,78,Sandwip 
20,Chittagong,15,Chittagong ,82,Satkania 
20,Chittagong,15,Chittagong ,86,Sitakunda 
40,Khulna,18,Chuadanga ,7,Alamdanga 
40,Khulna,18,Chuadanga ,23,Chuadanga Sadar 
40,Khulna,18,Chuadanga ,31,Damurhuda 
40,Khulna,18,Chuadanga ,55,Jiban Nagar 
20,Chittagong,19,Comilla ,9,Barura 
20,Chittagong,19,Comilla ,27,Chandina 
20,Chittagong,19,Comilla ,31,Chauddagram 
20,Chittagong,19,Comilla ,33,Comilla Sadar Dakshin 
20,Chittagong,19,Comilla ,36,Daudkandi 
20,Chittagong,19,Comilla ,40,Debidwar 
20,Chittagong,19,Comilla ,54,Homna 
20,Chittagong,19,Comilla ,67,Comilla Adarsha Sadar 
20,Chittagong,19,Comilla ,72,Laksam 
20,Chittagong,19,Comilla ,87,Nangalkot 
20,Chittagong,22,Cox's Bazar ,16,Chakoria 
20,Chittagong,22,Cox's Bazar ,24,Cox's Bazar Sadar 
20,Chittagong,22,Cox's Bazar ,49,Maheshkhali 
20,Chittagong,22,Cox's Bazar ,90,Teknaf 
30,Dhaka,26,Dhaka ,2,Adabor Thana 
30,Dhaka,26,Dhaka ,4,Badda Thana 
30,Dhaka,26,Dhaka ,5,Bangshal Thana 
30,Dhaka,26,Dhaka ,6,Biman Bandar Thana 
30,Dhaka,26,Dhaka ,8,Cantonment Thana 
30,Dhaka,26,Dhaka ,9,Chak Bazar Thana 
30,Dhaka,26,Dhaka ,11,Darus Salam Thana 
30,Dhaka,26,Dhaka ,14,Dhamrai 
30,Dhaka,26,Dhaka ,16,Dhanmondi Thana 
30,Dhaka,26,Dhaka ,18,Dohar 
30,Dhaka,26,Dhaka ,24,Gendaria Thana 
30,Dhaka,26,Dhaka ,26,Gulshan Thana 
30,Dhaka,26,Dhaka ,28,Hazaribagh Thana 
30,Dhaka,26,Dhaka ,29,Jatrabari Thana 
30,Dhaka,26,Dhaka ,30,Kafrul Thana 
30,Dhaka,26,Dhaka ,32,Kadamtali Thana 
30,Dhaka,26,Dhaka ,33,Kalabagan Thana 
30,Dhaka,26,Dhaka ,36,Khilgaon Thana 
30,Dhaka,26,Dhaka ,37,Khilkhet Thana 
30,Dhaka,26,Dhaka ,40,Kotwali Thana 
30,Dhaka,26,Dhaka ,42,Lalbagh Thana 
30,Dhaka,26,Dhaka ,48,Mirpur Thana 
30,Dhaka,26,Dhaka ,50,Mohammadpur Thana 
30,Dhaka,26,Dhaka ,54,Motijheel Thana 
30,Dhaka,26,Dhaka ,63,New Market Thana 
30,Dhaka,26,Dhaka ,64,Pallabi Thana 
30,Dhaka,26,Dhaka ,65,Paltan Thana 
30,Dhaka,26,Dhaka ,66,Ramna Thana 
30,Dhaka,26,Dhaka ,67,Rampura Thana 
30,Dhaka,26,Dhaka ,68,Sabujbagh Thana 
30,Dhaka,26,Dhaka ,72,Savar 
30,Dhaka,26,Dhaka ,74,Shah Ali Thana 
30,Dhaka,26,Dhaka ,75,Shahbagh Thana 
30,Dhaka,26,Dhaka ,76,Shyampur Thana 
30,Dhaka,26,Dhaka ,80,Sher-E-Bangla Nagar Thana 
30,Dhaka,26,Dhaka ,88,Sutrapur Thana 
30,Dhaka,26,Dhaka ,90,Tejgaon Thana 
30,Dhaka,26,Dhaka ,92,Tejgaon Ind. Area Thana 
30,Dhaka,26,Dhaka ,95,Uttara Thana 
55,Rangpur,27,Dinajpur ,10,Birampur 
55,Rangpur,27,Dinajpur ,12,Birganj 
55,Rangpur,27,Dinajpur ,21,Bochaganj 
55,Rangpur,27,Dinajpur ,38,Fulbari 
55,Rangpur,27,Dinajpur ,43,Ghoraghat 
55,Rangpur,27,Dinajpur ,47,Hakimpur 
55,Rangpur,27,Dinajpur ,64,Dinajpur Sadar 
55,Rangpur,27,Dinajpur ,77,Parbatipur 
30,Dhaka,29,Faridpur ,10,Bhanga 
30,Dhaka,29,Faridpur ,18,Boalmari 
30,Dhaka,29,Faridpur ,47,Faridpur Sadar 
30,Dhaka,29,Faridpur ,62,Nagarkanda 
20,Chittagong,30,Feni ,14,Chhagalnaiya 
20,Chittagong,30,Feni ,25,Daganbhuiyan 
20,Chittagong,30,Feni ,29,Feni Sadar 
20,Chittagong,30,Feni ,51,Parshuram 
20,Chittagong,30,Feni ,94,Sonagazi 
55,Rangpur,32,Gaibandha ,24,Gaibandha Sadar 
55,Rangpur,32,Gaibandha ,30,Gobindaganj 
55,Rangpur,32,Gaibandha ,91,Sundarganj 
30,Dhaka,33,Gazipur ,30,Gazipur Sadar 
30,Dhaka,33,Gazipur ,32,Kaliakair 
30,Dhaka,33,Gazipur ,34,Kaliganj 
30,Dhaka,33,Gazipur ,86,Sreepur 
30,Dhaka,35,Gopalganj ,32,Gopalganj Sadar 
30,Dhaka,35,Gopalganj ,51,Kotalipara 
30,Dhaka,35,Gopalganj ,58,Muksudpur 
30,Dhaka,35,Gopalganj ,91,Tungipara 
60,Sylhet,36,Habiganj ,2,Ajmiriganj 
60,Sylhet,36,Habiganj ,26,Chunarughat 
60,Sylhet,36,Habiganj ,44,Habiganj Sadar 
60,Sylhet,36,Habiganj ,71,Madhabpur 
60,Sylhet,36,Habiganj ,77,Nabiganj 
30,Dhaka,39,Jamalpur ,15,Dewanganj 
30,Dhaka,39,Jamalpur ,29,Islampur 
30,Dhaka,39,Jamalpur ,36,Jamalpur Sadar 
30,Dhaka,39,Jamalpur ,58,Madarganj 
30,Dhaka,39,Jamalpur ,61,Melandaha 
30,Dhaka,39,Jamalpur ,85,Sarishabari 
40,Khulna,41,Jessore ,4,Abhaynagar 
40,Khulna,41,Jessore ,9,Bagherpara 
40,Khulna,41,Jessore ,11,Chaugachha 
40,Khulna,41,Jessore ,23,Jhikargachha 
40,Khulna,41,Jessore ,38,Keshabpur 
40,Khulna,41,Jessore ,47,Jessore Sadar 
40,Khulna,41,Jessore ,61,Manirampur 
40,Khulna,41,Jessore ,90,Sharsha 
10,Barisal,42,Jhalokati ,40,Jhalokati Sadar 
10,Barisal,42,Jhalokati ,73,Nalchity 
40,Khulna,44,Jhenaidah ,14,Harinakundu 
40,Khulna,44,Jhenaidah ,19,Jhenaidah Sadar 
40,Khulna,44,Jhenaidah ,33,Kaliganj 
40,Khulna,44,Jhenaidah ,42,Kotchandpur 
40,Khulna,44,Jhenaidah ,71,Maheshpur 
40,Khulna,44,Jhenaidah ,80,Shailkupa 
50,Rajshahi,38,Joypurhat ,13,Akkelpur 
50,Rajshahi,38,Joypurhat ,47,Joypurhat Sadar 
50,Rajshahi,38,Joypurhat ,58,Kalai 
50,Rajshahi,38,Joypurhat ,74,Panchbibi 
20,Chittagong,46,Khagrachhari ,49,Khagrachhari Sadar 
20,Chittagong,46,Khagrachhari ,70,Matiranga 
20,Chittagong,46,Khagrachhari ,80,Ramgarh 
40,Khulna,47,Khulna ,17,Dacope 
40,Khulna,47,Khulna ,21,Daulatpur Thana 
40,Khulna,47,Khulna ,45,Khalishpur Thana 
40,Khulna,47,Khulna ,48,Khan Jahan Ali Thana 
40,Khulna,47,Khulna ,51,Khulna Sadar Thana 
40,Khulna,47,Khulna ,64,Paikgachha 
40,Khulna,47,Khulna ,85,Sonadanga Thana 
30,Dhaka,48,Kishoreganj ,6,Bajitpur 
30,Dhaka,48,Kishoreganj ,11,Bhairab 
30,Dhaka,48,Kishoreganj ,27,Hossainpur 
30,Dhaka,48,Kishoreganj ,42,Karimganj 
30,Dhaka,48,Kishoreganj ,45,Katiadi 
30,Dhaka,48,Kishoreganj ,49,Kishoreganj Sadar 
30,Dhaka,48,Kishoreganj ,54,Kuliar Char 
30,Dhaka,48,Kishoreganj ,79,Pakundia 
55,Rangpur,49,Kurigram ,52,Kurigram Sadar 
55,Rangpur,49,Kurigram ,61,Nageshwari 
55,Rangpur,49,Kurigram ,94,Ulipur 
40,Khulna,50,Kushtia ,15,Bheramara 
40,Khulna,50,Kushtia ,63,Khoksa 
40,Khulna,50,Kushtia ,71,Kumarkhali 
40,Khulna,50,Kushtia ,79,Kushtia Sadar 
40,Khulna,50,Kushtia ,94,Mirpur 
20,Chittagong,51,Lakshmipur ,43,Lakshmipur Sadar 
20,Chittagong,51,Lakshmipur ,58,Roypur 
20,Chittagong,51,Lakshmipur ,65,Ramganj 
20,Chittagong,51,Lakshmipur ,73,Ramgati 
55,Rangpur,52,Lalmonirhat ,55,Lalmonirhat Sadar 
55,Rangpur,52,Lalmonirhat ,70,Patgram 
30,Dhaka,54,Madaripur ,40,Kalkini 
30,Dhaka,54,Madaripur ,54,Madaripur Sadar 
30,Dhaka,54,Madaripur ,87,Shib Char 
40,Khulna,55,Magura ,57,Magura Sadar 
30,Dhaka,56,Manikganj ,46,Manikganj Sadar 
30,Dhaka,56,Manikganj ,82,Singair 
60,Sylhet,58,Maulvibazar ,14,Barlekha 
60,Sylhet,58,Maulvibazar ,56,Kamalganj 
60,Sylhet,58,Maulvibazar ,65,Kulaura 
60,Sylhet,58,Maulvibazar ,74,Maulvibazar Sadar 
60,Sylhet,58,Maulvibazar ,83,Sreemangal 
40,Khulna,57,Meherpur ,47,Gangni 
40,Khulna,57,Meherpur ,87,Meherpur Sadar 
30,Dhaka,59,Munshiganj ,56,Munshiganj Sadar 
30,Dhaka,61,Mymensingh ,13,Bhaluka 
30,Dhaka,61,Mymensingh ,20,Fulbaria 
30,Dhaka,61,Mymensingh ,22,Gaffargaon 
30,Dhaka,61,Mymensingh ,23,Gauripur 
30,Dhaka,61,Mymensingh ,31,Ishwarganj 
30,Dhaka,61,Mymensingh ,52,Mymensingh Sadar 
30,Dhaka,61,Mymensingh ,65,Muktagachha 
30,Dhaka,61,Mymensingh ,72,Nandail 
30,Dhaka,61,Mymensingh ,81,Phulpur 
30,Dhaka,61,Mymensingh ,94,Trishal 
50,Rajshahi,64,Naogaon ,28,Dhamoirhat 
50,Rajshahi,64,Naogaon ,60,Naogaon Sadar 
50,Rajshahi,64,Naogaon ,75,Patnitala 
40,Khulna,65,Narail ,28,Kalia 
40,Khulna,65,Narail ,52,Lohagara 
40,Khulna,65,Narail ,76,Narail Sadar 
30,Dhaka,67,Narayanganj ,4,Sonargaon 
30,Dhaka,67,Narayanganj ,6,Bandar 
30,Dhaka,67,Narayanganj ,58,Narayanganj Sadar 
30,Dhaka,67,Narayanganj ,68,Rupganj 
30,Dhaka,68,Narsingdi ,52,Manohardi 
30,Dhaka,68,Narsingdi ,60,Narsingdi Sadar 
30,Dhaka,68,Narsingdi ,63,Palash 
30,Dhaka,68,Narsingdi ,64,Roypura 
30,Dhaka,68,Narsingdi ,76,Shibpur 
50,Rajshahi,69,Natore ,9,Bagatipara 
50,Rajshahi,69,Natore ,15,Baraigram 
50,Rajshahi,69,Natore ,41,Gurudaspur 
50,Rajshahi,69,Natore ,44,Lalpur 
50,Rajshahi,69,Natore ,63,Natore Sadar 
50,Rajshahi,69,Natore ,91,Singra 
30,Dhaka,72,Netrakona ,18,Durgapur 
30,Dhaka,72,Netrakona ,47,Kendua 
30,Dhaka,72,Netrakona ,56,Madan 
30,Dhaka,72,Netrakona ,63,Mohanganj 
30,Dhaka,72,Netrakona ,74,Netrokona Sadar 
55,Rangpur,73,Nilphamari ,15,Domar 
55,Rangpur,73,Nilphamari ,36,Jaldhaka 
55,Rangpur,73,Nilphamari ,64,Nilphamari Sadar 
55,Rangpur,73,Nilphamari ,85,Saidpur 
20,Chittagong,75,Noakhali ,7,Begumganj 
20,Chittagong,75,Noakhali ,10,Chatkhil 
20,Chittagong,75,Noakhali ,21,Companiganj 
20,Chittagong,75,Noakhali ,36,Hatiya 
20,Chittagong,75,Noakhali ,47,Kabirhat 
20,Chittagong,75,Noakhali ,80,Senbagh 
20,Chittagong,75,Noakhali ,83,Sonaimuri 
20,Chittagong,75,Noakhali ,87,Noakhali Sadar 
50,Rajshahi,76,Pabna ,5,Atgharia 
50,Rajshahi,76,Pabna ,16,Bera 
50,Rajshahi,76,Pabna ,19,Bhangura 
50,Rajshahi,76,Pabna ,22,Chatmohar 
50,Rajshahi,76,Pabna ,33,Faridpur 
50,Rajshahi,76,Pabna ,39,Ishwardi 
50,Rajshahi,76,Pabna ,55,Pabna Sadar 
50,Rajshahi,76,Pabna ,72,Santhia 
50,Rajshahi,76,Pabna ,83,Sujanagar 
55,Rangpur,77,Panchagarh ,25,Boda 
55,Rangpur,77,Panchagarh ,73,Panchagarh Sadar 
10,Barisal,78,Patuakhali ,38,Bauphal 
10,Barisal,78,Patuakhali ,57,Galachipa 
10,Barisal,78,Patuakhali ,66,Kala Para 
10,Barisal,78,Patuakhali ,95,Patuakhali Sadar 
10,Barisal,79,Pirojpur ,58,Mathbaria 
10,Barisal,79,Pirojpur ,80,Pirojpur Sadar 
10,Barisal,79,Pirojpur ,87,Nesarabad 
30,Dhaka,82,Rajbari ,29,Goalanda 
30,Dhaka,82,Rajbari ,73,Pangsha 
30,Dhaka,82,Rajbari ,76,Rajbari Sadar 
50,Rajshahi,81,Rajshahi ,10,Bagha 
50,Rajshahi,81,Rajshahi ,12,Baghmara 
50,Rajshahi,81,Rajshahi ,22,Boalia Thana 
50,Rajshahi,81,Rajshahi ,25,Charghat 
50,Rajshahi,81,Rajshahi ,31,Durgapur 
50,Rajshahi,81,Rajshahi ,34,Godagari 
50,Rajshahi,81,Rajshahi ,40,Matihar Thana 
50,Rajshahi,81,Rajshahi ,53,Mohanpur 
50,Rajshahi,81,Rajshahi ,72,Paba 
50,Rajshahi,81,Rajshahi ,82,Puthia 
50,Rajshahi,81,Rajshahi ,85,Rajpara Thana 
50,Rajshahi,81,Rajshahi ,90,Shah Makhdum Thana 
50,Rajshahi,81,Rajshahi ,94,Tanore 
20,Chittagong,84,Rangamati ,7,Baghaichhari 
20,Chittagong,84,Rangamati ,87,Rangamati Sadar 
55,Rangpur,85,Rangpur ,3,Badarganj 
55,Rangpur,85,Rangpur ,42,Kaunia 
55,Rangpur,85,Rangpur ,49,Rangpur Sadar 
40,Khulna,87,Satkhira ,43,Kalaroa 
40,Khulna,87,Satkhira ,82,Satkhira Sadar 
30,Dhaka,86,Shariatpur ,14,Bhedarganj 
30,Dhaka,86,Shariatpur ,25,Damudya 
30,Dhaka,86,Shariatpur ,65,Naria 
30,Dhaka,86,Shariatpur ,69,Shariatpur Sadar 
30,Dhaka,86,Shariatpur ,94,Zanjira 
30,Dhaka,89,Sherpur ,67,Nakla 
30,Dhaka,89,Sherpur ,70,Nalitabari 
30,Dhaka,89,Sherpur ,88,Sherpur Sadar 
30,Dhaka,89,Sherpur ,90,Sreebardi 
50,Rajshahi,88,Sirajganj ,11,Belkuchi 
50,Rajshahi,88,Sirajganj ,50,Kazipur 
50,Rajshahi,88,Sirajganj ,61,Royganj 
50,Rajshahi,88,Sirajganj ,67,Shahjadpur 
50,Rajshahi,88,Sirajganj ,78,Sirajganj Sadar 
50,Rajshahi,88,Sirajganj ,94,Ullah Para 
60,Sylhet,90,Sunamganj ,23,Chhatak 
60,Sylhet,90,Sunamganj ,29,Derai 
60,Sylhet,90,Sunamganj ,47,Jagannathpur 
60,Sylhet,90,Sunamganj ,89,Sunamganj Sadar 
60,Sylhet,91,Sylhet ,17,Beani Bazar 
60,Sylhet,91,Sylhet ,38,Golapganj 
60,Sylhet,91,Sylhet ,59,Kanaighat 
60,Sylhet,91,Sylhet ,62,Sylhet Sadar 
60,Sylhet,91,Sylhet ,94,Zakiganj 
30,Dhaka,93,Tangail ,19,Bhuapur 
30,Dhaka,93,Tangail ,25,Dhanbari 
30,Dhaka,93,Tangail ,28,Ghatail 
30,Dhaka,93,Tangail ,38,Gopalpur 
30,Dhaka,93,Tangail ,47,Kalihati 
30,Dhaka,93,Tangail ,57,Madhupur 
30,Dhaka,93,Tangail ,66,Mirzapur 
30,Dhaka,93,Tangail ,85,Sakhipur 
30,Dhaka,93,Tangail ,95,Tangail Sadar 
55,Rangpur,94,Thakurgaon ,82,Pirganj 
55,Rangpur,94,Thakurgaon ,86,Ranisankail 
55,Rangpur,94,Thakurgaon ,94,Thakurgaon Sadar 
40,Khulna,1,Bagerhat ,14,Chitalmari 
40,Khulna,1,Bagerhat ,34,Fakirhat 
40,Khulna,1,Bagerhat ,38,Kachua 
40,Khulna,1,Bagerhat ,56,Mollahat 
40,Khulna,1,Bagerhat ,73,Rampal 
40,Khulna,1,Bagerhat ,77,Sarankhola 
20,Chittagong,3,Bandarban ,4,Alikadam 
20,Chittagong,3,Bandarban ,73,Naikhongchhari 
20,Chittagong,3,Bandarban ,89,Rowangchhari 
20,Chittagong,3,Bandarban ,91,Ruma 
20,Chittagong,3,Bandarban ,95,Thanchi 
10,Barisal,4,Barguna ,19,Bamna 
10,Barisal,6,Barisal ,2,Agailjhara 
10,Barisal,6,Barisal ,3,Babuganj 
10,Barisal,6,Barisal ,36,Hizla 
10,Barisal,6,Barisal ,94,Wazirpur 
10,Barisal,9,Bhola ,65,Manpura 
10,Barisal,9,Bhola ,91,Tazumuddin 
20,Chittagong,12,Brahmanbaria ,4,Banchharampur 
20,Chittagong,12,Brahmanbaria ,7,Bijoynagar 
20,Chittagong,12,Brahmanbaria ,33,Ashuganj 
20,Chittagong,12,Brahmanbaria ,90,Nasirnagar 
20,Chittagong,12,Brahmanbaria ,94,Sarail 
20,Chittagong,13,Chandpur ,47,Haim Char 
50,Rajshahi,70,Chapai Nawabganj ,18,Bholahat 
20,Chittagong,15,Chittagong ,4,Anowara 
20,Chittagong,15,Chittagong ,12,Boalkhali 
20,Chittagong,15,Chittagong ,33,Fatikchhari 
20,Chittagong,15,Chittagong ,37,Hathazari 
20,Chittagong,15,Chittagong ,47,Lohagara 
20,Chittagong,19,Comilla ,15,Brahmanpara 
20,Chittagong,19,Comilla ,18,Burichang 
20,Chittagong,19,Comilla ,74,Manoharganj 
20,Chittagong,19,Comilla ,75,Meghna 
20,Chittagong,19,Comilla ,81,Muradnagar 
20,Chittagong,19,Comilla ,94,Titas 
20,Chittagong,22,Cox's Bazar ,45,Kutubdia 
20,Chittagong,22,Cox's Bazar ,56,Pekua 
20,Chittagong,22,Cox's Bazar ,66,Ramu 
20,Chittagong,22,Cox's Bazar ,94,Ukhia 
30,Dhaka,26,Dhaka ,10,Dakshinkhan Thana 
30,Dhaka,26,Dhaka ,12,Demra Thana 
30,Dhaka,26,Dhaka ,34,Kamrangir Char Thana 
30,Dhaka,26,Dhaka ,38,Keraniganj 
30,Dhaka,26,Dhaka ,62,Nawabganj 
30,Dhaka,26,Dhaka ,93,Turag Thana 
30,Dhaka,26,Dhaka ,96,Uttar Khan Thana 
55,Rangpur,27,Dinajpur ,17,Biral 
55,Rangpur,27,Dinajpur ,30,Chirirbandar 
55,Rangpur,27,Dinajpur ,56,Kaharole 
55,Rangpur,27,Dinajpur ,60,Khansama 
55,Rangpur,27,Dinajpur ,69,Nawabganj 
30,Dhaka,29,Faridpur ,3,Alfadanga 
30,Dhaka,29,Faridpur ,21,Char Bhadrasan 
30,Dhaka,29,Faridpur ,56,Madhukhali 
30,Dhaka,29,Faridpur ,84,Sadarpur 
30,Dhaka,29,Faridpur ,90,Saltha 
20,Chittagong,30,Feni ,41,Fulgazi 
55,Rangpur,32,Gaibandha ,21,Fulchhari 
55,Rangpur,32,Gaibandha ,67,Palashbari 
55,Rangpur,32,Gaibandha ,82,Sadullapur 
55,Rangpur,32,Gaibandha ,88,Saghata 
30,Dhaka,33,Gazipur ,36,Kapasia 
30,Dhaka,35,Gopalganj ,43,Kashiani 
60,Sylhet,36,Habiganj ,5,Bahubal 
60,Sylhet,36,Habiganj ,11,Baniachong 
60,Sylhet,36,Habiganj ,68,Lakhai 
30,Dhaka,39,Jamalpur ,7,Bakshiganj 
10,Barisal,42,Jhalokati ,43,Kanthalia 
10,Barisal,42,Jhalokati ,84,Rajapur 
50,Rajshahi,38,Joypurhat ,61,Khetlal 
20,Chittagong,46,Khagrachhari ,43,Dighinala 
20,Chittagong,46,Khagrachhari ,61,Lakshmichhari 
20,Chittagong,46,Khagrachhari ,65,Mahalchhari 
20,Chittagong,46,Khagrachhari ,67,Manikchhari 
20,Chittagong,46,Khagrachhari ,77,Panchhari 
40,Khulna,47,Khulna ,12,Batiaghata 
40,Khulna,47,Khulna ,30,Dumuria 
40,Khulna,47,Khulna ,40,Dighalia 
40,Khulna,47,Khulna ,53,Koyra 
40,Khulna,47,Khulna ,69,Phultala 
40,Khulna,47,Khulna ,75,Rupsa 
40,Khulna,47,Khulna ,94,Terokhada 
30,Dhaka,48,Kishoreganj ,2,Austagram 
30,Dhaka,48,Kishoreganj ,33,Itna 
30,Dhaka,48,Kishoreganj ,59,Mithamain 
30,Dhaka,48,Kishoreganj ,76,Nikli 
30,Dhaka,48,Kishoreganj ,92,Tarail 
55,Rangpur,49,Kurigram ,6,Bhurungamari 
55,Rangpur,49,Kurigram ,8,Char Rajibpur 
55,Rangpur,49,Kurigram ,9,Chilmari 
55,Rangpur,49,Kurigram ,18,Phulbari Sadar 
55,Rangpur,49,Kurigram ,77,Rajarhat 
55,Rangpur,49,Kurigram ,79,Raumari 
40,Khulna,50,Kushtia ,39,Daulatpur 
20,Chittagong,51,Lakshmipur ,33,Kamalnagar 
55,Rangpur,52,Lalmonirhat ,2,Aditmari 
55,Rangpur,52,Lalmonirhat ,33,Hatibandha 
55,Rangpur,52,Lalmonirhat ,39,Kaligang 
30,Dhaka,54,Madaripur ,80,Rajoir 
40,Khulna,55,Magura ,66,Mohammadpur 
40,Khulna,55,Magura ,85,Shalikha 
40,Khulna,55,Magura ,95,Sreepur 
30,Dhaka,56,Manikganj ,10,Daulatpur 
30,Dhaka,56,Manikganj ,22,Ghior 
30,Dhaka,56,Manikganj ,28,Harirampur 
30,Dhaka,56,Manikganj ,70,Saturia 
30,Dhaka,56,Manikganj ,78,Shibalaya 
60,Sylhet,58,Maulvibazar ,35,Juri 
60,Sylhet,58,Maulvibazar ,80,Rajnagar 
40,Khulna,57,Meherpur ,60,Mujib Nagar 
30,Dhaka,59,Munshiganj ,24,Gazaria 
30,Dhaka,59,Munshiganj ,44,Lohajang 
30,Dhaka,59,Munshiganj ,74,Serajdikhan 
30,Dhaka,59,Munshiganj ,84,Sreenagar 
30,Dhaka,59,Munshiganj ,94,Tongibari 
30,Dhaka,61,Mymensingh ,16,Dhobaura 
30,Dhaka,61,Mymensingh ,24,Haluaghat 
50,Rajshahi,64,Naogaon ,3,Atrai 
50,Rajshahi,64,Naogaon ,6,Badalgachhi 
50,Rajshahi,64,Naogaon ,47,Manda 
50,Rajshahi,64,Naogaon ,50,Mahadebpur 
50,Rajshahi,64,Naogaon ,69,Niamatpur 
50,Rajshahi,64,Naogaon ,79,Porsha 
50,Rajshahi,64,Naogaon ,85,Raninagar 
50,Rajshahi,64,Naogaon ,86,Sapahar 
30,Dhaka,67,Narayanganj ,2,Araihazar 
30,Dhaka,68,Narsingdi ,7,Belabo 
30,Dhaka,72,Netrakona ,4,Atpara 
30,Dhaka,72,Netrakona ,9,Barhatta 
30,Dhaka,72,Netrakona ,38,Khaliajuri 
30,Dhaka,72,Netrakona ,40,Kalmakanda 
30,Dhaka,72,Netrakona ,83,Purbadhala 
55,Rangpur,73,Nilphamari ,12,Dimla 
55,Rangpur,73,Nilphamari ,45,Kishoreganj 
20,Chittagong,75,Noakhali ,85,Subarnachar 
55,Rangpur,77,Panchagarh ,4,Atwari 
55,Rangpur,77,Panchagarh ,34,Debiganj 
55,Rangpur,77,Panchagarh ,90,Tentulia 
10,Barisal,78,Patuakhali ,52,Dashmina 
10,Barisal,78,Patuakhali ,55,Dumki 
10,Barisal,78,Patuakhali ,76,Mirzaganj 
10,Barisal,79,Pirojpur ,14,Bhandaria 
10,Barisal,79,Pirojpur ,47,Kawkhali 
10,Barisal,79,Pirojpur ,76,Nazirpur 
10,Barisal,79,Pirojpur ,90,Zianagar 
30,Dhaka,82,Rajbari ,7,Baliakandi 
30,Dhaka,82,Rajbari ,47,Kalukhali 
20,Chittagong,84,Rangamati ,21,Barkal 
20,Chittagong,84,Rangamati ,25,Kawkhali 
20,Chittagong,84,Rangamati ,29,Belai Chhari 
20,Chittagong,84,Rangamati ,36,Kaptai  
20,Chittagong,84,Rangamati ,47,Jurai Chhari 
20,Chittagong,84,Rangamati ,58,Langadu  
20,Chittagong,84,Rangamati ,75,Naniarchar  
20,Chittagong,84,Rangamati ,78,Rajasthali  
55,Rangpur,85,Rangpur ,27,Gangachara 
55,Rangpur,85,Rangpur ,58,Mithapukur 
55,Rangpur,85,Rangpur ,73,Pirgachha 
55,Rangpur,85,Rangpur ,76,Pirganj 
55,Rangpur,85,Rangpur ,92,Taraganj 
40,Khulna,87,Satkhira ,4,Assasuni 
40,Khulna,87,Satkhira ,25,Debhata 
40,Khulna,87,Satkhira ,47,Kaliganj 
40,Khulna,87,Satkhira ,86,Shyamnagar 
40,Khulna,87,Satkhira ,90,Tala 
30,Dhaka,86,Shariatpur ,36,Gosairhat 
30,Dhaka,89,Sherpur ,37,Jhenaigati 
50,Rajshahi,88,Sirajganj ,27,Chauhali 
50,Rajshahi,88,Sirajganj ,44,Kamarkhanda 
50,Rajshahi,88,Sirajganj ,89,Tarash 
60,Sylhet,90,Sunamganj ,18,Bishwambarpur 
60,Sylhet,90,Sunamganj ,27,Dakshin Sunamganj 
60,Sylhet,90,Sunamganj ,32,Dharampasha 
60,Sylhet,90,Sunamganj ,33,Dowarabazar 
60,Sylhet,90,Sunamganj ,50,Jamalganj 
60,Sylhet,90,Sunamganj ,86,Sulla 
60,Sylhet,90,Sunamganj ,92,Tahirpur 
60,Sylhet,91,Sylhet ,8,Balaganj 
60,Sylhet,91,Sylhet ,20,Bishwanath 
60,Sylhet,91,Sylhet ,27,Companiganj 
60,Sylhet,91,Sylhet ,31,Dakshin Surma 
60,Sylhet,91,Sylhet ,35,Fenchuganj 
60,Sylhet,91,Sylhet ,41,Gowainghat 
60,Sylhet,91,Sylhet ,53,Jaintiapur 
30,Dhaka,93,Tangail ,9,Basail 
30,Dhaka,93,Tangail ,23,Delduar 
30,Dhaka,93,Tangail ,76,Nagarpur 
55,Rangpur,94,Thakurgaon ,8,Baliadangi 
55,Rangpur,94,Thakurgaon ,51,Haripur 
