ZL,UZ,UN/WA,MZ/MH,Vill,RMO,Administrative Unit Residence Community,All ages,Percentage of population in the age group 0-4,Percentage of population in the age group 5-9,Percentage of population in the age group 10-14,Percentage of population in the age group 15-19,Percentage of population in the age group 20-24,Percentage of population in the age group 25-29,Percentage of population in the age group 30-49,Percentage of population in the age group 50-59,Percentage of population in the age group 60-64,Percentage of population in the age group 65+,check_var
47,XX.0,XX.0,XXX,XX,02, Khulna Zila,694933,7.7,9.2,10.7,10.4,11.1,10.2,27.6,6.7,2.4,4.0,00110
47,17.0,XX.0,XXX,XX,02,  Dacope Upazila,14188,7.1,8.8,10.0,10.9,8.6,9.2,29.7,7.4,2.7,5.6,00110
47,21.0,XX.0,XXX,XX,02,  Daulatpur Thana,100316,7.3,9.3,10.5,10.2,13.0,10.1,26.2,6.6,2.5,4.3,00110
47,45.0,XX.0,XXX,XX,02,  Khalishpur Thana,165299,7.6,9.1,11.0,11.4,10.6,10.2,27.2,6.7,2.3,3.8,00110
47,48.0,XX.0,XXX,XX,02,  Khan Jahan Ali Thana,6930,5.1,5.3,7.6,16.1,19.5,9.5,23.6,7.4,2.9,2.9,00110
47,51.0,XX.0,XXX,XX,02,  Khulna Sadar Thana,224444,7.7,9.2,10.5,9.8,10.9,10.2,28.2,6.8,2.4,4.1,00110
47,64.0,XX.0,XXX,XX,02,  Paikgachha Upazila,16017,8.4,9.6,10.2,9.7,9.7,10.1,29.4,6.4,2.3,4.3,00110
47,85.0,XX.0,XXX,XX,02,  Sonadanga Thana,167739,8.0,9.5,10.9,10.0,10.8,10.3,27.7,6.6,2.5,3.9,00110
18,XX.0,XX.0,XXX,XX,02, Chuadanga Zila,176748,8.2,9.8,10.9,9.6,9.2,9.9,28.3,7.0,2.6,4.5,00110
18,7.0,XX.0,XXX,XX,02,  Alamdanga Upazila,32048,8.0,9.4,9.9,8.9,8.7,10.0,29.6,7.6,2.9,5.1,00110
18,23.0,XX.0,XXX,XX,02,  Chuadanga Sadar Upazila,85786,8.1,9.7,10.8,9.7,9.3,9.8,28.4,7.0,2.6,4.5,00110
18,31.0,XX.0,XXX,XX,02,  Damurhuda Upazila,33396,8.4,10.0,11.5,9.9,9.3,9.6,27.5,7.3,2.4,4.2,00110
18,55.0,XX.0,XXX,XX,02,  Jiban Nagar Upazila,25518,8.6,10.1,11.8,9.8,9.2,10.3,27.3,6.3,2.6,4.1,00110
65,XX.0,XX.0,XXX,XX,02, Narail Zila,87267,9.0,11.0,11.3,8.9,8.5,9.1,27.3,7.0,2.7,5.1,00110
65,28.0,XX.0,XXX,XX,02,  Kalia Upazila,19678,9.7,12.5,12.5,8.6,8.8,8.5,25.0,6.7,2.8,4.9,00110
65,52.0,XX.0,XXX,XX,02,  Lohagara Upazila,25290,9.3,11.4,11.0,8.7,7.8,9.0,27.3,7.2,3.0,5.3,00110
65,76.0,XX.0,XXX,XX,02,  Narail Sadar Upazila,42299,8.6,10.1,10.8,9.1,8.8,9.4,28.5,7.1,2.6,5.1,00110
44,XX.0,XX.0,XXX,XX,02, Jhenaidah Zila,271221,8.4,10.1,10.8,9.5,9.2,9.8,28.0,6.9,2.7,4.5,00110
44,14.0,XX.0,XXX,XX,02,  Harinakundu Upazila,22011,9.0,11.2,11.1,7.9,8.0,9.5,28.5,6.8,3.1,4.9,00110
44,19.0,XX.0,XXX,XX,02,  Jhenaidah Sadar Upazila,107834,7.9,9.6,11.1,10.2,9.9,9.9,28.2,6.7,2.5,4.1,00110
44,33.0,XX.0,XXX,XX,02,  Kaliganj Upazila,45341,8.3,10.1,10.6,9.4,8.8,10.2,28.1,7.1,2.8,4.5,00110
44,42.0,XX.0,XXX,XX,02,  Kotchandpur Upazila,33094,8.7,10.0,10.3,9.4,9.3,9.6,28.3,6.9,2.8,4.8,00110
44,71.0,XX.0,XXX,XX,02,  Maheshpur Upazila,27670,8.7,10.6,10.7,9.6,9.1,9.5,27.5,6.9,2.5,4.8,00110
44,80.0,XX.0,XXX,XX,02,  Shailkupa Upazila,35271,9.2,10.7,10.5,8.4,8.7,9.4,27.3,7.3,3.1,5.4,00110
41,XX.0,XX.0,XXX,XX,02, Jessore Zila,456570,8.3,9.7,10.3,9.6,10.9,10.2,28.2,6.4,2.3,3.9,00110
41,4.0,XX.0,XXX,XX,02,  Abhaynagar Upazila,85856,8.6,10.4,10.7,8.9,9.0,10.0,28.9,7.0,2.6,4.0,00110
41,9.0,XX.0,XXX,XX,02,  Bagherpara Upazila,8290,10.0,10.3,11.7,8.4,8.4,10.1,26.8,6.2,2.3,5.9,00110
41,11.0,XX.0,XXX,XX,02,  Chaugachha Upazila,21422,9.1,10.3,10.7,10.1,8.9,9.8,28.1,6.7,2.4,3.8,00110
41,23.0,XX.0,XXX,XX,02,  Jhikargachha Upazila,32774,8.7,10.3,10.7,8.8,9.1,9.6,28.9,7.0,2.5,4.4,00110
41,38.0,XX.0,XXX,XX,02,  Keshabpur Upazila,26229,8.9,10.7,10.9,9.0,9.1,10.1,27.9,6.1,2.5,5.0,00110
41,47.0,XX.0,XXX,XX,02,  Jessore Sadar Upazila,217337,7.6,9.0,9.9,10.3,13.0,10.6,28.1,6.1,2.1,3.5,00110
41,61.0,XX.0,XXX,XX,02,  Manirampur Upazila,28138,8.8,10.4,10.2,8.9,8.7,9.8,28.7,7.0,2.6,5.0,00110
41,90.0,XX.0,XXX,XX,02,  Sharsha Upazila,36524,9.7,10.5,11.2,9.4,9.7,10.4,26.4,6.2,2.5,4.0,00110
01,XX.0,XX.0,XXX,XX,02, Bagerhat Zila,110651,7.9,9.7,11.3,9.2,9.0,9.5,29.0,7.1,2.7,4.7,00110
01,8.0,XX.0,XXX,XX,02,  Bagerhat Sadar Upazila,49073,7.6,9.3,10.3,9.3,9.6,9.4,29.4,7.3,2.8,4.8,00110
01,58.0,XX.0,XXX,XX,02,  Mongla Upazila,39837,7.2,9.2,12.3,9.7,8.7,9.8,29.4,6.7,2.6,4.3,00110
01,60.0,XX.0,XXX,XX,02,  Morrelganj Upazila,21741,9.7,11.4,11.7,8.1,8.1,8.9,27.1,7.2,2.5,5.2,00110
55,XX.0,XX.0,XXX,XX,02, Magura Zila,98355,9.0,10.7,11.4,9.2,9.3,9.5,27.3,6.7,2.6,4.3,00110
55,57.0,XX.0,XXX,XX,02,  Magura Sadar Upazila,98355,9.0,10.7,11.4,9.2,9.3,9.5,27.3,6.7,2.6,4.3,00110
50,XX.0,XX.0,XXX,XX,02, Kushtia Zila,187050,7.7,9.2,9.9,10.2,10.4,9.9,28.3,7.4,2.8,4.3,00110
50,15.0,XX.0,XXX,XX,02,  Bheramara Upazila,22124,8.2,9.7,10.0,8.6,8.8,10.0,29.3,7.5,3.0,4.9,00110
50,63.0,XX.0,XXX,XX,02,  Khoksa Upazila,17607,9.1,11.1,11.6,8.0,8.5,9.5,26.5,7.3,3.1,5.3,00110
50,71.0,XX.0,XXX,XX,02,  Kumarkhali Upazila,21914,8.6,10.2,10.1,8.3,8.6,9.8,28.4,7.8,3.0,5.2,00110
50,79.0,XX.0,XXX,XX,02,  Kushtia Sadar Upazila,102988,7.0,8.3,9.5,11.6,11.6,9.7,28.3,7.4,2.6,3.9,00110
50,94.0,XX.0,XXX,XX,02,  Mirpur Upazila,22417,8.3,10.1,10.3,8.6,9.7,10.8,28.4,7.1,2.7,3.9,00110
57,XX.0,XX.0,XXX,XX,02, Meherpur Zila,68633,8.1,9.5,10.4,9.0,8.7,10.1,30.2,7.1,2.6,4.3,00110
57,47.0,XX.0,XXX,XX,02,  Gangni Upazila,25500,8.4,10.1,10.6,8.8,8.2,10.0,30.7,6.5,2.6,4.2,00110
57,87.0,XX.0,XXX,XX,02,  Meherpur Sadar Upazila,43133,8.0,9.2,10.3,9.0,9.1,10.1,29.8,7.4,2.6,4.4,00110
87,XX.0,XX.0,XXX,XX,02, Satkhira Zila,140572,8.1,9.7,10.5,10.3,10.5,9.8,27.9,6.6,2.4,4.4,00110
87,43.0,XX.0,XXX,XX,02,  Kalaroa Upazila,27250,8.1,9.6,10.3,10.7,9.8,9.6,28.0,6.7,2.6,4.7,00110
87,82.0,XX.0,XXX,XX,02,  Satkhira Sadar Upazila,113322,8.1,9.7,10.5,10.2,10.6,9.8,27.9,6.6,2.4,4.3,00110
42,XX.0,XX.0,XXX,XX,02, Jhalokati Zila,84834,8.6,11.5,12.2,9.7,8.5,9.2,26.0,6.7,2.8,4.9,00110
42,40.0,XX.0,XXX,XX,02,  Jhalokati Sadar Upazila,54029,8.2,11.2,11.7,10.0,8.8,9.6,27.2,6.5,2.6,4.1,00110
42,73.0,XX.0,XXX,XX,02,  Nalchity Upazila,30805,9.1,12.0,13.0,9.1,7.9,8.4,24.0,7.0,3.2,6.2,00110
78,XX.0,XX.0,XXX,XX,02, Patuakhali Zila,124144,8.3,10.0,11.2,9.9,9.2,10.0,27.6,6.9,2.6,4.3,00110
78,38.0,XX.0,XXX,XX,02,  Bauphal Upazila,11435,8.5,11.2,11.5,8.0,8.5,9.2,27.1,7.9,2.9,5.1,00110
78,38.0,XX.0,XXX,XX,02,Bauphal Paurashava,11435,8.5,11.2,11.5,8.0,8.5,9.2,27.1,7.9,2.9,5.1,00110
78,57.0,XX.0,XXX,XX,02,  Galachipa Upazila,21200,8.4,10.5,11.3,9.4,8.0,9.7,28.5,7.1,2.6,4.4,00110
78,57.0,XX.0,XXX,XX,02,Galachipa  Paurashava,21200,8.4,10.5,11.3,9.4,8.0,9.7,28.5,7.1,2.6,4.4,00110
78,66.0,XX.0,XXX,XX,02,  Kala Para Upazila,26509,9.0,10.6,11.4,8.5,8.9,10.9,27.7,6.3,2.5,4.2,00110
78,95.0,XX.0,XXX,XX,02,  Patuakhali Sadar Upazila,65000,8.0,9.5,11.0,11.0,9.8,9.8,27.3,6.8,2.7,4.1,00110
78,95.0,XX.0,XXX,XX,02,Patuakhali Paurashava,65000,8.0,9.5,11.0,11.0,9.8,9.8,27.3,6.8,2.7,4.1,00110
06,XX.0,XX.0,XXX,XX,02, Barisal Zila,447057,8.7,10.5,11.7,10.1,10.2,9.5,25.7,6.4,2.7,4.5,00110
06,7.0,XX.0,XXX,XX,02,  Bakerganj Upazila,15418,9.1,11.8,12.3,9.1,7.9,8.4,26.7,7.0,2.9,4.9,00110
06,7.0,XX.0,XXX,XX,02,Bakerganj  Paurashava,15418,9.1,11.8,12.3,9.1,7.9,8.4,26.7,7.0,2.9,4.9,00110
06,10.0,XX.0,XXX,XX,02,  Banari Para Upazila,10366,9.1,10.3,10.7,8.3,9.0,10.1,27.5,7.1,2.8,5.0,00110
06,10.0,XX.0,XXX,XX,02,Banari Para  Paurashava,10366,9.1,10.3,10.7,8.3,9.0,10.1,27.5,7.1,2.8,5.0,00110
06,32.0,XX.0,XXX,XX,02,  Gaurnadi Upazila,42438,8.8,11.6,13.0,9.4,8.9,8.6,24.7,6.7,3.0,5.2,00110
06,32.0,XX.0,XXX,XX,02,Gaurnadi  Paurashava,42438,8.8,11.6,13.0,9.4,8.9,8.6,24.7,6.7,3.0,5.2,00110
06,51.0,XX.0,XXX,XX,02,  Barisal Sadar Upazila,328278,8.4,10.0,11.2,10.5,10.8,9.9,26.2,6.3,2.6,4.2,00110
06,51.0,XX.0,XXX,XX,02,  Barisal City Corporation,328278,8.4,10.0,11.2,10.5,10.8,9.9,26.2,6.3,2.6,4.2,00110
06,62.0,XX.0,XXX,XX,02,  Mehendiganj Upazila,30067,9.8,12.6,13.2,9.5,8.5,8.1,22.4,6.9,3.4,5.5,00110
06,62.0,XX.0,XXX,XX,02,Mhendiganj  Paurashava,30067,9.8,12.6,13.2,9.5,8.5,8.1,22.4,6.9,3.4,5.5,00110
06,69.0,XX.0,XXX,XX,02,  Muladi Upazila,20490,10.8,12.6,13.5,8.3,8.2,8.7,23.6,5.8,2.9,5.6,00110
06,69.0,XX.0,XXX,XX,02,Muladi Paurashava,20490,10.8,12.6,13.5,8.3,8.2,8.7,23.6,5.8,2.9,5.6,00110
79,XX.0,XX.0,XXX,XX,02, Pirojpur Zila,98450,8.8,10.5,12.0,9.3,9.0,9.1,26.4,6.8,2.7,5.5,00110
79,58.0,XX.0,XXX,XX,02,  Mathbaria Upazila,18375,9.4,11.3,11.9,7.7,8.2,10.2,27.7,6.5,2.6,4.5,00110
79,58.0,XX.0,XXX,XX,02,Mathbaria  Paurashava,18375,9.4,11.3,11.9,7.7,8.2,10.2,27.7,6.5,2.6,4.5,00110
79,80.0,XX.0,XXX,XX,02,  Pirojpur Sadar Upazila,60056,8.7,10.4,11.5,9.1,8.9,9.2,26.9,7.1,2.7,5.5,00110
79,80.0,XX.0,XXX,XX,02,Pirojpur  Paurashava,60056,8.7,10.4,11.5,9.1,8.9,9.2,26.9,7.1,2.7,5.5,00110
79,87.0,XX.0,XXX,XX,02,  Nesarabad Upazila,20019,8.6,9.7,13.7,11.3,10.1,7.9,23.5,6.3,2.6,6.1,00110
79,87.0,XX.0,XXX,XX,02,Swarupkati  Paurashava,20019,8.6,9.7,13.7,11.3,10.1,7.9,23.5,6.3,2.6,6.1,00110
09,XX.0,XX.0,XXX,XX,02, Bhola Zila,117432,9.5,11.8,13.2,9.8,8.9,9.1,24.8,6.2,2.5,4.3,00110
09,18.0,XX.0,XXX,XX,02,  Bhola Sadar Upazila,47477,8.9,10.8,12.8,9.6,9.4,9.0,26.5,6.6,2.4,4.2,00110
09,21.0,XX.0,XXX,XX,02,  Burhanuddin Upazila,13110,10.0,11.9,13.5,10.4,8.3,9.3,23.9,6.1,2.5,4.1,00110
09,25.0,XX.0,XXX,XX,02,  Char Fasson Upazila,19595,9.6,12.2,12.6,10.0,8.5,9.5,24.3,5.8,2.6,4.8,00110
09,29.0,XX.0,XXX,XX,02,  Daulat Khan Upazila,16728,10.9,13.5,13.3,10.3,9.3,8.8,21.2,5.8,2.7,4.2,00110
09,54.0,XX.0,XXX,XX,02,  Lalmohan Upazila,20522,9.6,12.5,14.2,9.6,8.0,8.9,24.6,5.9,2.5,4.2,00110
04,XX.0,XX.0,XXX,XX,02, Barguna Zila,76927,8.6,10.4,11.1,8.9,8.2,10.3,28.8,6.7,2.6,4.5,00110
04,9.0,XX.0,XXX,XX,02,  Amtali Upazila,17311,9.1,11.3,11.4,8.5,8.0,10.4,28.5,6.3,2.5,4.0,00110
04,9.0,XX.0,XXX,XX,02,Amtali  Paurashava,17311,9.1,11.3,11.4,8.5,8.0,10.4,28.5,6.3,2.5,4.0,00110
04,28.0,XX.0,XXX,XX,02,  Barguna Sadar Upazila,32235,8.3,9.7,10.9,9.4,8.6,10.3,29.4,6.7,2.5,4.3,00110
04,28.0,XX.0,XXX,XX,02,Barguna  Paurashava,32235,8.3,9.7,10.9,9.4,8.6,10.3,29.4,6.7,2.5,4.3,00110
04,47.0,XX.0,XXX,XX,02,  Betagi Upazila,10204,8.4,10.6,11.3,9.1,7.0,9.4,28.1,7.5,3.1,5.5,00110
04,47.0,XX.0,XXX,XX,02,Betagi  Paurashava,10204,8.4,10.6,11.3,9.1,7.0,9.4,28.1,7.5,3.1,5.5,00110
04,85.0,XX.0,XXX,XX,02,  Patharghata Upazila,17177,9.0,10.9,11.2,8.2,8.3,10.5,28.2,6.5,2.4,4.7,00110
04,85.0,XX.0,XXX,XX,02,Patharghata  Paurashava,17177,9.0,10.9,11.2,8.2,8.3,10.5,28.2,6.5,2.4,4.7,00110
52,XX.0,XX.0,XXX,XX,02, Lalmonirhat Zila,90887,9.5,12.0,11.7,9.4,9.1,9.9,25.6,6.6,2.4,3.9,00110
52,55.0,XX.0,XXX,XX,02,  Lalmonirhat Sadar Upazila,60322,8.7,10.8,11.3,9.6,9.3,10.1,26.6,7.0,2.5,4.1,00110
52,55.0,XX.0,XXX,XX,02,Lalmonirhat  Paurashava,60322,8.7,10.8,11.3,9.6,9.3,10.1,26.6,7.0,2.5,4.1,00110
52,70.0,XX.0,XXX,XX,02,  Patgram Upazila,30565,11.0,14.3,12.6,9.0,8.6,9.4,23.6,5.7,2.3,3.4,00110
52,70.0,XX.0,XXX,XX,02,Patgram  Paurashava,30565,11.0,14.3,12.6,9.0,8.6,9.4,23.6,5.7,2.3,3.4,00110
77,XX.0,XX.0,XXX,XX,02, Panchagarh Zila,60376,9.1,10.8,11.3,10.5,9.9,9.8,26.7,6.3,2.2,3.3,00110
77,25.0,XX.0,XXX,XX,02,  Boda Upazila,14787,9.2,11.8,10.5,9.0,8.9,10.0,28.1,6.7,2.5,3.3,00110
77,73.0,XX.0,XXX,XX,02,  Panchagarh Sadar Upazila,45589,9.1,10.4,11.6,11.0,10.3,9.8,26.3,6.2,2.1,3.3,00110
85,XX.0,XX.0,XXX,XX,02, Rangpur Zila,387370,8.1,10.1,11.4,10.8,11.4,9.7,26.1,6.5,2.3,3.6,00110
85,3.0,XX.0,XXX,XX,02,  Badarganj Upazila,25286,9.5,11.0,10.7,9.2,8.6,9.5,27.1,7.0,2.7,4.6,00110
85,3.0,XX.0,XXX,XX,02,Badarganj  Paurashava,25286,9.5,11.0,10.7,9.2,8.6,9.5,27.1,7.0,2.7,4.6,00110
85,42.0,XX.0,XXX,XX,02,  Kaunia Upazila,61425,9.9,12.7,12.0,9.4,8.8,8.9,25.0,6.5,2.7,4.2,00110
85,42.0,XX.0,XXX,XX,02,Haragachh (Kaunia)  Paurashava,61425,9.9,12.7,12.0,9.4,8.8,8.9,25.0,6.5,2.7,4.2,00110
85,49.0,XX.0,XXX,XX,02,  Rangpur Sadar Upazila,300659,7.7,9.5,11.3,11.2,12.2,9.9,26.2,6.4,2.2,3.4,00110
49,XX.0,XX.0,XXX,XX,02, Kurigram Zila,185474,9.8,11.1,11.2,9.5,9.5,9.4,25.2,6.7,2.8,4.8,00110
49,52.0,XX.0,XXX,XX,02,  Kurigram Sadar Upazila,77252,9.3,10.3,11.2,10.9,10.8,9.8,25.2,6.2,2.5,3.8,00110
49,52.0,XX.0,XXX,XX,02,Kurigram  Paurashava,77252,9.3,10.3,11.2,10.9,10.8,9.8,25.2,6.2,2.5,3.8,00110
49,61.0,XX.0,XXX,XX,02,  Nageshwari Upazila,62289,10.7,11.8,11.4,9.4,9.0,9.4,24.3,6.6,2.6,4.8,00110
49,61.0,XX.0,XXX,XX,02,Nageshwari Paurashava,62289,10.7,11.8,11.4,9.4,9.0,9.4,24.3,6.6,2.6,4.8,00110
49,94.0,XX.0,XXX,XX,02,  Ulipur Upazila,45933,9.4,11.5,11.1,7.3,7.9,8.8,26.4,7.6,3.4,6.6,00110
49,94.0,XX.0,XXX,XX,02,Ulipur  Paurashava,45933,9.4,11.5,11.1,7.3,7.9,8.8,26.4,7.6,3.4,6.6,00110
32,XX.0,XX.0,XXX,XX,02, Gaibandha Zila,123416,9.0,10.7,11.1,8.9,9.4,9.7,27.3,7.0,2.7,4.2,00110
32,24.0,XX.0,XXX,XX,02,  Gaibandha Sadar Upazila,67833,8.6,10.2,11.4,9.9,10.2,9.3,26.8,7.0,2.6,4.0,00110
32,24.0,XX.0,XXX,XX,02,Gaibandha  Paurashava,67833,8.6,10.2,11.4,9.9,10.2,9.3,26.8,7.0,2.6,4.0,00110
32,30.0,XX.0,XXX,XX,02,  Gobindaganj Upazila,38415,9.6,11.5,10.3,7.6,8.4,10.3,28.1,7.1,2.7,4.5,00110
32,30.0,XX.0,XXX,XX,02,Gobindaganj  Paurashava,38415,9.6,11.5,10.3,7.6,8.4,10.3,28.1,7.1,2.7,4.5,00110
32,91.0,XX.0,XXX,XX,02,  Sundarganj Upazila,17168,9.3,11.4,11.4,8.2,8.4,9.9,27.5,6.8,2.9,4.3,00110
32,91.0,XX.0,XXX,XX,02,Sundarganj Paurashava,17168,9.3,11.4,11.4,8.2,8.4,9.9,27.5,6.8,2.9,4.3,00110
73,XX.0,XX.0,XXX,XX,02, Nilphamari Zila,235728,9.1,11.4,12.1,11.1,9.6,9.1,25.2,6.3,2.4,3.7,00110
73,15.0,XX.0,XXX,XX,02,  Domar Upazila,17027,9.7,12.0,11.2,8.7,8.9,9.2,26.9,6.4,2.6,4.4,00110
73,15.0,XX.0,XXX,XX,02,Domar  Paurashava,17027,9.7,12.0,11.2,8.7,8.9,9.2,26.9,6.4,2.6,4.4,00110
73,36.0,XX.0,XXX,XX,02,  Jaldhaka Upazila,46211,11.7,13.3,11.8,9.7,8.5,9.0,24.1,5.9,2.3,3.6,00110
73,36.0,XX.0,XXX,XX,02,Jaldhaka Paurashava,46211,11.7,13.3,11.8,9.7,8.5,9.0,24.1,5.9,2.3,3.6,00110
73,64.0,XX.0,XXX,XX,02,  Nilphamari Sadar Upazila,45386,8.4,10.9,11.5,11.0,10.1,9.5,25.8,6.4,2.4,3.9,00110
73,64.0,XX.0,XXX,XX,02,Nilphamari  Paurashava,45386,8.4,10.9,11.5,11.0,10.1,9.5,25.8,6.4,2.4,3.9,00110
73,85.0,XX.0,XXX,XX,02,  Saidpur Upazila,127104,8.3,10.7,12.5,12.0,9.9,9.0,25.1,6.4,2.5,3.6,00110
73,85.0,XX.0,XXX,XX,02,Saidpur  Paurashava,127104,8.3,10.7,12.5,12.0,9.9,9.0,25.1,6.4,2.5,3.6,00110
94,XX.0,XX.0,XXX,XX,02, Thakurgaon Zila,126051,8.9,10.6,11.6,10.6,9.7,9.5,27.1,6.2,2.2,3.5,00110
94,82.0,XX.0,XXX,XX,02,  Pirganj Upazila,27700,9.1,11.4,11.6,10.1,8.6,9.1,27.1,6.7,2.6,3.7,00110
94,86.0,XX.0,XXX,XX,02,  Ranisankail Upazila,17762,9.5,11.5,13.0,11.0,8.4,8.9,26.2,5.7,2.1,3.8,00110
94,94.0,XX.0,XXX,XX,02,  Thakurgaon Sadar Upazila,80589,8.7,10.1,11.2,10.8,10.4,9.8,27.3,6.1,2.2,3.4,00110
27,XX.0,XX.0,XXX,XX,02, Dinajpur Zila,393920,8.4,9.9,10.9,10.3,10.3,9.7,27.1,6.8,2.4,4.0,00110
27,10.0,XX.0,XXX,XX,02,  Birampur Upazila,45334,8.8,10.7,10.7,9.5,8.7,9.7,27.7,6.9,2.7,4.5,00110
27,10.0,XX.0,XXX,XX,02,  Birampur Paurashava,45334,8.8,10.7,10.7,9.5,8.7,9.7,27.7,6.9,2.7,4.5,00110
27,12.0,XX.0,XXX,XX,02,  Birganj Upazila,19467,9.5,10.6,12.1,10.9,8.4,9.3,27.4,5.9,2.1,3.8,00110
27,12.0,XX.0,XXX,XX,02,  Birganj  Paurashava,19467,9.5,10.6,12.1,10.9,8.4,9.3,27.4,5.9,2.1,3.8,00110
27,21.0,XX.0,XXX,XX,02,  Bochaganj Upazila,27335,9.2,10.4,10.9,9.4,8.7,9.9,28.2,6.8,2.4,4.2,00110
27,38.0,XX.0,XXX,XX,02,  Fulbari Upazila,34786,8.7,10.4,9.9,10.3,8.5,9.9,27.5,7.2,2.7,4.9,00110
27,43.0,XX.0,XXX,XX,02,  Ghoraghat Upazila,22717,9.7,12.5,12.0,8.2,8.6,9.3,25.5,6.8,2.6,4.6,00110
27,47.0,XX.0,XXX,XX,02,  Hakimpur Upazila,28411,9.0,10.6,12.4,9.1,8.9,10.2,26.7,6.7,2.5,3.7,00110
27,64.0,XX.0,XXX,XX,02,  Dinajpur Sadar Upazila,186727,7.7,9.0,10.7,11.1,12.1,9.8,26.8,6.8,2.3,3.7,00110
27,77.0,XX.0,XXX,XX,02,  Parbatipur Upazila,29143,8.6,10.2,11.2,9.7,8.9,9.3,28.5,7.4,2.6,3.6,00110
10,XX.0,XX.0,XXX,XX,02, Bogra Zila,624082,8.4,9.9,10.3,9.9,10.8,10.4,27.7,6.4,2.3,3.7,00110
10,6.0,XX.0,XXX,XX,02,  Adamdighi Upazila,31037,8.7,8.9,9.6,9.7,9.5,10.0,28.5,7.5,2.7,4.7,00110
10,6.0,XX.0,XXX,XX,02,  Santahar Paurashava,31037,8.7,8.9,9.6,9.7,9.5,10.0,28.5,7.5,2.7,4.7,00110
10,20.0,XX.0,XXX,XX,02,  Bogra Sadar Upazila,350397,8.0,9.6,10.5,10.7,11.5,10.3,27.3,6.4,2.2,3.4,00110
10,20.0,XX.0,XXX,XX,02,Bogra  Paurashava,350397,8.0,9.6,10.5,10.7,11.5,10.3,27.3,6.4,2.2,3.4,00110
10,27.0,XX.0,XXX,XX,02,  Dhunat Upazila,14206,9.4,11.7,11.1,7.9,7.7,9.3,28.9,6.6,2.5,4.7,00110
10,27.0,XX.0,XXX,XX,02,Dhunat Paurashava,14206,9.4,11.7,11.1,7.9,7.7,9.3,28.9,6.6,2.5,4.7,00110
10,33.0,XX.0,XXX,XX,02,  Dhupchanchia Upazila,22406,9.0,10.2,10.0,8.6,9.4,10.8,29.4,6.2,2.4,4.0,00110
10,33.0,XX.0,XXX,XX,02,Dhupchanchia  Paurashava,22406,9.0,10.2,10.0,8.6,9.4,10.8,29.4,6.2,2.4,4.0,00110
10,40.0,XX.0,XXX,XX,02,  Gabtali Upazila,21455,10.0,10.7,9.7,8.7,9.0,9.8,26.2,7.4,3.1,5.6,00110
10,40.0,XX.0,XXX,XX,02,Gabtali Paurashava,21455,10.0,10.7,9.7,8.7,9.0,9.8,26.2,7.4,3.1,5.6,00110
10,54.0,XX.0,XXX,XX,02,  Kahaloo Upazila,13887,9.3,10.4,9.9,8.7,10.0,11.3,26.8,6.7,2.4,4.4,00110
10,54.0,XX.0,XXX,XX,02,Kahaloo Paurashava,13887,9.3,10.4,9.9,8.7,10.0,11.3,26.8,6.7,2.4,4.4,00110
10,67.0,XX.0,XXX,XX,02,  Nandigram Upazila,18496,8.7,11.3,11.0,9.1,10.2,10.8,27.7,5.8,2.2,3.3,00110
10,67.0,XX.0,XXX,XX,02,Nandigram Paurashava,18496,8.7,11.3,11.0,9.1,10.2,10.8,27.7,5.8,2.2,3.3,00110
10,81.0,XX.0,XXX,XX,02,  Sariakandi Upazila,18543,10.3,11.4,11.3,8.3,8.8,9.6,26.2,7.0,2.6,4.4,00110
10,81.0,XX.0,XXX,XX,02,Sariakandi  Paurashava,18543,10.3,11.4,11.3,8.3,8.8,9.6,26.2,7.0,2.6,4.4,00110
10,85.0,XX.0,XXX,XX,02,  Shajahanpur Upazila,62140,8.2,9.4,9.8,9.3,12.0,12.1,29.3,5.1,1.9,2.9,00110
10,88.0,XX.0,XXX,XX,02,  Sherpur Upazila,25152,7.3,9.6,10.0,9.7,8.8,10.2,30.6,6.9,2.5,4.4,00110
10,88.0,XX.0,XXX,XX,02,Sherpur  Paurashava,25152,7.3,9.6,10.0,9.7,8.8,10.2,30.6,6.9,2.5,4.4,00110
10,94.0,XX.0,XXX,XX,02,  Shibganj Upazila,21643,9.5,10.4,10.2,8.5,9.9,10.1,27.2,7.3,2.6,4.3,00110
10,94.0,XX.0,XXX,XX,02,Shibganj Paurashava,21643,9.5,10.4,10.2,8.5,9.9,10.1,27.2,7.3,2.6,4.3,00110
10,95.0,XX.0,XXX,XX,02,  Sonatola Upazila,24720,10.5,12.2,10.0,8.2,8.4,9.9,26.3,7.2,2.6,4.9,00110
10,95.0,XX.0,XXX,XX,02,Sonatola Paurashava,24720,10.5,12.2,10.0,8.2,8.4,9.9,26.3,7.2,2.6,4.9,00110
88,XX.0,XX.0,XXX,XX,02, Sirajganj Zila,376432,9.4,11.6,11.3,9.8,10.1,9.6,24.9,6.5,2.7,4.1,00110
88,11.0,XX.0,XXX,XX,02,  Belkuchi Upazila,75364,10.5,13.2,11.1,9.4,9.9,9.9,23.1,5.9,2.7,4.2,00110
88,11.0,XX.0,XXX,XX,02,Belkuchi Paurashava,75364,10.5,13.2,11.1,9.4,9.9,9.9,23.1,5.9,2.7,4.2,00110
88,50.0,XX.0,XXX,XX,02,  Kazipur Upazila,12637,9.6,12.5,10.9,7.0,6.6,7.2,27.5,8.4,4.2,6.0,00110
88,50.0,XX.0,XXX,XX,02,Kazipur  Paurashava,12637,9.6,12.5,10.9,7.0,6.6,7.2,27.5,8.4,4.2,6.0,00110
88,61.0,XX.0,XXX,XX,02,  Royganj Upazila,17318,9.3,11.8,10.8,8.6,9.1,9.4,26.9,6.7,2.7,4.9,00110
88,61.0,XX.0,XXX,XX,02,Royganj Paurashava,17318,9.3,11.8,10.8,8.6,9.1,9.4,26.9,6.7,2.7,4.9,00110
88,67.0,XX.0,XXX,XX,02,  Shahjadpur Upazila,64507,9.9,11.3,10.9,9.8,10.2,9.9,24.8,6.2,2.8,4.1,00110
88,67.0,XX.0,XXX,XX,02,Shahjadpur  Paurashava,64507,9.9,11.3,10.9,9.8,10.2,9.9,24.8,6.2,2.8,4.1,00110
88,78.0,XX.0,XXX,XX,02,  Sirajganj Sadar Upazila,158913,8.8,10.8,11.5,10.1,10.8,9.7,25.1,6.7,2.6,3.9,00110
88,78.0,XX.0,XXX,XX,02,Sirajganj  Paurashava,158913,8.8,10.8,11.5,10.1,10.8,9.7,25.1,6.7,2.6,3.9,00110
88,94.0,XX.0,XXX,XX,02,  Ullah Para Upazila,47693,9.3,11.8,11.2,10.8,9.2,9.3,25.2,6.6,2.5,4.1,00110
88,94.0,XX.0,XXX,XX,02,Ullah Para  Paurashava,47693,9.3,11.8,11.2,10.8,9.2,9.3,25.2,6.6,2.5,4.1,00110
81,XX.0,XX.0,XXX,XX,02, Rajshahi Zila,830649,7.7,9.2,10.4,10.8,11.7,10.2,27.1,6.5,2.5,4.0,00110
81,10.0,XX.0,XXX,XX,02,  Bagha Upazila,44173,8.0,9.9,10.4,9.1,9.2,9.9,28.4,6.9,2.9,5.4,00110
81,12.0,XX.0,XXX,XX,02,  Baghmara Upazila,35899,7.7,9.7,10.5,8.6,9.3,10.7,29.5,6.5,2.7,4.8,00110
81,22.0,XX.0,XXX,XX,02,  Boalia Thana,221163,6.5,7.8,9.7,12.5,13.2,10.2,27.0,6.8,2.4,3.7,00110
81,25.0,XX.0,XXX,XX,02,  Charghat Upazila,38409,7.9,9.2,10.2,10.9,9.3,11.4,27.2,6.6,2.5,4.7,00110
81,25.0,XX.0,XXX,XX,02,  Charghat Upazila,38409,7.9,9.2,10.2,10.9,9.3,11.4,27.2,6.6,2.5,4.7,00110
81,25.0,XX.0,XXX,XX,02,Charghat  Paurashava,38409,7.9,9.2,10.2,10.9,9.3,11.4,27.2,6.6,2.5,4.7,00110
81,31.0,XX.0,XXX,XX,02,  Durgapur Upazila,26671,7.8,9.4,10.2,8.8,8.6,10.7,30.0,6.6,2.5,5.4,00110
81,31.0,XX.0,XXX,XX,02,Durgapur  Paurashava,26671,7.8,9.4,10.2,8.8,8.6,10.7,30.0,6.6,2.5,5.4,00110
81,34.0,XX.0,XXX,XX,02,  Godagari Upazila,56335,10.1,12.0,12.3,10.0,9.3,8.6,24.7,6.4,2.5,4.1,00110
81,40.0,XX.0,XXX,XX,02,  Matihar Thana,62172,6.9,8.0,9.6,12.1,21.2,10.0,22.3,4.9,1.9,3.0,00110
81,53.0,XX.0,XXX,XX,02,  Mohanpur Upazila,19645,8.2,10.1,11.2,8.7,9.8,10.6,28.2,5.8,2.5,4.8,00110
81,53.0,XX.0,XXX,XX,02,Kesharhat  Paurashava,19645,8.2,10.1,11.2,8.7,9.8,10.6,28.2,5.8,2.5,4.8,00110
81,72.0,XX.0,XXX,XX,02,  Paba Upazila,85732,8.6,10.4,10.9,9.5,10.0,10.7,27.4,6.2,2.4,4.1,00110
81,82.0,XX.0,XXX,XX,02,  Puthia Upazila,20610,8.5,9.8,10.2,8.7,9.3,10.2,29.2,6.9,2.6,4.6,00110
81,82.0,XX.0,XXX,XX,02,Puthia  Paurashava,20610,8.5,9.8,10.2,8.7,9.3,10.2,29.2,6.9,2.6,4.6,00110
81,85.0,XX.0,XXX,XX,02,  Rajpara Thana,137318,7.4,8.7,10.5,11.0,11.4,10.1,28.0,6.9,2.5,3.6,00110
81,90.0,XX.0,XXX,XX,02,  Shah Makhdum Thana,29103,7.5,8.8,11.0,11.8,11.1,10.7,26.6,6.8,2.6,3.3,00110
81,94.0,XX.0,XXX,XX,02,  Tanore Upazila,53419,8.9,10.7,11.0,9.4,9.7,10.0,27.1,6.3,2.8,4.0,00110
64,XX.0,XX.0,XXX,XX,02, Naogaon Zila,187225,7.9,9.5,9.9,9.6,9.9,10.3,29.2,7.0,2.6,4.1,00110
64,28.0,XX.0,XXX,XX,02,  Dhamoirhat Upazila,15006,8.3,10.5,10.4,8.7,8.3,9.5,30.2,7.1,3.0,4.0,00110
64,28.0,XX.0,XXX,XX,02,Dhamoirhat  Paurashava,15006,8.3,10.5,10.4,8.7,8.3,9.5,30.2,7.1,3.0,4.0,00110
64,60.0,XX.0,XXX,XX,02,  Naogaon Sadar Upazila,150549,7.9,9.5,9.9,9.7,10.2,10.3,28.8,7.0,2.5,4.2,00110
64,60.0,XX.0,XXX,XX,02,Naogaon  Paurashava,150549,7.9,9.5,9.9,9.7,10.2,10.3,28.8,7.0,2.5,4.2,00110
64,75.0,XX.0,XXX,XX,02,  Patnitala Upazila,21670,7.6,9.4,9.3,9.6,8.9,10.7,31.1,6.6,2.6,4.2,00110
64,75.0,XX.0,XXX,XX,02,Nozipur  Paurashava,21670,7.6,9.4,9.3,9.6,8.9,10.7,31.1,6.6,2.6,4.2,00110
76,XX.0,XX.0,XXX,XX,02, Pabna Zila,387675,8.9,10.6,10.7,9.4,10.0,9.9,26.7,6.7,2.7,4.5,00110
76,5.0,XX.0,XXX,XX,02,  Atgharia Upazila,13686,8.7,10.4,11.0,7.9,9.7,10.5,26.7,6.9,3.0,5.1,00110
76,5.0,XX.0,XXX,XX,02,Atgharia  Paurashava,13686,8.7,10.4,11.0,7.9,9.7,10.5,26.7,6.9,3.0,5.1,00110
76,16.0,XX.0,XXX,XX,02,  Bera Upazila,50068,11.0,12.9,12.2,9.2,9.3,9.2,23.2,6.0,2.4,4.8,00110
76,16.0,XX.0,XXX,XX,02,Bera  Paurashava,50068,11.0,12.9,12.2,9.2,9.3,9.2,23.2,6.0,2.4,4.8,00110
76,19.0,XX.0,XXX,XX,02,  Bhangura Upazila,20606,10.1,11.1,11.4,9.4,9.4,9.4,25.9,6.4,2.6,4.2,00110
76,19.0,XX.0,XXX,XX,02,Bhangura  Paurashava,20606,10.1,11.1,11.4,9.4,9.4,9.4,25.9,6.4,2.6,4.2,00110
76,22.0,XX.0,XXX,XX,02,  Chatmohar Upazila,14443,8.3,10.2,10.1,10.0,8.3,9.4,29.3,7.0,2.4,4.9,00110
76,22.0,XX.0,XXX,XX,02,Chatmohar  Paurashava,14443,8.3,10.2,10.1,10.0,8.3,9.4,29.3,7.0,2.4,4.9,00110
76,33.0,XX.0,XXX,XX,02,  Faridpur Upazila,14010,9.5,11.5,10.8,8.6,8.7,9.3,26.7,7.1,2.7,5.2,00110
76,33.0,XX.0,XXX,XX,02,Faridpur  Paurashava,14010,9.5,11.5,10.8,8.6,8.7,9.3,26.7,7.1,2.7,5.2,00110
76,39.0,XX.0,XXX,XX,02,  Ishwardi Upazila,66255,8.2,9.8,10.6,9.9,10.4,9.9,26.8,7.2,2.9,4.2,00110
76,39.0,XX.0,XXX,XX,02,Ishwardi  Paurashava,66255,8.2,9.8,10.6,9.9,10.4,9.9,26.8,7.2,2.9,4.2,00110
76,55.0,XX.0,XXX,XX,02,  Pabna Sadar Upazila,144442,7.7,9.2,9.9,9.8,10.9,10.4,28.6,6.8,2.6,4.2,00110
76,55.0,XX.0,XXX,XX,02,Pabna  Paurashava,144442,7.7,9.2,9.9,9.8,10.9,10.4,28.6,6.8,2.6,4.2,00110
76,72.0,XX.0,XXX,XX,02,  Santhia Upazila,38704,10.3,12.3,10.9,8.5,8.9,9.9,25.1,6.7,2.9,4.6,00110
76,72.0,XX.0,XXX,XX,02,Santhia  Paurashava,38704,10.3,12.3,10.9,8.5,8.9,9.9,25.1,6.7,2.9,4.6,00110
76,83.0,XX.0,XXX,XX,02,  Sujanagar Upazila,25461,11.0,12.9,11.1,7.8,8.9,9.3,24.8,6.3,2.8,5.1,00110
76,83.0,XX.0,XXX,XX,02,Sujanagar  Paurashava,25461,11.0,12.9,11.1,7.8,8.9,9.3,24.8,6.3,2.8,5.1,00110
70,XX.0,XX.0,XXX,XX,02, Chapai Nawabganj Zila,275729,9.3,10.8,11.8,10.6,9.5,8.7,25.5,6.6,2.7,4.6,00110
70,37.0,XX.0,XXX,XX,02,  Gomastapur Upazila,34941,9.3,10.8,11.9,10.6,9.4,9.2,26.7,6.2,2.3,3.7,00110
70,37.0,XX.0,XXX,XX,02,Rahanpur Paurashava,34941,9.3,10.8,11.9,10.6,9.4,9.2,26.7,6.2,2.3,3.7,00110
70,56.0,XX.0,XXX,XX,02,  Nachole Upazila,17364,9.3,11.2,12.1,9.7,9.8,8.9,25.5,6.5,2.4,4.5,00110
70,56.0,XX.0,XXX,XX,02,Nachole Paurashava,17364,9.3,11.2,12.1,9.7,9.8,8.9,25.5,6.5,2.4,4.5,00110
70,66.0,XX.0,XXX,XX,02,  Chapai Nawabganj Sadar Upazila,180731,9.2,10.6,11.8,10.8,9.5,8.5,25.2,6.7,2.8,4.8,00110
70,66.0,XX.0,XXX,XX,02,Chapai Nababganj Paurashava,180731,9.2,10.6,11.8,10.8,9.5,8.5,25.2,6.7,2.8,4.8,00110
70,88.0,XX.0,XXX,XX,02,  Shibganj Upazila,42693,9.3,11.3,11.7,9.8,9.3,9.4,25.7,6.6,2.5,4.4,00110
70,88.0,XX.0,XXX,XX,02,Shibganj Paurashava,42693,9.3,11.3,11.7,9.8,9.3,9.4,25.7,6.6,2.5,4.4,00110
69,XX.0,XX.0,XXX,XX,02, Natore Zila,228008,8.1,9.9,10.0,9.3,9.6,10.2,28.6,7.0,2.7,4.8,00110
69,9.0,XX.0,XXX,XX,02,  Bagatipara Upazila,9975,7.5,10.1,10.2,8.7,8.6,10.1,29.2,6.9,2.9,6.0,00110
69,9.0,XX.0,XXX,XX,02,Bagatipara  Paurashava,9975,7.5,10.1,10.2,8.7,8.6,10.1,29.2,6.9,2.9,6.0,00110
69,15.0,XX.0,XXX,XX,02,  Baraigram Upazila,39523,8.7,10.2,9.9,9.0,9.1,10.2,28.1,6.9,2.6,5.3,00110
69,41.0,XX.0,XXX,XX,02,  Gurudaspur Upazila,32807,8.6,11.1,10.1,9.2,8.7,10.2,28.0,6.7,2.8,4.6,00110
69,41.0,XX.0,XXX,XX,02,Gurudaspur  Paurashava,32807,8.6,11.1,10.1,9.2,8.7,10.2,28.0,6.7,2.8,4.6,00110
69,44.0,XX.0,XXX,XX,02,  Lalpur Upazila,21042,8.4,10.0,9.4,8.4,8.9,10.4,28.7,7.7,2.8,5.3,00110
69,44.0,XX.0,XXX,XX,02,Gopalpur (Lalpur)  Paurashava,21042,8.4,10.0,9.4,8.4,8.9,10.4,28.7,7.7,2.8,5.3,00110
69,63.0,XX.0,XXX,XX,02,  Natore Sadar Upazila,91469,7.4,9.0,9.9,9.4,10.4,10.2,29.5,7.2,2.6,4.4,00110
69,91.0,XX.0,XXX,XX,02,  Singra Upazila,33192,8.4,10.7,10.8,10.0,9.3,9.9,27.0,6.6,2.8,4.6,00110
69,91.0,XX.0,XXX,XX,02,Singra  Paurashava,33192,8.4,10.7,10.8,10.0,9.3,9.9,27.0,6.6,2.8,4.6,00110
38,XX.0,XX.0,XXX,XX,02, Joypurhat Zila,132199,8.0,9.5,10.0,9.1,9.7,10.1,29.4,7.1,2.7,4.3,00110
38,13.0,XX.0,XXX,XX,02,  Akkelpur Upazila,24227,8.8,10.0,9.9,8.4,8.7,9.4,29.4,7.2,3.1,5.1,00110
38,13.0,XX.0,XXX,XX,02,Akkelpur  Paurashava,24227,8.8,10.0,9.9,8.4,8.7,9.4,29.4,7.2,3.1,5.1,00110
38,47.0,XX.0,XXX,XX,02,  Joypurhat Sadar Upazila,69033,7.7,9.0,10.1,9.8,10.6,10.1,29.3,6.9,2.5,4.0,00110
38,47.0,XX.0,XXX,XX,02,Joypurhat  Paurashava,69033,7.7,9.0,10.1,9.8,10.6,10.1,29.3,6.9,2.5,4.0,00110
38,58.0,XX.0,XXX,XX,02,  Kalai Upazila,16464,8.5,10.2,9.9,7.8,8.9,11.8,28.3,7.3,2.8,4.5,00110
38,58.0,XX.0,XXX,XX,02,Kalai  Paurashava,16464,8.5,10.2,9.9,7.8,8.9,11.8,28.3,7.3,2.8,4.5,00110
38,74.0,XX.0,XXX,XX,02,  Panchbibi Upazila,22475,8.0,9.8,10.0,8.4,8.7,9.7,30.5,7.5,2.9,4.5,00110
38,74.0,XX.0,XXX,XX,02,Panchbibi  Paurashava,22475,8.0,9.8,10.0,8.4,8.7,9.7,30.5,7.5,2.9,4.5,00110
13,XX.0,XX.0,XXX,XX,02, Chandpur Zila,409291,10.4,12.0,12.1,10.2,9.4,8.9,23.2,6.3,2.7,4.9,00110
13,22.0,XX.0,XXX,XX,02,  Chandpur Sadar Upazila,159021,10.3,11.2,12.0,10.2,9.8,9.3,24.1,6.4,2.5,4.3,00110
13,45.0,XX.0,XXX,XX,02,  Faridganj Upazila,35090,10.7,12.9,12.7,10.5,8.9,8.2,21.5,6.1,3.0,5.6,00110
13,49.0,XX.0,XXX,XX,02,  Hajiganj Upazila,63892,10.4,12.7,12.3,11.2,9.6,9.4,22.1,5.5,2.4,4.3,00110
13,58.0,XX.0,XXX,XX,02,  Kachua Upazila,27024,11.1,14.1,13.5,10.5,9.7,8.2,20.5,5.4,2.4,4.7,00110
13,76.0,XX.0,XXX,XX,02,  Matlab Upazila,59286,10.7,11.7,11.4,9.0,8.4,8.0,24.5,7.4,3.1,5.8,00110
13,79.0,XX.0,XXX,XX,02,  Matlab Uttar Upazila,36691,9.5,11.8,12.1,9.5,9.0,8.4,23.2,6.7,3.5,6.3,00110
13,95.0,XX.0,XXX,XX,02,  Shahrasti Upazila,28287,10.4,12.3,11.9,10.3,9.5,9.0,22.5,6.0,2.8,5.2,00110
03,XX.0,XX.0,XXX,XX,02, Bandarban Zila,61574,9.6,12.0,12.7,10.2,10.8,10.2,24.7,5.0,1.8,2.9,00110
03,4.0,XX.0,XXX,XX,02,  Alikadam Upazila,763,2.6,2.5,1.3,3.3,24.9,20.4,43.3,1.6,0.1,0.0,00110
03,4.0,31.0,XXX,XX,02,  Alikadam Union,763,2.6,2.5,1.3,3.3,24.9,20.4,43.3,1.6,0.1,0.0,00110
03,14.0,XX.0,XXX,XX,02,  Bandarban Sadar Upazila,41434,9.2,11.4,12.4,10.6,11.1,10.4,25.4,5.1,1.8,2.5,00110
03,51.0,XX.0,XXX,XX,02,  Lama Upazila,19014,10.9,13.8,14.1,9.7,9.6,9.2,21.9,5.0,2.1,3.7,00110
03,91.0,XX.0,XXX,XX,02,  Ruma Upazila,363,1.4,1.1,0.8,2.5,20.7,17.6,48.5,6.9,0.0,0.6,00110
03,91.0,76.0,XXX,XX,02,  Ruma Union,363,1.4,1.1,0.8,2.5,20.7,17.6,48.5,6.9,0.0,0.6,00110
19,XX.0,XX.0,XXX,XX,02, Comilla Zila,707597,10.2,12.4,12.1,10.4,10.0,9.6,23.3,5.6,2.3,4.0,00110
19,9.0,XX.0,XXX,XX,02,  Barura Upazila,49126,10.1,13.3,13.3,10.3,9.3,8.8,21.2,5.8,2.7,5.3,00110
19,27.0,XX.0,XXX,XX,02,  Chandina Upazila,46823,11.8,13.1,12.1,9.9,9.5,9.7,22.2,5.7,2.3,3.7,00110
19,31.0,XX.0,XXX,XX,02,  Chauddagram Upazila,38317,11.4,13.0,12.4,10.3,9.6,9.0,20.9,5.5,2.7,5.1,00110
19,33.0,XX.0,XXX,XX,02,  Comilla Sadar Dakshin Upazila,103710,10.2,11.9,11.7,11.7,10.9,10.0,22.6,5.1,2.1,3.8,00110
19,36.0,XX.0,XXX,XX,02,  Daudkandi Upazila,46256,11.8,13.3,10.9,9.3,9.5,9.7,22.9,5.7,2.5,4.4,00110
19,40.0,XX.0,XXX,XX,02,  Debidwar Upazila,61418,12.3,14.4,13.5,10.1,8.8,8.3,20.9,5.4,2.3,4.0,00110
19,54.0,XX.0,XXX,XX,02,  Homna Upazila,29173,11.5,14.6,12.2,9.4,9.0,8.3,21.6,6.1,2.7,4.5,00110
19,67.0,XX.0,XXX,XX,02,  Comilla Adarsha Sadar Upazila,235423,8.6,10.6,11.5,10.4,10.8,10.3,26.5,5.9,2.1,3.2,00110
19,72.0,XX.0,XXX,XX,02,  Laksam Upazila,70632,10.7,13.2,12.4,10.7,9.6,9.1,22.0,5.7,2.5,4.3,00110
19,87.0,XX.0,XXX,XX,02,  Nangalkot Upazila,26719,11.7,14.6,13.0,10.1,8.9,8.9,19.7,5.4,2.6,5.2,00110
12,XX.0,XX.0,XXX,XX,02, Brahmanbaria Zila,301852,11.9,13.6,12.5,9.8,9.3,8.8,22.0,5.6,2.5,3.9,00110
12,2.0,XX.0,XXX,XX,02,  Akhaura Upazila,36262,11.7,13.0,12.3,9.9,9.2,8.4,22.6,6.3,2.6,4.0,00110
12,13.0,XX.0,XXX,XX,02,  Brahmanbaria Sadar Upazila,172017,11.7,13.2,12.5,9.9,9.7,9.0,22.6,5.4,2.3,3.6,00110
12,63.0,XX.0,XXX,XX,02,  Kasba Upazila,40416,12.4,14.8,13.1,10.0,8.6,8.5,20.2,5.4,2.6,4.4,00110
12,85.0,XX.0,XXX,XX,02,  Nabinagar Upazila,53157,12.5,14.6,12.2,9.5,8.5,8.3,21.3,5.6,2.8,4.5,00110
51,XX.0,XX.0,XXX,XX,02, Lakshmipur Zila,182659,10.5,12.4,12.5,10.6,9.1,8.9,22.8,5.8,2.6,4.8,00110
51,43.0,XX.0,XXX,XX,02,  Lakshmipur Sadar Upazila,83112,10.2,11.9,12.2,11.0,9.6,9.3,23.3,5.9,2.4,4.3,00110
51,58.0,XX.0,XXX,XX,02,  Roypur Upazila,30756,10.3,12.1,12.6,10.6,9.4,9.0,23.0,5.5,2.7,4.9,00110
51,65.0,XX.0,XXX,XX,02,  Ramganj Upazila,44775,10.6,12.2,12.8,10.6,8.6,8.4,22.3,6.0,2.7,5.7,00110
51,73.0,XX.0,XXX,XX,02,  Ramgati Upazila,24016,11.7,14.8,13.0,9.3,8.3,8.5,21.7,5.5,2.9,4.4,00110
46,XX.0,XX.0,XXX,XX,02, Khagrachhari Zila,96045,9.6,11.6,12.8,10.4,9.4,9.6,25.2,5.7,2.1,3.7,00110
46,49.0,XX.0,XXX,XX,02,  Khagrachhari Sadar Upazila,47278,8.7,10.5,12.1,10.6,9.5,10.1,28.0,5.8,1.8,2.8,00110
46,70.0,XX.0,XXX,XX,02,  Matiranga Upazila,23913,11.1,13.0,14.1,9.8,9.1,9.2,21.7,5.1,2.4,4.4,00110
46,80.0,XX.0,XXX,XX,02,  Ramgarh Upazila,24854,10.0,12.1,12.9,10.4,9.3,9.3,23.2,6.0,2.3,4.6,00110
22,XX.0,XX.0,XXX,XX,02, Cox's Bazar Zila,292523,11.3,12.9,12.1,10.9,11.3,10.8,22.0,4.5,1.7,2.6,00110
22,16.0,XX.0,XXX,XX,02,  Chakoria Upazila,72669,11.9,14.8,14.3,11.0,9.5,8.6,20.1,4.8,1.8,3.1,00110
22,24.0,XX.0,XXX,XX,02,  Cox's Bazar Sadar Upazila,167477,10.9,11.8,11.0,10.8,12.2,11.9,23.3,4.4,1.6,2.2,00110
22,49.0,XX.0,XXX,XX,02,  Maheshkhali Upazila,27321,11.4,13.8,12.9,11.1,9.9,9.4,20.3,5.2,2.2,3.7,00110
22,90.0,XX.0,XXX,XX,02,  Teknaf Upazila,25056,12.8,13.5,12.0,10.7,11.7,11.2,20.3,4.0,1.7,2.2,00110
15,XX.0,XX.0,XXX,XX,02, Chittagong Zila,2971102,8.8,10.0,10.5,11.4,12.7,11.5,25.1,5.3,2.0,2.6,00110
15,6.0,XX.0,XXX,XX,02,  Bayejid Bostami Thana,211355,9.4,10.3,10.3,11.8,13.7,12.2,24.0,4.4,1.7,2.2,00110
15,8.0,XX.0,XXX,XX,02,  Banshkhali Upazila,36910,12.4,14.4,13.3,9.2,8.2,8.3,21.1,6.0,2.6,4.4,00110
15,10.0,XX.0,XXX,XX,02,  Bakalia Thana,262703,9.8,11.1,11.3,11.5,12.3,11.1,23.9,4.9,1.8,2.2,00110
15,18.0,XX.0,XXX,XX,02,  Chandanaish  Upazila,35248,10.7,12.5,13.3,11.5,9.3,8.1,21.3,6.0,2.7,4.7,00110
15,19.0,XX.0,XXX,XX,02,  Chandgaon Thana,256411,8.7,9.6,10.3,12.2,14.1,12.1,23.8,4.8,1.9,2.5,00110
15,20.0,XX.0,XXX,XX,02,  Chittagong Port Thana,208260,7.8,8.4,8.6,12.3,16.5,14.4,24.9,4.1,1.4,1.7,00110
15,28.0,XX.0,XXX,XX,02,  Double Mooring Thana,361154,8.4,9.6,10.1,11.1,12.6,12.0,26.7,5.5,1.9,2.2,00110
15,35.0,XX.0,XXX,XX,02,  Halishahar Thana,151515,9.2,10.5,10.6,10.5,11.5,11.2,25.9,5.6,2.2,2.9,00110
15,37.0,XX.0,XXX,XX,02,  Hathazari Upazila,60,0.0,0.0,0.0,0.0,33.3,20.0,45.0,1.7,0.0,0.0,00110
15,41.0,XX.0,XXX,XX,02,  Kotwali Thana,319972,6.7,8.1,10.0,10.9,12.1,11.0,28.4,7.1,2.3,3.4,00110
15,43.0,XX.0,XXX,XX,02,  Khulshi Thana,278623,8.8,10.1,10.6,11.0,12.8,12.0,25.6,5.2,1.9,2.2,00110
15,53.0,XX.0,XXX,XX,02,  Mirsharai Upazila,27820,9.7,11.5,11.9,11.0,10.1,8.9,23.5,6.3,2.7,4.5,00110
15,55.0,XX.0,XXX,XX,02,  Pahartali Thana,190637,9.3,10.1,10.0,11.1,12.6,12.1,25.4,5.2,1.9,2.4,00110
15,57.0,XX.0,XXX,XX,02,  Panchlaish Thana,219132,8.8,10.0,11.0,12.0,12.7,11.3,24.8,5.3,1.8,2.4,00110
15,61.0,XX.0,XXX,XX,02,  Patiya Upazila,55323,9.5,11.2,12.0,12.3,11.5,9.5,22.8,5.4,2.1,3.6,00110
15,65.0,XX.0,XXX,XX,02,  Patenga Thana,132677,9.2,10.2,9.7,11.3,14.1,12.9,24.6,4.6,1.5,2.0,00110
15,70.0,XX.0,XXX,XX,02,  Rangunia Upazila,32641,9.7,12.1,13.0,11.1,9.3,8.6,23.1,6.2,2.5,4.3,00110
15,74.0,XX.0,XXX,XX,02,  Raozan Upazila,59148,9.0,10.8,11.7,11.4,10.3,9.4,23.8,6.3,2.7,4.6,00110
15,78.0,XX.0,XXX,XX,02,  Sandwip Upazila,41365,10.8,13.7,13.1,10.4,8.9,7.9,20.6,6.0,3.2,5.2,00110
15,82.0,XX.0,XXX,XX,02,  Satkania Upazila,45001,11.5,13.2,13.9,10.8,8.6,7.7,21.2,5.9,2.8,4.4,00110
15,86.0,XX.0,XXX,XX,02,  Sitakunda Upazila,45147,9.3,11.1,11.6,11.3,9.9,9.4,24.2,6.2,2.5,4.4,00110
84,XX.0,XX.0,XXX,XX,02, Rangamati Zila,97807,8.4,10.6,12.1,10.7,10.2,10.6,26.1,5.9,2.1,3.3,00110
84,7.0,XX.0,XXX,XX,02,  Baghaichhari Upazila,13807,9.0,12.2,13.1,9.5,9.0,10.3,24.4,5.7,2.8,4.2,00110
84,87.0,XX.0,XXX,XX,02,  Rangamati Sadar Upazila,84000,8.3,10.3,11.9,10.9,10.4,10.7,26.4,5.9,2.0,3.2,00110
30,XX.0,XX.0,XXX,XX,02, Feni Zila,283785,10.6,12.3,12.6,10.9,9.9,9.6,22.5,5.4,2.4,4.0,00110
30,14.0,XX.0,XXX,XX,02,  Chhagalnaiya Upazila,45177,10.8,12.4,12.5,11.0,9.3,8.9,21.1,6.0,3.1,5.1,00110
30,25.0,XX.0,XXX,XX,02,  Daganbhuiyan Upazila,32080,10.5,12.3,12.9,11.3,9.4,9.0,22.4,5.3,2.4,4.6,00110
30,29.0,XX.0,XXX,XX,02,  Feni Sadar Upazila,156971,10.4,11.9,12.4,11.0,10.3,10.1,23.5,5.1,2.1,3.2,00110
30,51.0,XX.0,XXX,XX,02,  Parshuram Upazila,29691,11.0,13.3,12.2,10.2,9.2,8.5,21.3,6.4,2.9,5.0,00110
30,94.0,XX.0,XXX,XX,02,  Sonagazi Upazila,19866,11.0,13.2,14.0,10.6,9.6,8.8,20.0,5.3,2.5,4.9,00110
75,XX.0,XX.0,XXX,XX,02, Noakhali Zila,364460,10.4,12.6,13.1,11.2,9.9,8.8,21.7,5.6,2.5,4.3,00110
75,7.0,XX.0,XXX,XX,02,  Begumganj Upazila,80001,10.5,12.4,13.0,11.0,10.3,9.0,21.9,5.4,2.4,4.0,00110
75,10.0,XX.0,XXX,XX,02,  Chatkhil Upazila,31395,10.4,12.4,13.7,11.2,9.3,8.6,21.0,5.6,2.7,5.1,00110
75,21.0,XX.0,XXX,XX,02,  Companiganj Upazila,29877,11.2,13.7,13.6,10.8,9.0,9.1,21.3,5.1,2.3,4.0,00110
75,36.0,XX.0,XXX,XX,02,  Hatiya Upazila,44802,12.8,15.4,13.1,9.5,7.9,8.0,20.9,5.6,2.6,4.1,00110
75,47.0,XX.0,XXX,XX,02,  Kabirhat Upazila,17448,11.1,14.7,14.5,10.8,8.5,7.7,19.4,5.8,2.6,4.8,00110
75,80.0,XX.0,XXX,XX,02,  Senbagh Upazila,19065,10.5,12.8,13.2,11.4,9.1,8.5,20.5,5.6,3.0,5.4,00110
75,83.0,XX.0,XXX,XX,02,  Sonaimuri Upazila,34218,10.9,13.8,14.1,10.9,9.3,8.4,19.3,5.5,2.7,5.0,00110
75,87.0,XX.0,XXX,XX,02,  Noakhali Sadar Upazila,107654,8.9,10.5,12.3,12.5,11.4,9.1,23.3,5.9,2.2,3.8,00110
29,XX.0,XX.0,XXX,XX,02, Faridpur Zila,195247,8.6,10.5,10.8,10.1,10.7,9.6,26.1,6.7,2.6,4.3,00110
29,10.0,XX.0,XXX,XX,02,  Bhanga Upazila,34148,10.3,12.4,12.1,9.3,8.9,9.5,23.7,6.3,3.0,4.4,00110
29,18.0,XX.0,XXX,XX,02,  Boalmari Upazila,27595,9.6,12.6,12.0,9.0,8.5,8.9,24.8,6.7,2.8,5.2,00110
29,47.0,XX.0,XXX,XX,02,  Faridpur Sadar Upazila,121632,7.8,9.3,10.0,10.4,11.9,9.8,27.4,6.8,2.5,4.1,00110
29,62.0,XX.0,XXX,XX,02,  Nagarkanda Upazila,11872,10.0,12.9,12.6,11.0,9.0,9.1,22.4,6.1,2.3,4.5,00110
72,XX.0,XX.0,XXX,XX,02, Netrakona Zila,183186,9.9,12.5,12.2,9.8,8.4,8.9,24.9,6.3,2.6,4.5,00110
72,18.0,XX.0,XXX,XX,02,  Durgapur Upazila,24306,10.2,12.1,12.3,10.0,8.3,8.6,24.3,6.5,2.5,5.3,00110
72,18.0,XX.0,XXX,XX,02,  Durgapur Paurashava,24306,10.2,12.1,12.3,10.0,8.3,8.6,24.3,6.5,2.5,5.3,00110
72,47.0,XX.0,XXX,XX,02,  Kendua Upazila,22363,11.0,15.2,12.7,8.1,7.0,8.5,23.5,6.0,3.0,5.1,00110
72,47.0,XX.0,XXX,XX,02,  Kendua Paurashava,22363,11.0,15.2,12.7,8.1,7.0,8.5,23.5,6.0,3.0,5.1,00110
72,56.0,XX.0,XXX,XX,02,  Madan Upazila,17388,11.8,14.4,11.9,8.2,7.2,8.5,24.0,6.6,3.0,4.5,00110
72,56.0,XX.0,XXX,XX,02,  Madan Paurashava,17388,11.8,14.4,11.9,8.2,7.2,8.5,24.0,6.6,3.0,4.5,00110
72,63.0,XX.0,XXX,XX,02,  Mohanganj Upazila,27193,10.2,13.1,12.2,8.6,7.8,8.8,25.6,6.5,2.5,4.8,00110
72,63.0,XX.0,XXX,XX,02,  Mohanganj Paurashava,27193,10.2,13.1,12.2,8.6,7.8,8.8,25.6,6.5,2.5,4.8,00110
72,74.0,XX.0,XXX,XX,02,  Netrokona Sadar Upazila,91936,9.2,11.4,12.2,10.8,9.2,9.1,25.3,6.3,2.4,4.1,00110
72,74.0,XX.0,XXX,XX,02,  Netrokona Paurashava,91936,9.2,11.4,12.2,10.8,9.2,9.1,25.3,6.3,2.4,4.1,00110
39,XX.0,XX.0,XXX,XX,02, Jamalpur Zila,336010,9.6,11.9,11.1,8.5,8.7,9.3,26.1,7.1,2.9,4.8,00110
39,15.0,XX.0,XXX,XX,02,  Dewanganj Upazila,38027,10.2,12.8,11.5,7.6,8.4,9.2,25.1,7.2,3.1,4.8,00110
39,15.0,XX.0,XXX,XX,02,Dewanganj Paurashava,38027,10.2,12.8,11.5,7.6,8.4,9.2,25.1,7.2,3.1,4.8,00110
39,29.0,XX.0,XXX,XX,02,  Islampur Upazila,38568,9.8,12.3,11.3,7.9,8.3,9.3,26.0,7.3,3.1,4.7,00110
39,29.0,XX.0,XXX,XX,02,Islampur Paurashava,38568,9.8,12.3,11.3,7.9,8.3,9.3,26.0,7.3,3.1,4.7,00110
39,36.0,XX.0,XXX,XX,02,  Jamalpur Sadar Upazila,142764,9.0,11.1,10.8,8.8,9.4,9.6,26.9,7.0,2.7,4.6,00110
39,36.0,XX.0,XXX,XX,02,Jamalpur Paurashava,142764,9.0,11.1,10.8,8.8,9.4,9.6,26.9,7.0,2.7,4.6,00110
39,58.0,XX.0,XXX,XX,02,  Madarganj Upazila,33169,10.9,13.8,11.1,8.0,7.5,8.9,24.8,7.1,2.9,5.0,00110
39,58.0,XX.0,XXX,XX,02,Madarganj Paurashava,33169,10.9,13.8,11.1,8.0,7.5,8.9,24.8,7.1,2.9,5.0,00110
39,61.0,XX.0,XXX,XX,02,  Melandaha Upazila,31320,9.9,12.1,11.7,9.1,8.5,9.2,24.8,7.4,2.8,4.6,00110
39,61.0,XX.0,XXX,XX,02,Melandaha Paurashava,31320,9.9,12.1,11.7,9.1,8.5,9.2,24.8,7.4,2.8,4.6,00110
39,85.0,XX.0,XXX,XX,02,  Sarishabari Upazila,52162,9.4,11.5,11.2,8.4,8.3,9.0,26.4,7.4,3.0,5.4,00110
39,85.0,XX.0,XXX,XX,02,Sarishabari Paurashava,52162,9.4,11.5,11.2,8.4,8.3,9.0,26.4,7.4,3.0,5.4,00110
59,XX.0,XX.0,XXX,XX,02, Munshiganj Zila,114819,9.6,10.9,11.0,9.5,10.0,10.0,25.9,6.3,2.7,4.2,00110
59,56.0,XX.0,XXX,XX,02,  Munshiganj Sadar Upazila,114819,9.6,10.9,11.0,9.5,10.0,10.0,25.9,6.3,2.7,4.2,00110
35,XX.0,XX.0,XXX,XX,02, Gopalganj Zila,85461,9.3,11.9,12.4,10.1,9.4,9.5,24.8,5.9,2.5,4.2,00110
35,32.0,XX.0,XXX,XX,02,  Gopalganj Sadar Upazila,51346,8.8,11.5,12.1,10.9,9.9,9.7,25.2,5.8,2.2,3.7,00110
35,51.0,XX.0,XXX,XX,02,  Kotalipara Upazila,5808,9.9,12.2,11.5,9.0,9.4,9.5,25.6,6.1,2.3,4.5,00110
35,58.0,XX.0,XXX,XX,02,  Muksudpur Upazila,19711,9.9,11.9,13.0,9.4,8.6,8.9,24.4,6.2,3.1,4.6,00110
35,91.0,XX.0,XXX,XX,02,  Tungipara Upazila,8596,10.8,14.1,13.2,8.4,8.0,9.6,22.3,5.7,2.4,5.5,00110
82,XX.0,XX.0,XXX,XX,02, Rajbari Zila,104074,8.7,9.9,10.5,9.7,9.5,9.4,27.3,7.1,2.9,5.1,00110
82,29.0,XX.0,XXX,XX,02,  Goalanda Upazila,18663,9.1,10.2,10.9,9.3,9.2,9.5,25.6,7.1,3.3,5.9,00110
82,73.0,XX.0,XXX,XX,02,  Pangsha Upazila,29098,9.3,10.4,10.7,9.9,9.5,9.4,26.7,6.8,2.6,4.8,00110
82,76.0,XX.0,XXX,XX,02,  Rajbari Sadar Upazila,56313,8.3,9.5,10.2,9.8,9.5,9.4,28.1,7.3,2.8,5.0,00110
61,XX.0,XX.0,XXX,XX,02, Mymensingh Zila,554996,9.3,11.3,11.6,10.4,10.3,9.5,24.8,6.3,2.5,4.1,00110
61,13.0,XX.0,XXX,XX,02,  Bhaluka Upazila,38774,10.3,11.7,10.5,8.5,10.6,12.1,26.8,4.8,1.8,2.9,00110
61,13.0,XX.0,XXX,XX,02,  Bhaluka Paurashava,38774,10.3,11.7,10.5,8.5,10.6,12.1,26.8,4.8,1.8,2.9,00110
61,20.0,XX.0,XXX,XX,02,  Fulbaria Upazila,31058,10.9,14.4,12.4,9.0,8.5,8.6,22.3,6.1,2.6,5.3,00110
61,20.0,XX.0,XXX,XX,02,  Fulbaria Paurashava,31058,10.9,14.4,12.4,9.0,8.5,8.6,22.3,6.1,2.6,5.3,00110
61,22.0,XX.0,XXX,XX,02,  Gaffargaon Upazila,29325,10.3,12.5,12.7,10.5,8.6,8.9,24.6,5.8,2.4,3.8,00110
61,22.0,XX.0,XXX,XX,02,  Gaffargaon Paurashava,29325,10.3,12.5,12.7,10.5,8.6,8.9,24.6,5.8,2.4,3.8,00110
61,23.0,XX.0,XXX,XX,02,  Gauripur Upazila,25570,9.6,12.0,12.2,9.6,8.6,8.8,24.7,6.6,3.0,4.7,00110
61,23.0,XX.0,XXX,XX,02,  Gauripur Paurashava,25570,9.6,12.0,12.2,9.6,8.6,8.8,24.7,6.6,3.0,4.7,00110
61,31.0,XX.0,XXX,XX,02,  Ishwarganj Upazila,28631,10.8,13.7,14.0,9.0,7.8,7.8,22.5,6.1,3.0,5.3,00110
61,31.0,XX.0,XXX,XX,02,  Ishwarganj Paurashava,28631,10.8,13.7,14.0,9.0,7.8,7.8,22.5,6.1,3.0,5.3,00110
61,52.0,XX.0,XXX,XX,02,  Mymensingh Sadar Upazila,258040,7.8,9.4,11.1,11.7,11.9,9.8,25.6,6.6,2.4,3.6,00110
61,52.0,XX.0,XXX,XX,02,  Mymensingh Paurashava,258040,7.8,9.4,11.1,11.7,11.9,9.8,25.6,6.6,2.4,3.6,00110
61,65.0,XX.0,XXX,XX,02,  Muktagachha Upazila,49915,10.4,11.8,11.5,9.9,9.1,8.9,24.7,6.4,2.6,4.6,00110
61,65.0,XX.0,XXX,XX,02,  Muktagachha Paurashava,49915,10.4,11.8,11.5,9.9,9.1,8.9,24.7,6.4,2.6,4.6,00110
61,72.0,XX.0,XXX,XX,02,  Nandail Upazila,33308,11.7,14.5,12.4,8.5,7.7,7.9,23.0,6.4,2.5,5.3,00110
61,72.0,XX.0,XXX,XX,02,  Nandail Paurashava,33308,11.7,14.5,12.4,8.5,7.7,7.9,23.0,6.4,2.5,5.3,00110
61,81.0,XX.0,XXX,XX,02,  Phulpur Upazila,25628,10.9,13.9,11.7,8.9,9.2,9.0,23.3,5.7,2.4,4.9,00110
61,81.0,XX.0,XXX,XX,02,  Phulpur Paurashava,25628,10.9,13.9,11.7,8.9,9.2,9.0,23.3,5.7,2.4,4.9,00110
61,94.0,XX.0,XXX,XX,02,  Trishal Upazila,34747,11.0,13.2,12.0,9.7,10.0,9.1,23.2,5.5,2.3,3.9,00110
61,94.0,XX.0,XXX,XX,02,  Trishal Paurashava,34747,11.0,13.2,12.0,9.7,10.0,9.1,23.2,5.5,2.3,3.9,00110
67,XX.0,XX.0,XXX,XX,02, Narayanganj Zila,942354,9.3,10.4,10.2,9.9,11.6,11.4,26.4,5.6,2.2,3.0,00110
67,4.0,XX.0,XXX,XX,02,  Sonargaon Upazila,32796,9.6,11.6,10.6,9.1,10.6,10.5,25.8,5.7,2.2,4.2,00110
67,6.0,XX.0,XXX,XX,02,  Bandar Upazila,166291,9.7,10.7,10.5,10.0,10.5,10.6,26.3,5.9,2.5,3.4,00110
67,58.0,XX.0,XXX,XX,02,  Narayanganj Sadar Upazila,543090,9.0,10.2,10.2,9.8,11.4,11.4,27.1,5.8,2.2,2.9,00110
67,68.0,XX.0,XXX,XX,02,  Rupganj Upazila,200177,9.6,10.8,9.9,10.4,13.2,12.5,24.5,4.7,1.9,2.6,00110
33,XX.0,XX.0,XXX,XX,02, Gazipur Zila,1018252,8.6,9.6,8.9,10.0,14.5,14.2,25.8,4.6,1.6,2.2,00110
33,30.0,XX.0,XXX,XX,02,  Gazipur Sadar Upazila,689411,8.6,9.8,9.5,10.3,13.7,13.4,26.0,4.8,1.7,2.2,00110
33,32.0,XX.0,XXX,XX,02,  Kaliakair Upazila,157162,7.6,8.1,6.6,9.6,18.2,18.1,26.1,3.3,1.1,1.4,00110
33,34.0,XX.0,XXX,XX,02,  Kaliganj Upazila,45430,8.7,10.7,10.2,8.7,11.1,11.6,25.9,6.4,2.6,4.0,00110
33,86.0,XX.0,XXX,XX,02,  Sreepur Upazila,126249,9.5,10.4,8.3,9.3,15.4,14.7,24.1,4.2,1.7,2.4,00110
56,XX.0,XX.0,XXX,XX,02, Manikganj Zila,98583,8.9,10.2,9.8,8.7,9.4,9.9,28.0,7.2,2.9,5.0,00110
56,46.0,XX.0,XXX,XX,02,  Manikganj Sadar Upazila,71698,8.5,9.7,9.3,8.9,9.7,10.1,28.8,7.3,2.8,4.9,00110
56,82.0,XX.0,XXX,XX,02,  Singair Upazila,26885,10.0,11.6,11.3,8.4,8.6,9.4,25.8,6.7,3.1,5.2,00110
26,XX.0,XX.0,XXX,XX,02, Dhaka Zila,7423137,7.6,8.5,9.4,10.5,13.4,12.9,27.7,5.6,1.9,2.4,00110
26,2.0,XX.0,XXX,XX,02,  Adabor Thana,203989,8.9,9.3,9.4,10.2,12.8,13.4,26.8,5.2,1.8,2.1,00110
26,4.0,XX.0,XXX,XX,02,  Badda Thana,190761,7.5,8.2,8.8,10.2,14.3,14.5,28.4,4.6,1.5,2.0,00110
26,5.0,XX.0,XXX,XX,02,  Bangshal Thana,186952,6.4,6.9,9.6,12.6,15.0,13.1,26.8,5.2,1.9,2.4,00110
26,6.0,XX.0,XXX,XX,02,  Biman Bandar Thana,5112,4.1,4.4,6.9,8.0,18.6,19.6,26.5,6.0,2.2,3.7,00110
26,8.0,XX.0,XXX,XX,02,  Cantonment Thana,131864,7.0,8.2,10.1,9.6,12.4,12.2,30.7,5.8,1.8,2.4,00110
26,9.0,XX.0,XXX,XX,02,  Chak Bazar Thana,156147,6.1,7.2,9.4,11.8,14.3,13.6,28.2,5.6,1.7,2.1,00110
26,11.0,XX.0,XXX,XX,02,  Darus Salam Thana,159139,8.5,9.4,9.4,10.6,13.5,13.3,27.0,4.7,1.7,1.9,00110
26,14.0,XX.0,XXX,XX,02,  Dhamrai Upazila,56777,8.3,10.1,9.5,8.6,11.3,12.6,29.4,5.7,2.0,2.7,00110
26,16.0,XX.0,XXX,XX,02,  Dhanmondi Thana,147643,5.3,6.3,9.3,11.2,14.4,11.9,27.6,8.0,2.5,3.5,00110
26,18.0,XX.0,XXX,XX,02,  Dohar Upazila,36434,10.2,11.2,10.7,8.7,9.8,9.7,24.6,6.6,3.0,5.5,00110
26,24.0,XX.0,XXX,XX,02,  Gendaria Thana,137721,7.9,8.6,9.7,9.9,12.1,11.7,28.2,6.5,2.4,3.1,00110
26,26.0,XX.0,XXX,XX,02,  Gulshan Thana,253050,6.8,7.6,8.6,10.4,13.6,13.3,28.7,6.2,2.1,2.7,00110
26,28.0,XX.0,XXX,XX,02,  Hazaribagh Thana,185639,9.0,9.8,10.1,10.3,12.1,11.9,27.1,5.3,2.0,2.4,00110
26,29.0,XX.0,XXX,XX,02,  Jatrabari Thana,184575,8.4,9.4,10.0,10.2,12.3,12.4,28.0,5.4,1.8,2.2,00110
26,30.0,XX.0,XXX,XX,02,  Kafrul Thana,396182,7.9,9.0,9.6,11.0,13.5,13.3,27.0,5.1,1.7,2.0,00110
26,32.0,XX.0,XXX,XX,02,  Kadamtali Thana,102908,9.5,10.5,10.2,9.9,11.5,11.6,26.8,5.5,2.1,2.4,00110
26,33.0,XX.0,XXX,XX,02,  Kalabagan Thana,118660,5.7,6.5,8.6,10.8,14.3,13.6,28.7,6.8,2.2,2.8,00110
26,36.0,XX.0,XXX,XX,02,  Khilgaon Thana,269135,8.6,9.7,10.0,9.5,11.2,12.1,28.9,5.7,1.9,2.4,00110
26,37.0,XX.0,XXX,XX,02,  Khilkhet Thana,101829,8.6,8.6,8.1,9.6,15.5,14.6,26.8,4.8,1.6,1.9,00110
26,40.0,XX.0,XXX,XX,02,  Kotwali Thana,62087,5.7,6.8,8.8,10.5,13.1,13.0,30.5,6.3,2.2,3.0,00110
26,42.0,XX.0,XXX,XX,02,  Lalbagh Thana,369933,9.0,9.8,10.2,10.7,13.4,11.8,25.7,5.2,1.9,2.3,00110
26,48.0,XX.0,XXX,XX,02,  Mirpur Thana,500373,7.9,8.3,9.0,10.5,13.6,13.5,27.8,5.4,1.7,2.2,00110
26,50.0,XX.0,XXX,XX,02,  Mohammadpur Thana,355843,7.3,8.3,9.8,10.7,13.4,12.6,27.4,5.9,2.0,2.6,00110
26,54.0,XX.0,XXX,XX,02,  Motijheel Thana,210006,6.3,7.5,9.5,11.2,13.0,12.6,29.3,6.6,1.8,2.3,00110
26,63.0,XX.0,XXX,XX,02,  New Market Thana,49523,4.1,4.7,7.8,11.0,18.1,14.3,29.1,6.6,1.8,2.3,00110
26,64.0,XX.0,XXX,XX,02,  Pallabi Thana,596835,8.2,9.0,9.5,10.8,13.4,13.3,26.4,5.1,1.9,2.3,00110
26,65.0,XX.0,XXX,XX,02,  Paltan Thana,59639,5.1,6.1,9.0,10.5,12.4,13.0,31.8,7.5,2.1,2.8,00110
26,66.0,XX.0,XXX,XX,02,  Ramna Thana,200973,6.7,7.4,9.4,10.5,12.9,12.4,28.8,6.9,2.2,2.8,00110
26,67.0,XX.0,XXX,XX,02,  Rampura Thana,224079,8.1,8.7,9.4,10.0,12.6,12.7,28.5,5.7,1.8,2.5,00110
26,68.0,XX.0,XXX,XX,02,  Sabujbagh Thana,281110,8.5,9.5,9.8,9.5,11.5,12.3,29.0,5.6,1.9,2.3,00110
26,72.0,XX.0,XXX,XX,02,  Savar Upazila,296851,8.5,9.3,9.1,9.6,13.7,14.2,27.2,4.7,1.6,2.1,00110
26,74.0,XX.0,XXX,XX,02,  Shah Ali Thana,115489,8.1,9.0,9.2,10.7,13.8,13.3,27.1,4.9,1.7,2.1,00110
26,75.0,XX.0,XXX,XX,02,  Shahbagh Thana,68140,3.4,4.0,6.1,11.4,25.6,14.0,23.6,7.2,2.2,2.6,00110
26,76.0,XX.0,XXX,XX,02,  Shyampur Thana,184062,8.9,9.7,10.4,10.6,11.9,12.0,26.8,5.3,2.0,2.3,00110
26,80.0,XX.0,XXX,XX,02,  Sher-E-Bangla Nagar Thana,137573,6.8,7.5,8.7,11.0,15.3,13.0,27.3,6.0,1.9,2.5,00110
26,88.0,XX.0,XXX,XX,02,  Sutrapur Thana,211210,7.0,7.5,9.2,10.1,12.5,12.0,29.5,6.8,2.3,3.1,00110
26,90.0,XX.0,XXX,XX,02,  Tejgaon Thana,148255,6.3,7.9,9.1,11.8,14.4,13.2,27.4,5.8,1.8,2.3,00110
26,92.0,XX.0,XXX,XX,02,  Tejgaon Ind. Area Thana,146732,6.5,6.8,7.2,12.3,17.2,16.0,27.1,4.2,1.3,1.3,00110
26,95.0,XX.0,XXX,XX,02,  Uttara Thana,179907,6.4,8.0,10.3,10.3,11.6,12.0,29.8,6.4,2.2,3.2,00110
86,XX.0,XX.0,XXX,XX,02, Shariatpur Zila,115970,10.0,11.9,12.2,9.7,8.9,9.1,23.8,6.2,2.8,5.4,00110
86,14.0,XX.0,XXX,XX,02,  Bhedarganj Upazila,8169,10.0,11.3,11.3,9.4,9.5,9.6,24.1,6.0,2.7,6.1,00110
86,25.0,XX.0,XXX,XX,02,  Damudya Upazila,14242,9.6,11.9,12.3,9.6,9.0,8.4,23.4,6.4,3.0,6.2,00110
86,65.0,XX.0,XXX,XX,02,  Naria Upazila,22773,9.9,11.5,11.9,10.4,9.3,8.9,22.5,6.4,2.9,6.4,00110
86,69.0,XX.0,XXX,XX,02,  Shariatpur Sadar Upazila,49535,10.1,11.6,11.8,9.8,9.3,9.7,24.7,6.0,2.4,4.6,00110
86,94.0,XX.0,XXX,XX,02,  Zanjira Upazila,21251,10.3,13.5,13.4,9.2,7.4,8.2,22.8,6.4,3.3,5.5,00110
54,XX.0,XX.0,XXX,XX,02, Madaripur Zila,128452,9.6,12.1,12.0,9.4,8.7,9.0,25.0,6.6,2.9,4.7,00110
54,40.0,XX.0,XXX,XX,02,  Kalkini Upazila,41608,10.0,13.6,12.7,9.1,8.3,8.1,23.0,6.5,3.2,5.5,00110
54,54.0,XX.0,XXX,XX,02,  Madaripur Sadar Upazila,62690,9.1,11.1,11.8,9.5,9.0,9.5,26.4,6.8,2.7,4.0,00110
54,87.0,XX.0,XXX,XX,02,  Shib Char Upazila,24154,10.0,11.9,11.4,9.6,8.8,9.3,24.9,6.4,2.9,4.7,00110
93,XX.0,XX.0,XXX,XX,02, Tangail Zila,469660,8.6,10.8,11.2,9.0,9.4,9.6,27.3,6.7,2.7,4.7,00110
93,19.0,XX.0,XXX,XX,02,  Bhuapur Upazila,28708,8.9,11.3,11.6,8.7,9.0,8.7,26.9,6.9,2.8,5.0,00110
93,19.0,XX.0,XXX,XX,02,Bhuapur Paurashava,28708,8.9,11.3,11.6,8.7,9.0,8.7,26.9,6.9,2.8,5.0,00110
93,25.0,XX.0,XXX,XX,02,  Dhanbari Upazila,36125,9.2,11.3,11.1,7.8,8.1,9.4,27.1,7.3,3.1,5.7,00110
93,25.0,XX.0,XXX,XX,02,Dhanbari  Paurashava,36125,9.2,11.3,11.1,7.8,8.1,9.4,27.1,7.3,3.1,5.7,00110
93,28.0,XX.0,XXX,XX,02,  Ghatail Upazila,35245,8.1,10.4,9.9,7.5,10.8,11.3,30.4,5.3,2.2,4.0,00110
93,28.0,XX.0,XXX,XX,02,Ghatail Paurashava,35245,8.1,10.4,9.9,7.5,10.8,11.3,30.4,5.3,2.2,4.0,00110
93,38.0,XX.0,XXX,XX,02,  Gopalpur Upazila,50160,9.3,11.5,10.3,7.6,9.0,9.3,26.4,7.5,3.2,6.0,00110
93,38.0,XX.0,XXX,XX,02,Gopalpur Paurashava,50160,9.3,11.5,10.3,7.6,9.0,9.3,26.4,7.5,3.2,6.0,00110
93,47.0,XX.0,XXX,XX,02,  Kalihati Upazila,37038,8.9,10.6,10.3,8.3,9.3,9.2,26.9,7.5,3.0,5.9,00110
93,47.0,XX.0,XXX,XX,02,Kalihati Paurashava,37038,8.9,10.6,10.3,8.3,9.3,9.2,26.9,7.5,3.0,5.9,00110
93,57.0,XX.0,XXX,XX,02,  Madhupur Upazila,56342,9.1,11.2,12.5,9.0,8.7,9.3,26.2,6.4,2.6,5.1,00110
93,57.0,XX.0,XXX,XX,02,Madhupur Paurashava,56342,9.1,11.2,12.5,9.0,8.7,9.3,26.2,6.4,2.6,5.1,00110
93,66.0,XX.0,XXX,XX,02,  Mirzapur Upazila,28602,8.4,9.3,10.6,9.7,10.7,9.6,27.0,7.1,2.8,4.6,00110
93,66.0,XX.0,XXX,XX,02,Mirzapur Paurashava,28602,8.4,9.3,10.6,9.7,10.7,9.6,27.0,7.1,2.8,4.6,00110
93,85.0,XX.0,XXX,XX,02,  Sakhipur Upazila,30028,9.5,11.6,11.1,9.6,8.7,10.1,27.1,5.7,2.3,4.3,00110
93,85.0,XX.0,XXX,XX,02,Sakhipur Paurashava,30028,9.5,11.6,11.1,9.6,8.7,10.1,27.1,5.7,2.3,4.3,00110
93,95.0,XX.0,XXX,XX,02,  Tangail Sadar Upazila,167412,7.9,10.6,11.7,10.1,9.6,9.5,27.6,6.7,2.4,3.9,00110
93,95.0,XX.0,XXX,XX,02,Tangail Paurashava,167412,7.9,10.6,11.7,10.1,9.6,9.5,27.6,6.7,2.4,3.9,00110
48,XX.0,XX.0,XXX,XX,02, Kishoreganj Zila,408762,10.5,13.0,12.5,10.0,9.2,8.8,23.3,6.1,2.4,4.2,00110
48,6.0,XX.0,XXX,XX,02,  Bajitpur Upazila,34898,9.8,13.4,13.4,9.2,8.4,8.6,23.9,6.5,2.4,4.3,00110
48,6.0,XX.0,XXX,XX,02,  Bajitpur Paurashava,34898,9.8,13.4,13.4,9.2,8.4,8.6,23.9,6.5,2.4,4.3,00110
48,11.0,XX.0,XXX,XX,02,  Bhairab Upazila,118992,11.4,13.3,12.6,10.6,9.3,9.2,22.9,5.4,2.0,3.4,00110
48,11.0,XX.0,XXX,XX,02,  Bhairab Paurashava,118992,11.4,13.3,12.6,10.6,9.3,9.2,22.9,5.4,2.0,3.4,00110
48,27.0,XX.0,XXX,XX,02,  Hossainpur Upazila,23118,10.6,13.6,12.1,9.4,9.0,8.2,23.2,6.7,2.6,4.6,00110
48,27.0,XX.0,XXX,XX,02,  Hossainpur Paurashava,23118,10.6,13.6,12.1,9.4,9.0,8.2,23.2,6.7,2.6,4.6,00110
48,42.0,XX.0,XXX,XX,02,  Karimganj Upazila,26844,10.7,13.6,13.2,8.8,7.9,8.3,23.0,6.4,2.4,5.6,00110
48,42.0,XX.0,XXX,XX,02,  Karimganj Paurashava,26844,10.7,13.6,13.2,8.8,7.9,8.3,23.0,6.4,2.4,5.6,00110
48,45.0,XX.0,XXX,XX,02,  Katiadi Upazila,40725,11.5,13.8,11.4,8.3,8.2,8.4,22.8,6.9,3.2,5.5,00110
48,45.0,XX.0,XXX,XX,02,  Katiadi Paurashava,40725,11.5,13.8,11.4,8.3,8.2,8.4,22.8,6.9,3.2,5.5,00110
48,49.0,XX.0,XXX,XX,02,  Kishoreganj Sadar Upazila,103798,8.8,11.3,12.2,11.2,10.5,9.0,24.6,6.3,2.3,3.8,00110
48,49.0,XX.0,XXX,XX,02,  Kishoreganj Paurashava,103798,8.8,11.3,12.2,11.2,10.5,9.0,24.6,6.3,2.3,3.8,00110
48,54.0,XX.0,XXX,XX,02,  Kuliar Char Upazila,31781,11.7,15.0,13.5,9.0,8.5,8.1,21.2,6.1,2.6,4.4,00110
48,54.0,XX.0,XXX,XX,02,  Kuliar Char Paurashava,31781,11.7,15.0,13.5,9.0,8.5,8.1,21.2,6.1,2.6,4.4,00110
48,79.0,XX.0,XXX,XX,02,  Pakundia Upazila,28606,11.0,13.4,11.8,9.0,8.6,8.3,23.5,6.3,2.9,5.3,00110
48,79.0,XX.0,XXX,XX,02,  Pakundia Paurashava,28606,11.0,13.4,11.8,9.0,8.6,8.3,23.5,6.3,2.9,5.3,00110
89,XX.0,XX.0,XXX,XX,02, Sherpur Zila,182376,9.7,12.6,12.0,8.9,8.8,9.2,25.1,6.4,2.7,4.6,00110
89,67.0,XX.0,XXX,XX,02,  Nakla Upazila,33086,10.5,13.3,12.1,8.0,8.2,8.5,24.0,6.7,2.9,5.8,00110
89,67.0,XX.0,XXX,XX,02,Nakla Paurashava,33086,10.5,13.3,12.1,8.0,8.2,8.5,24.0,6.7,2.9,5.8,00110
89,70.0,XX.0,XXX,XX,02,  Nalitabari Upazila,27142,9.8,12.2,11.5,9.3,8.5,9.0,25.6,6.7,2.6,4.8,00110
89,70.0,XX.0,XXX,XX,02,Nalitabari Paurashava,27142,9.8,12.2,11.5,9.3,8.5,9.0,25.6,6.7,2.6,4.8,00110
89,88.0,XX.0,XXX,XX,02,  Sherpur Sadar Upazila,97979,9.0,12.1,12.3,9.6,9.2,9.5,25.5,6.1,2.4,4.1,00110
89,88.0,XX.0,XXX,XX,02,Sherpur Paurashava,97979,9.0,12.1,12.3,9.6,9.2,9.5,25.5,6.1,2.4,4.1,00110
89,90.0,XX.0,XXX,XX,02,  Sreebardi Upazila,24169,11.2,14.2,10.9,7.1,8.2,9.0,24.2,7.0,3.4,4.7,00110
89,90.0,XX.0,XXX,XX,02,Sreebardi Paurashava,24169,11.2,14.2,10.9,7.1,8.2,9.0,24.2,7.0,3.4,4.7,00110
68,XX.0,XX.0,XXX,XX,02, Narsingdi Zila,354458,9.7,11.6,11.2,9.9,10.6,10.2,25.3,6.0,2.2,3.3,00110
68,52.0,XX.0,XXX,XX,02,  Manohardi Upazila,17635,8.9,11.9,11.9,9.3,8.6,8.8,26.2,6.7,3.4,4.4,00110
68,60.0,XX.0,XXX,XX,02,  Narsingdi Sadar Upazila,195698,9.7,11.4,10.8,10.3,11.1,10.7,25.5,5.5,2.1,2.9,00110
68,63.0,XX.0,XXX,XX,02,  Palash Upazila,85949,9.0,10.7,10.9,9.2,10.6,10.4,26.9,6.7,2.3,3.2,00110
68,64.0,XX.0,XXX,XX,02,  Roypura Upazila,34904,11.6,13.7,12.8,9.7,9.0,8.2,21.8,6.2,2.5,4.5,00110
68,76.0,XX.0,XXX,XX,02,  Shibpur Upazila,20272,10.4,12.9,12.6,10.0,9.4,8.6,22.7,6.2,2.6,4.6,00110
33,XX.0,XX.0,XXX,XX,02, Gazipur Zila,1018252,8.6,9.6,8.9,10.0,14.5,14.2,25.8,4.6,1.6,2.2,00110
33,30.0,XX.0,XXX,XX,02,  Gazipur Sadar Upazila,689411,8.6,9.8,9.5,10.3,13.7,13.4,26.0,4.8,1.7,2.2,00110
33,32.0,XX.0,XXX,XX,02,  Kaliakair Upazila,157162,7.6,8.1,6.6,9.6,18.2,18.1,26.1,3.3,1.1,1.4,00110
33,34.0,XX.0,XXX,XX,02,  Kaliganj Upazila,45430,8.7,10.7,10.2,8.7,11.1,11.6,25.9,6.4,2.6,4.0,00110
33,86.0,XX.0,XXX,XX,02,  Sreepur Upazila,126249,9.5,10.4,8.3,9.3,15.4,14.7,24.1,4.2,1.7,2.4,00110
90,XX.0,XX.0,XXX,XX,02, Sunamganj Zila,178552,11.0,12.8,12.0,10.3,9.4,9.2,23.2,5.7,2.5,4.1,00110
90,23.0,XX.0,XXX,XX,02,  Chhatak Upazila,44364,11.1,12.5,11.6,9.8,9.7,9.8,24.3,5.8,2.2,3.2,00110
90,29.0,XX.0,XXX,XX,02,  Derai Upazila,28157,11.9,13.3,11.8,9.9,8.4,8.1,22.0,5.9,3.0,5.7,00110
90,47.0,XX.0,XXX,XX,02,  Jagannathpur Upazila,40699,11.5,14.3,12.6,10.3,8.8,8.6,21.6,5.4,2.7,4.3,00110
90,89.0,XX.0,XXX,XX,02,  Sunamganj Sadar Upazila,65332,10.3,11.8,12.0,10.7,10.0,9.5,23.9,5.6,2.3,4.0,00110
36,XX.0,XX.0,XXX,XX,02, Habiganj Zila,171749,10.7,12.4,11.2,10.4,9.8,9.2,23.2,6.0,2.5,4.5,00110
36,2.0,XX.0,XXX,XX,02,  Ajmiriganj Upazila,13353,11.2,13.1,10.1,8.2,9.1,8.8,24.5,6.7,2.8,5.7,00110
36,26.0,XX.0,XXX,XX,02,  Chunarughat Upazila,19651,11.7,13.4,11.8,9.9,9.4,9.2,22.4,5.6,2.5,4.2,00110
36,44.0,XX.0,XXX,XX,02,  Habiganj Sadar Upazila,92826,10.1,11.7,11.2,11.0,10.3,9.5,23.5,6.1,2.4,4.3,00110
36,71.0,XX.0,XXX,XX,02,  Madhabpur Upazila,21930,11.8,13.5,11.3,10.2,9.4,8.9,22.1,5.5,2.4,4.9,00110
36,77.0,XX.0,XXX,XX,02,  Nabiganj Upazila,23989,11.4,13.1,11.5,9.8,9.2,8.6,23.1,6.0,2.8,4.6,00110
91,XX.0,XX.0,XXX,XX,02, Sylhet Zila,603088,9.7,11.0,10.9,11.0,11.8,10.8,23.8,5.5,2.3,3.3,00110
91,17.0,XX.0,XXX,XX,02,  Beani Bazar Upazila,42030,11.2,12.9,12.0,10.8,9.9,8.9,22.1,5.5,2.5,4.3,00110
91,38.0,XX.0,XXX,XX,02,  Golapganj Upazila,32444,10.6,12.5,12.2,11.9,10.2,9.2,22.0,5.4,2.4,3.7,00110
91,59.0,XX.0,XXX,XX,02,  Kanaighat Upazila,27078,12.5,16.0,13.4,10.0,8.5,8.2,20.0,5.3,2.6,3.5,00110
91,62.0,XX.0,XXX,XX,02,  Sylhet Sadar Upazila,485138,9.3,10.3,10.5,11.0,12.4,11.3,24.4,5.5,2.2,3.1,00110
91,94.0,XX.0,XXX,XX,02,  Zakiganj Upazila,16398,10.8,15.1,13.0,11.0,8.7,8.5,21.1,5.4,2.5,3.8,00110
58,XX.0,XX.0,XXX,XX,02, Maulvibazar Zila,144843,10.0,11.7,11.7,10.7,9.8,9.9,24.5,5.9,2.2,3.7,00110
58,14.0,XX.0,XXX,XX,02,  Barlekha Upazila,22247,11.1,13.1,12.4,10.3,9.0,9.1,23.1,5.6,2.3,4.0,00110
58,56.0,XX.0,XXX,XX,02,  Kamalganj Upazila,16878,10.2,12.6,12.3,10.7,9.0,8.8,23.5,5.8,2.5,4.5,00110
58,65.0,XX.0,XXX,XX,02,  Kulaura Upazila,26150,10.1,12.3,11.7,10.8,9.6,9.9,23.6,6.0,2.2,3.7,00110
58,74.0,XX.0,XXX,XX,02,  Maulvibazar Sadar Upazila,56537,9.6,11.0,11.1,11.0,10.3,10.6,25.1,5.7,2.2,3.5,00110
58,83.0,XX.0,XXX,XX,02,  Sreemangal Upazila,23031,9.6,10.6,12.1,10.1,9.8,9.8,26.1,6.4,2.1,3.4,00110
