ZL,UZ,UN/WA,MZ/MH,Vill,RMO,Administrative Unit Residence Community,Number of Households,Type of Structure (%)-Pucka,Type of Structure (%)-Semi-pucka,Type of Structure (%)-Kutcha,Type of Structure (%)-Jhupri,Toilet Facility (%)-Sanitary (water-sealed),Toilet Facility (%)-Sanitary (non water-sealed),Toilet Facility (%)-Non-sanitary,Toilet Facility (%)-None,check_var
47.0,XX.0,XX.0,XXX,XX,01, Khulna Zila,362083,9.8,18.2,69.8,2.1,38.1,35.5,21.4,5.0,00110
47.0,12.0,XX.0,XXX,XX,01,  Batiaghata Upazila,38757,5.8,11.6,79.9,2.7,55.2,31.7,10.1,2.9,00110
47.0,12.0,35.0,XXX,XX,01,  Batiaghata Union,2800,7.1,9.2,82.6,1.1,77.9,16.7,4.3,1.2,00110
47.0,17.0,XX.0,XXX,XX,01,  Dacope Upazila,32995,2.4,3.5,90.4,3.7,42.5,22.7,20.0,14.7,00110
47.0,21.0,XX.0,XXX,XX,01,  Daulatpur Thana,2899,21.4,35.9,42.4,0.4,45.9,35.6,15.6,2.9,00110
47.0,30.0,XX.0,XXX,XX,01,  Dumuria Upazila,67210,10.6,20.0,68.1,1.3,50.7,31.2,13.2,4.9,00110
47.0,30.0,27.0,XXX,XX,01,  Dumuria Union,2125,8.6,21.7,67.9,1.7,45.9,31.2,19.4,3.5,00110
47.0,40.0,XX.0,XXX,XX,01,  Dighalia Upazila,26601,11.6,29.9,57.7,0.8,58.4,34.3,6.3,1.0,00110
47.0,48.0,XX.0,XXX,XX,01,  Khan Jahan Ali Thana,17205,33.5,36.4,28.2,2.0,40.9,39.3,18.3,1.4,00110
47.0,53.0,XX.0,XXX,XX,01,  Koyra Upazila,42977,4.2,5.4,87.6,2.8,26.5,31.2,33.6,8.7,00110
47.0,53.0,55.0,XXX,XX,01,  Koyra Union,5090,3.6,6.2,84.8,5.5,33.3,28.0,25.1,13.6,00110
47.0,64.0,XX.0,XXX,XX,01,  Paikgachha Upazila,55945,11.6,17.4,70.1,1.0,21.8,36.1,37.2,5.0,00110
47.0,69.0,XX.0,XXX,XX,01,  Phultala Upazila,12158,13.8,41.1,43.4,1.6,30.0,45.4,23.2,1.4,00110
47.0,69.0,38.0,XXX,XX,01,  Damodar Union,1859,14.1,39.2,43.5,3.3,36.5,31.1,31.1,1.2,00110
47.0,69.0,76.0,XXX,XX,01,  Phultala Union,5884,15.3,46.7,36.5,1.5,31.0,40.9,27.0,1.2,00110
47.0,75.0,XX.0,XXX,XX,01,  Rupsa Upazila,41763,12.5,29.1,53.9,4.5,31.8,44.6,21.9,1.7,00110
47.0,94.0,XX.0,XXX,XX,01,  Terokhada Upazila,23573,2.3,10.6,86.0,1.1,16.8,56.2,24.2,2.7,00110
47.0,94.0,27.0,XXX,XX,01,  Barasat Union,3717,1.8,8.8,88.7,0.7,22.1,52.9,23.1,1.9,00110
47.0,94.0,81.0,XXX,XX,01,  Terokhada Union,3856,1.8,13.5,84.1,0.6,25.9,49.5,23.3,1.3,00110
18.0,XX.0,XX.0,XXX,XX,01, Chuadanga Zila,202606,17.6,26.4,51.9,4.1,14.8,25.5,51.7,8.0,00110
18.0,7.0,XX.0,XXX,XX,01,  Alamdanga Upazila,66892,18.2,28.2,52.3,1.3,15.1,21.7,55.2,8.0,00110
18.0,7.0,15.0,XXX,XX,01,  Baradi Union,4545,16.2,31.9,51.8,0.2,15.8,27.9,50.6,5.7,00110
18.0,7.0,23.0,XXX,XX,01,  Bhangabaria Union,6119,17.2,38.5,41.6,2.7,18.5,22.4,50.5,8.6,00110
18.0,7.0,27.0,XXX,XX,01,  Chithla Union,4793,27.5,23.3,47.5,1.7,15.9,14.9,66.4,2.7,00110
18.0,7.0,47.0,XXX,XX,01,  Hardi Union,4287,8.5,29.1,61.6,0.8,13.4,16.3,59.1,11.1,00110
18.0,7.0,55.0,XXX,XX,01,  Jamjami Union,3206,5.3,38.3,54.7,1.7,11.4,19.9,54.0,14.8,00110
18.0,7.0,63.0,XXX,XX,01,  Jehala Union,2882,44.0,15.8,39.3,0.8,11.1,25.1,55.4,8.4,00110
18.0,7.0,79.0,XXX,XX,01,  Khaskara Union,5471,6.4,30.5,62.1,1.0,13.2,18.4,59.2,9.2,00110
18.0,7.0,87.0,XXX,XX,01,  Kumari Union,2572,12.8,33.9,51.8,1.6,23.4,27.9,40.3,8.4,00110
18.0,23.0,XX.0,XXX,XX,01,  Chuadanga Sadar Upazila,46179,15.2,27.3,52.1,5.3,15.2,16.6,59.5,8.7,00110
18.0,23.0,11.0,XXX,XX,01,  Alokdia Union,641,36.7,27.6,35.7,0.0,30.1,34.6,25.6,9.7,00110
18.0,23.0,47.0,XXX,XX,01,  Kutubpur Union,7896,14.4,30.8,51.8,3.0,20.2,17.8,56.7,5.2,00110
18.0,23.0,59.0,XXX,XX,01,  Mominpur Union,2347,17.6,24.6,57.2,0.6,22.5,16.5,51.2,9.8,00110
18.0,23.0,71.0,XXX,XX,01,  Shankar Chandra Union,10498,20.0,27.5,46.0,6.5,16.1,16.7,59.2,7.9,00110
18.0,23.0,83.0,XXX,XX,01,  Titudaha Union,9530,11.0,27.1,55.8,6.1,14.2,14.2,58.7,12.9,00110
18.0,31.0,XX.0,XXX,XX,01,  Damurhuda Upazila,55182,20.6,24.3,51.9,3.3,11.9,36.5,44.0,7.5,00110
18.0,31.0,11.0,XXX,XX,01,  Damurhuda Union,6513,23.6,31.3,41.6,3.4,13.3,40.5,39.6,6.7,00110
18.0,31.0,35.0,XXX,XX,01,  Howli Union,6602,15.9,34.3,47.5,2.4,16.5,48.4,31.0,4.1,00110
18.0,55.0,XX.0,XXX,XX,01,  Jiban Nagar Upazila,34353,15.0,24.8,51.0,9.1,18.3,27.1,46.9,7.7,00110
18.0,55.0,38.0,XXX,XX,01,  Banka Union,10392,18.3,21.3,58.0,2.4,24.2,24.7,44.4,6.7,00110
18.0,55.0,76.0,XXX,XX,01,  Uthali Union,10102,14.3,23.2,48.4,14.1,11.4,30.5,49.3,8.8,00110
65.0,XX.0,XX.0,XXX,XX,01, Narail Zila,136603,3.8,22.5,72.7,1.0,28.7,41.0,27.2,3.1,00110
65.0,28.0,XX.0,XXX,XX,01,  Kalia Upazila,40590,3.5,22.4,73.4,0.7,26.9,41.1,30.1,1.8,00110
65.0,28.0,14.0,XXX,XX,01,  Boranal Eliasabad Union,952,2.4,7.6,89.9,0.1,60.0,27.9,10.3,1.8,00110
65.0,28.0,71.0,XXX,XX,01,  Mauli Union,3543,1.4,17.5,79.2,1.9,36.4,33.1,29.0,1.6,00110
65.0,28.0,87.0,XXX,XX,01,  Peruli Union,4549,2.3,36.1,61.2,0.5,23.7,37.7,34.8,3.8,00110
65.0,28.0,95.0,XXX,XX,01,  Salamabad Union,1267,5.0,22.7,71.7,0.6,53.2,37.1,8.4,1.3,00110
65.0,52.0,XX.0,XXX,XX,01,  Lohagara Upazila,45249,2.9,22.0,73.6,1.6,38.4,46.9,12.7,2.1,00110
65.0,76.0,XX.0,XXX,XX,01,  Narail Sadar Upazila,50764,4.8,23.1,71.3,0.8,21.5,35.7,37.9,5.0,00110
44.0,XX.0,XX.0,XXX,XX,01, Jhenaidah Zila,355164,11.5,28.6,55.7,4.2,20.8,34.2,39.2,5.8,00110
44.0,14.0,XX.0,XXX,XX,01,  Harinakundu Upazila,41232,6.9,38.2,52.7,2.2,28.8,28.3,36.7,6.2,00110
44.0,14.0,31.0,XXX,XX,01,  Daulatpur Union,4480,8.5,36.9,52.0,2.7,36.6,28.7,25.4,9.4,00110
44.0,19.0,XX.0,XXX,XX,01,  Jhenaidah Sadar Upazila,82720,9.3,33.7,51.5,5.5,18.3,32.1,42.9,6.6,00110
44.0,19.0,73.0,XXX,XX,01,  Paglakanai Union,3815,12.7,46.9,36.3,4.2,15.1,39.6,38.0,7.3,00110
44.0,33.0,XX.0,XXX,XX,01,  Kaliganj Upazila,57161,17.5,28.9,47.4,6.2,20.1,36.8,38.1,5.0,00110
44.0,42.0,XX.0,XXX,XX,01,  Kotchandpur Upazila,26299,17.2,28.0,53.0,1.9,39.0,29.8,26.2,5.0,00110
44.0,71.0,XX.0,XXX,XX,01,  Maheshpur Upazila,73045,13.1,20.4,61.4,5.1,18.6,34.1,40.3,7.1,00110
44.0,80.0,XX.0,XXX,XX,01,  Shailkupa Upazila,74707,8.5,25.8,63.7,2.0,15.4,39.3,40.9,4.4,00110
41.0,XX.0,XX.0,XXX,XX,01, Jessore Zila,535337,12.1,33.6,49.3,5.0,24.4,31.7,38.7,5.2,00110
41.0,4.0,XX.0,XXX,XX,01,  Abhaynagar Upazila,40893,7.9,37.2,52.7,2.1,21.6,42.5,31.9,4.0,00110
41.0,9.0,XX.0,XXX,XX,01,  Bagherpara Upazila,47917,5.1,31.1,60.4,3.4,29.1,27.9,37.4,5.6,00110
41.0,11.0,XX.0,XXX,XX,01,  Chaugachha Upazila,51248,11.6,34.3,48.7,5.5,17.9,28.5,48.9,4.7,00110
41.0,23.0,XX.0,XXX,XX,01,  Jhikargachha Upazila,62135,16.6,31.0,46.7,5.8,24.1,31.3,39.5,5.0,00110
41.0,23.0,25.0,XXX,XX,01,  Bankra Union,4841,14.0,39.8,42.4,3.7,23.4,44.9,30.5,1.3,00110
41.0,23.0,35.0,XXX,XX,01,  Gadkhali Union,5672,20.1,30.9,40.0,8.9,26.1,26.1,41.3,6.5,00110
41.0,23.0,47.0,XXX,XX,01,  Jhikargachha Union,6107,24.8,25.3,43.2,6.8,33.8,26.0,37.2,3.0,00110
41.0,23.0,71.0,XXX,XX,01,  Panisara Union,4773,19.2,31.6,41.7,7.5,18.4,36.9,37.6,7.0,00110
41.0,38.0,XX.0,XXX,XX,01,  Keshabpur Upazila,54059,10.0,35.4,52.8,1.8,25.4,29.0,39.5,6.0,00110
41.0,38.0,28.0,XXX,XX,01,  Keshabpur Union,3508,9.7,42.3,47.0,1.0,33.4,22.2,39.7,4.7,00110
41.0,38.0,38.0,XXX,XX,01,  Majidpur Union,5342,12.7,21.4,65.3,0.6,9.9,34.4,49.9,5.8,00110
41.0,47.0,XX.0,XXX,XX,01,  Jessore Sadar Upazila,112052,15.7,38.0,40.7,5.5,17.4,34.3,44.1,4.1,00110
41.0,47.0,23.0,XXX,XX,01,  Chanchra Union,7880,13.8,32.3,51.2,2.7,15.0,33.6,47.0,4.5,00110
41.0,47.0,41.0,XXX,XX,01,  Fathehpur Union,8891,11.5,38.7,43.4,6.4,25.1,34.8,35.3,4.8,00110
41.0,61.0,XX.0,XXX,XX,01,  Manirampur Upazila,94056,9.4,31.8,54.8,4.0,32.6,29.3,32.8,5.3,00110
41.0,90.0,XX.0,XXX,XX,01,  Sharsha Upazila,72977,14.9,29.1,46.4,9.5,27.1,31.5,34.3,7.1,00110
41.0,90.0,86.0,XXX,XX,01,  Sharsha Union,9351,22.4,35.2,24.9,17.6,39.6,23.5,32.4,4.4,00110
1.0,XX.0,XX.0,XXX,XX,01, Bagerhat Zila,305173,3.1,10.5,81.6,4.8,33.3,44.1,20.7,2.0,00110
1.0,8.0,XX.0,XXX,XX,01,  Bagerhat Sadar Upazila,51987,6.2,22.8,66.9,4.1,21.9,54.3,22.7,1.1,00110
1.0,14.0,XX.0,XXX,XX,01,  Chitalmari Upazila,29893,2.9,6.2,89.8,1.1,32.0,33.5,33.0,1.6,00110
1.0,14.0,31.0,XXX,XX,01,  Chitalmari Union,5771,2.1,5.0,91.1,1.7,3.6,15.3,78.5,2.5,00110
1.0,34.0,XX.0,XXX,XX,01,  Fakirhat Upazila,26624,5.8,27.0,63.3,3.8,36.8,46.9,14.7,1.5,00110
1.0,34.0,10.0,XXX,XX,01,  Bahirdia Mansa Union,1072,5.7,37.0,56.3,1.0,44.3,34.3,19.8,1.6,00110
1.0,34.0,31.0,XXX,XX,01,  Fakirhat Union,4373,4.4,46.6,47.7,1.2,43.7,51.8,2.7,1.8,00110
1.0,34.0,52.0,XXX,XX,01,  Mulghar Union,2255,5.1,12.9,81.7,0.2,61.0,29.5,7.1,2.3,00110
1.0,34.0,63.0,XXX,XX,01,  Naldha Maubhog Union,2659,3.3,21.5,74.1,1.1,26.4,47.6,23.1,2.9,00110
1.0,38.0,XX.0,XXX,XX,01,  Kachua Upazila,20869,1.9,6.2,89.3,2.6,43.8,45.9,9.1,1.2,00110
1.0,38.0,57.0,XXX,XX,01,  Kachua Union,1208,2.5,7.1,89.7,0.7,52.7,43.0,2.0,2.2,00110
1.0,56.0,XX.0,XXX,XX,01,  Mollahat Upazila,25775,3.0,9.2,86.5,1.3,52.7,36.6,9.1,1.7,00110
1.0,56.0,95.0,XXX,XX,01,  Udaypur Union,2150,3.9,12.7,81.0,2.4,57.8,34.7,5.9,1.7,00110
1.0,58.0,XX.0,XXX,XX,01,  Mongla Upazila,23297,1.5,3.8,89.2,5.5,43.0,37.3,14.6,5.1,00110
1.0,60.0,XX.0,XXX,XX,01,  Morrelganj Upazila,69188,1.7,5.6,86.2,6.5,27.0,44.2,27.3,1.5,00110
1.0,60.0,23.0,XXX,XX,01,  Baraikhali Union,5038,1.2,4.8,86.4,7.6,53.6,35.5,10.7,0.2,00110
1.0,73.0,XX.0,XXX,XX,01,  Rampal Upazila,37624,1.9,5.2,82.4,10.5,35.5,38.2,22.3,4.0,00110
1.0,73.0,83.0,XXX,XX,01,  Rampal Union,5432,2.5,4.0,82.3,11.2,53.2,34.8,9.1,2.9,00110
1.0,77.0,XX.0,XXX,XX,01,  Sarankhola Upazila,19916,1.7,4.3,91.0,3.0,30.6,55.8,12.8,0.9,00110
1.0,77.0,38.0,XXX,XX,01,  Khontakata Union,4817,2.3,8.7,85.5,3.5,31.1,57.6,10.3,0.9,00110
1.0,77.0,57.0,XXX,XX,01,  Royenda Union,3958,1.4,2.6,94.8,1.2,22.2,46.4,30.6,0.8,00110
55.0,XX.0,XX.0,XXX,XX,01, Magura Zila,178593,3.0,23.5,71.9,1.6,41.3,35.4,19.9,3.5,00110
55.0,57.0,XX.0,XXX,XX,01,  Magura Sadar Upazila,63968,2.8,24.7,70.5,1.9,21.7,46.0,27.8,4.5,00110
55.0,66.0,XX.0,XXX,XX,01,  Mohammadpur Upazila,42619,2.8,25.3,71.0,1.0,44.3,35.9,17.2,2.6,00110
55.0,66.0,52.0,XXX,XX,01,  Mohammadpur Union,3760,3.1,33.6,61.3,1.9,48.5,37.0,10.5,4.0,00110
55.0,85.0,XX.0,XXX,XX,01,  Shalikha Upazila,35225,3.0,25.6,71.1,0.4,63.3,22.5,12.1,2.1,00110
55.0,85.0,11.0,XXX,XX,01,  Arpara Union,4096,4.1,22.0,73.7,0.2,85.2,7.6,5.3,1.9,00110
55.0,85.0,59.0,XXX,XX,01,  Shalikha Union,3270,1.9,22.6,75.4,0.1,25.3,51.0,21.2,2.5,00110
55.0,95.0,XX.0,XXX,XX,01,  Sreepur Upazila,36781,3.4,17.4,76.3,3.0,50.7,28.6,16.7,4.0,00110
55.0,95.0,84.0,XXX,XX,01,  Sreepur Union,4230,5.0,26.2,68.2,0.6,50.7,28.6,17.8,2.9,00110
50.0,XX.0,XX.0,XXX,XX,01, Kushtia Zila,421496,5.1,30.8,63.1,1.0,23.0,33.8,38.4,4.8,00110
50.0,15.0,XX.0,XXX,XX,01,  Bheramara Upazila,40165,3.4,45.3,50.5,0.8,30.4,35.7,31.4,2.5,00110
50.0,15.0,27.0,XXX,XX,01,  Bahir Char Union,4521,10.0,43.7,45.5,0.8,27.9,41.7,27.0,3.5,00110
50.0,15.0,40.0,XXX,XX,01,  Chandgram Union,3111,4.9,59.9,34.6,0.6,19.6,29.5,49.3,1.6,00110
50.0,39.0,XX.0,XXX,XX,01,  Daulatpur Upazila,110618,3.8,37.9,57.1,1.3,9.0,26.1,59.1,5.8,00110
50.0,39.0,33.0,XXX,XX,01,  Daulatpur Union,7621,3.9,46.2,49.6,0.3,14.2,22.4,53.0,10.4,00110
50.0,39.0,61.0,XXX,XX,01,  Mathurapur Union,7195,6.0,46.4,45.8,1.9,14.2,26.0,53.8,5.9,00110
50.0,63.0,XX.0,XXX,XX,01,  Khoksa Upazila,26827,2.0,14.1,82.8,1.2,50.4,31.0,15.6,3.0,00110
50.0,63.0,71.0,XXX,XX,01,  Samaspur Union,2066,0.9,13.8,82.7,2.6,41.4,44.0,9.7,4.8,00110
50.0,71.0,XX.0,XXX,XX,01,  Kumarkhali Upazila,73678,3.3,18.9,76.7,1.1,17.8,44.5,34.5,3.2,00110
50.0,79.0,XX.0,XXX,XX,01,  Kushtia Sadar Upazila,95546,9.5,27.9,62.0,0.6,32.8,34.6,27.4,5.2,00110
50.0,79.0,50.0,XXX,XX,01,  Battail Union,9696,8.0,30.3,61.6,0.1,23.1,48.5,25.6,2.7,00110
50.0,94.0,XX.0,XXX,XX,01,  Mirpur Upazila,74662,5.4,33.9,59.9,0.8,22.5,33.8,37.3,6.4,00110
50.0,94.0,14.0,XXX,XX,01,  Amla Union,6175,5.8,47.7,45.7,0.8,18.8,34.3,42.4,4.4,00110
50.0,94.0,80.0,XXX,XX,01,  Poradaha Union,7744,7.8,23.7,68.3,0.1,15.2,43.0,37.0,4.8,00110
57.0,XX.0,XX.0,XXX,XX,01, Meherpur Zila,145631,18.0,32.6,46.1,3.4,17.5,25.7,48.2,8.6,00110
57.0,47.0,XX.0,XXX,XX,01,  Gangni Upazila,69866,13.8,41.1,42.1,3.0,12.9,24.3,53.6,9.1,00110
57.0,47.0,10.0,XXX,XX,01,  Bamandi Union,6102,15.4,56.1,25.0,3.5,15.7,21.8,55.8,6.8,00110
57.0,47.0,69.0,XXX,XX,01,  Roypur Union,4866,12.0,47.8,38.7,1.4,20.8,33.4,38.0,7.9,00110
57.0,60.0,XX.0,XXX,XX,01,  Mujib Nagar Upazila,22090,26.2,22.7,48.0,3.1,23.0,24.3,43.3,9.4,00110
57.0,60.0,28.0,XXX,XX,01,  Bagoan Union,7344,20.7,20.4,57.9,1.0,13.2,15.8,55.2,15.8,00110
57.0,87.0,XX.0,XXX,XX,01,  Meherpur Sadar Upazila,53675,20.0,25.6,50.5,3.9,21.2,28.2,43.1,7.5,00110
87.0,XX.0,XX.0,XXX,XX,01, Satkhira Zila,422470,12.4,27.3,59.0,1.3,18.7,37.8,39.5,3.9,00110
87.0,4.0,XX.0,XXX,XX,01,  Assasuni Upazila,59952,10.7,14.3,74.2,0.7,27.5,36.3,32.7,3.5,00110
87.0,4.0,17.0,XXX,XX,01,  Assasuni Union,3410,15.4,11.1,73.3,0.2,38.0,38.6,21.8,1.6,00110
87.0,25.0,XX.0,XXX,XX,01,  Debhata Upazila,29059,19.1,36.7,43.3,1.0,49.8,30.5,17.4,2.2,00110
87.0,25.0,15.0,XXX,XX,01,  Debhata Union,3195,16.4,41.1,40.9,1.7,45.9,32.6,17.9,3.6,00110
87.0,43.0,XX.0,XXX,XX,01,  Kalaroa Upazila,52180,16.8,32.9,48.2,2.1,15.5,38.1,40.5,5.9,00110
87.0,43.0,31.0,XXX,XX,01,  Helatala Union,4631,11.3,45.3,41.0,2.4,12.5,38.8,40.3,8.3,00110
87.0,47.0,XX.0,XXX,XX,01,  Kaliganj Upazila,60950,14.9,24.5,59.4,1.3,14.8,43.3,40.6,1.4,00110
87.0,47.0,13.0,XXX,XX,01,  Bhara Simla Union,4693,15.3,39.8,44.0,0.9,9.9,58.7,30.6,0.8,00110
87.0,47.0,55.0,XXX,XX,01,  Kushlia Union,3728,19.1,27.4,49.8,3.7,10.6,29.3,59.6,0.5,00110
87.0,47.0,63.0,XXX,XX,01,  Mathureshpur Union,5222,15.8,21.8,61.2,1.2,13.2,47.2,38.8,0.8,00110
87.0,47.0,94.0,XXX,XX,01,  Tarali Union,5258,15.0,25.0,58.0,2.0,21.4,53.1,24.2,1.4,00110
87.0,82.0,XX.0,XXX,XX,01,  Satkhira Sadar Upazila,82087,11.6,41.8,45.2,1.3,12.4,34.7,48.3,4.6,00110
87.0,86.0,XX.0,XXX,XX,01,  Shyamnagar Upazila,68193,6.7,7.9,84.5,0.9,20.6,41.4,33.6,4.4,00110
87.0,86.0,94.0,XXX,XX,01,  Shyamnagar Union,3068,9.9,14.2,75.6,0.4,8.8,50.5,39.3,1.4,00110
87.0,90.0,XX.0,XXX,XX,01,  Tala Upazila,70049,12.1,34.7,51.7,1.6,9.8,37.2,48.3,4.6,00110
87.0,90.0,87.0,XXX,XX,01,  Tala Union,5625,8.8,34.2,56.0,1.0,32.0,26.5,37.1,4.4,00110
42.0,XX.0,XX.0,XXX,XX,01, Jhalokati Zila,131951,4.1,9.2,84.0,2.7,45.3,41.1,12.4,1.2,00110
42.0,40.0,XX.0,XXX,XX,01,  Jhalokati Sadar Upazila,37667,5.3,10.1,81.0,3.7,56.3,32.3,10.1,1.3,00110
42.0,40.0,85.0,XXX,XX,01,  Ponabalia Union,3426,4.1,4.5,87.5,3.9,25.1,47.9,24.6,2.3,00110
42.0,43.0,XX.0,XXX,XX,01,  Kanthalia Upazila,28170,2.1,8.0,87.7,2.2,44.8,42.0,11.7,1.5,00110
42.0,43.0,63.0,XXX,XX,01,  Kanthalia Union,2467,0.7,6.4,89.9,3.0,35.3,60.2,3.5,1.0,00110
42.0,73.0,XX.0,XXX,XX,01,  Nalchity Upazila,35888,5.2,10.2,81.8,2.7,25.7,53.7,19.4,1.2,00110
42.0,84.0,XX.0,XXX,XX,01,  Rajapur Upazila,30226,3.4,7.9,86.8,2.0,55.2,36.3,7.7,0.8,00110
42.0,84.0,40.0,XXX,XX,01,  Mathbari Union,4457,5.8,10.8,81.6,1.9,53.7,37.6,7.7,1.1,00110
42.0,84.0,54.0,XXX,XX,01,  Rajapur Union,4753,1.6,8.5,88.2,1.7,56.8,35.9,7.3,0.0,00110
78.0,XX.0,XX.0,XXX,XX,01, Patuakhali Zila,300605,1.2,3.6,89.7,5.5,20.6,49.0,26.6,3.7,00110
78.0,38.0,XX.0,XXX,XX,01,  Bauphal Upazila,63988,1.8,5.0,92.4,0.8,18.3,51.0,29.2,1.6,00110
78.0,38.0,29.0,XXX,XX,01,  Bauphal Union,4452,1.6,3.7,94.5,0.2,16.0,56.6,26.5,1.0,00110
78.0,38.0,35.0,XXX,XX,01,  Daspara Union,3123,1.0,2.9,95.9,0.3,26.4,49.0,22.6,2.0,00110
78.0,52.0,XX.0,XXX,XX,01,  Dashmina Upazila,24224,0.7,1.7,95.1,2.4,18.8,55.3,23.3,2.6,00110
78.0,52.0,31.0,XXX,XX,01,  Banshbaria Union,3242,0.6,1.7,97.3,0.3,46.4,42.5,10.0,1.1,00110
78.0,52.0,52.0,XXX,XX,01,  Dashmina Union,2689,0.5,1.8,93.2,4.5,21.0,48.8,26.5,3.7,00110
78.0,55.0,XX.0,XXX,XX,01,  Dumki Upazila,12972,1.9,5.5,92.0,0.6,26.5,49.5,22.9,1.0,00110
78.0,55.0,93.0,XXX,XX,01,  Sreerampur Union,1319,1.3,5.8,92.1,0.8,8.4,33.7,57.7,0.2,00110
78.0,57.0,XX.0,XXX,XX,01,  Galachipa Upazila,73797,0.5,2.3,85.0,12.2,14.5,47.0,30.3,8.2,00110
78.0,57.0,50.0,XXX,XX,01,  Chiknikandi Union,3225,0.5,3.7,94.5,1.3,21.1,47.9,29.0,2.0,00110
78.0,57.0,67.0,XXX,XX,01,  Galachipa Union,3461,0.6,1.4,90.6,7.4,15.3,41.9,35.7,7.1,00110
78.0,66.0,XX.0,XXX,XX,01,  Kala Para Upazila,48772,0.8,1.8,86.2,11.2,26.5,42.5,26.3,4.8,00110
78.0,66.0,83.0,XXX,XX,01,  Tiakhali Union,1412,0.8,2.0,95.6,1.6,51.7,32.2,15.1,1.1,00110
78.0,76.0,XX.0,XXX,XX,01,  Mirzaganj Upazila,23124,2.6,8.0,88.4,1.1,23.2,56.2,19.5,1.0,00110
78.0,76.0,13.0,XXX,XX,01,  Amragachhia Union,4576,3.5,10.3,85.4,0.7,7.2,80.0,12.3,0.5,00110
78.0,76.0,27.0,XXX,XX,01,  Deuli Subidkhali Union,2449,3.0,17.4,78.6,0.9,64.1,29.1,6.2,0.6,00110
78.0,76.0,81.0,XXX,XX,01,  Mirzaganj Union,3406,3.0,7.7,88.9,0.4,65.1,32.0,2.1,0.8,00110
78.0,95.0,XX.0,XXX,XX,01,  Patuakhali Sadar Upazila,53728,1.1,4.0,93.6,1.3,24.6,49.5,24.4,1.5,00110
78.0,95.0,27.0,XXX,XX,01,  Jainkati Union,2766,0.7,2.5,95.2,1.6,38.4,41.1,19.8,0.7,00110
6.0,XX.0,XX.0,XXX,XX,01, Barisal Zila,398558,2.7,7.1,88.3,1.9,30.1,51.8,16.5,1.6,00110
6.0,2.0,XX.0,XXX,XX,01,  Agailjhara Upazila,30375,3.0,4.7,90.3,2.1,37.6,46.7,12.9,2.7,00110
6.0,2.0,15.0,XXX,XX,01,  Bakal Union,4981,2.0,2.8,93.7,1.5,32.2,48.3,14.2,5.3,00110
6.0,2.0,47.0,XXX,XX,01,  Gaila Union,5526,7.3,12.0,79.0,1.7,38.7,50.3,10.3,0.7,00110
6.0,3.0,XX.0,XXX,XX,01,  Babuganj Upazila,29429,5.4,10.2,81.4,3.1,31.6,56.6,11.4,0.4,00110
6.0,3.0,81.0,XXX,XX,01,  Rahmatpur Union,3297,12.4,16.6,69.0,1.9,20.6,61.4,17.9,0.1,00110
6.0,7.0,XX.0,XXX,XX,01,  Bakerganj Upazila,67141,3.0,8.9,86.9,1.2,29.5,47.7,20.9,1.9,00110
6.0,7.0,12.0,XXX,XX,01,  Bhar Pasha Union,3481,3.1,9.3,86.6,1.0,36.4,41.3,21.5,0.8,00110
6.0,7.0,94.0,XXX,XX,01,  Rangasree Union,7183,3.6,9.3,85.4,1.7,27.5,60.6,11.3,0.6,00110
6.0,10.0,XX.0,XXX,XX,01,  Banari Para Upazila,30241,2.3,6.3,89.0,2.4,59.6,32.6,7.2,0.7,00110
6.0,10.0,42.0,XXX,XX,01,  Chakhar Union,3248,3.9,12.4,81.4,2.3,44.6,46.9,8.3,0.2,00110
6.0,10.0,63.0,XXX,XX,01,  Salia Bakpur Union,3741,4.2,7.8,85.6,2.3,63.9,31.5,4.5,0.1,00110
6.0,32.0,XX.0,XXX,XX,01,  Gaurnadi Upazila,32107,3.8,6.3,88.0,1.9,30.9,54.7,13.4,1.0,00110
6.0,36.0,XX.0,XXX,XX,01,  Hizla Upazila,27434,1.0,4.9,93.1,1.0,17.7,61.4,19.6,1.3,00110
6.0,36.0,13.0,XXX,XX,01,  Bara Jalia Union,3568,1.1,10.3,87.5,1.1,33.4,52.3,12.6,1.8,00110
6.0,51.0,XX.0,XXX,XX,01,  Barisal Sadar Upazila,39714,3.9,11.3,82.7,2.2,17.7,54.0,26.2,2.1,00110
6.0,51.0,34.0,XXX,XX,01,  Char Baria Union,3951,5.4,13.5,79.9,1.2,13.3,53.1,33.3,0.4,00110
6.0,51.0,43.0,XXX,XX,01,  Char Kowa Union,4957,5.4,21.6,70.5,2.5,8.8,58.0,31.3,1.9,00110
6.0,62.0,XX.0,XXX,XX,01,  Mehendiganj Upazila,58055,1.0,5.4,91.2,2.4,13.7,60.1,24.1,2.1,00110
6.0,62.0,87.0,XXX,XX,01,  Mehendiganj Union,2347,0.7,4.6,94.0,0.7,5.8,55.2,37.2,1.8,00110
6.0,69.0,XX.0,XXX,XX,01,  Muladi Upazila,33821,1.8,5.2,91.9,1.1,27.8,58.0,12.8,1.3,00110
6.0,94.0,XX.0,XXX,XX,01,  Wazirpur Upazila,50241,2.9,6.3,88.6,2.2,44.5,46.1,8.0,1.4,00110
6.0,94.0,31.0,XXX,XX,01,  Guthia Union,5045,4.9,7.9,84.3,2.9,35.9,55.7,7.5,0.9,00110
6.0,94.0,84.0,XXX,XX,01,  Shikarpur Union,4246,3.9,7.3,87.5,1.4,47.2,47.1,5.4,0.3,00110
79.0,XX.0,XX.0,XXX,XX,01, Pirojpur Zila,214398,2.2,5.9,90.0,1.9,29.3,43.7,25.4,1.6,00110
79.0,14.0,XX.0,XXX,XX,01,  Bhandaria Upazila,28492,2.4,6.8,89.5,1.3,30.7,51.7,17.0,0.6,00110
79.0,14.0,11.0,XXX,XX,01,  Bhandaria Union,1151,2.1,15.6,78.5,3.8,23.0,59.2,17.1,0.7,00110
79.0,14.0,71.0,XXX,XX,01,  Nudmulla Union,4133,2.7,7.9,88.6,0.8,46.6,42.7,10.4,0.3,00110
79.0,47.0,XX.0,XXX,XX,01,  Kawkhali Upazila,13848,2.7,8.1,87.5,1.6,18.9,23.0,57.6,0.5,00110
79.0,47.0,15.0,XXX,XX,01,  Amrajuri Union,1336,1.0,8.5,89.7,0.8,89.2,8.7,1.1,1.0,00110
79.0,47.0,47.0,XXX,XX,01,  Kawkhali Union,4588,3.6,12.6,82.3,1.5,29.2,54.2,16.1,0.5,00110
79.0,58.0,XX.0,XXX,XX,01,  Mathbaria Upazila,54181,2.7,6.8,88.9,1.6,6.2,51.8,40.3,1.7,00110
79.0,58.0,60.0,XXX,XX,01,  Mathbaria Union,2690,2.3,8.6,87.5,1.6,1.6,52.1,43.7,2.6,00110
79.0,76.0,XX.0,XXX,XX,01,  Nazirpur Upazila,39536,1.4,5.6,91.0,2.0,28.8,42.2,26.2,2.8,00110
79.0,76.0,52.0,XXX,XX,01,  Nazirpur Union,3125,0.4,5.0,93.2,1.4,52.5,25.3,16.0,6.2,00110
79.0,80.0,XX.0,XXX,XX,01,  Pirojpur Sadar Upazila,24310,1.6,4.1,92.4,2.0,61.4,29.5,7.8,1.3,00110
79.0,87.0,XX.0,XXX,XX,01,  Nesarabad Upazila,38266,2.4,5.0,90.3,2.3,50.4,37.6,10.4,1.6,00110
79.0,87.0,76.0,XXX,XX,01,  Sohagdal Union,3999,4.1,6.6,86.1,3.2,40.5,51.6,7.3,0.6,00110
79.0,87.0,85.0,XXX,XX,01,  Sutiakati Union,3589,3.5,4.1,91.6,0.9,52.0,37.1,9.3,1.6,00110
79.0,87.0,95.0,XXX,XX,01,  Nesarabad (Swarupkati) Union,2479,2.0,6.7,84.1,7.3,55.7,26.1,15.8,2.5,00110
79.0,90.0,XX.0,XXX,XX,01,  Zianagar Upazila,15765,2.5,5.6,89.3,2.6,15.0,60.6,23.3,1.1,00110
79.0,90.0,51.0,XXX,XX,01,  Pattashi Union,4995,2.6,4.8,90.8,1.9,24.1,61.1,13.0,1.7,00110
9.0,XX.0,XX.0,XXX,XX,01, Bhola Zila,322077,1.0,5.4,88.8,4.8,7.2,51.1,35.3,6.4,00110
9.0,18.0,XX.0,XXX,XX,01,  Bhola Sadar Upazila,70289,0.9,6.3,90.3,2.5,6.2,55.7,34.1,4.0,00110
9.0,18.0,12.0,XXX,XX,01,  Alinagar Union,3205,1.4,14.6,81.9,2.1,10.7,59.6,26.1,3.7,00110
9.0,18.0,14.0,XXX,XX,01,  Bapta Union,1200,1.0,9.8,84.9,4.3,12.8,49.2,36.1,1.9,00110
9.0,18.0,36.0,XXX,XX,01,  Dhania Union,4848,0.6,11.2,86.7,1.5,2.0,43.0,45.6,9.4,00110
9.0,21.0,XX.0,XXX,XX,01,  Burhanuddin Upazila,40398,1.2,6.1,89.5,3.2,6.8,56.8,30.7,5.6,00110
9.0,21.0,16.0,XXX,XX,01,  Bara Manika Union,5681,0.5,3.5,94.7,1.3,10.1,52.2,33.4,4.3,00110
9.0,21.0,57.0,XXX,XX,01,  Kutba Union,1467,1.6,7.2,87.0,4.2,1.8,65.6,26.2,6.4,00110
9.0,25.0,XX.0,XXX,XX,01,  Char Fasson Upazila,85655,0.7,5.3,87.6,6.4,6.7,40.6,43.3,9.3,00110
9.0,29.0,XX.0,XXX,XX,01,  Daulat Khan Upazila,31407,1.7,8.2,86.2,4.0,6.8,54.9,33.1,5.1,00110
9.0,54.0,XX.0,XXX,XX,01,  Lalmohan Upazila,53372,1.0,4.6,91.6,2.8,10.4,58.7,26.6,4.2,00110
9.0,65.0,XX.0,XXX,XX,01,  Manpura Upazila,16807,0.6,1.5,79.2,18.7,1.2,25.4,55.3,18.2,00110
9.0,65.0,23.0,XXX,XX,01,  Hajirhat Union,5299,1.0,1.7,80.2,17.1,1.5,32.3,55.3,10.9,00110
9.0,91.0,XX.0,XXX,XX,01,  Tazumuddin Upazila,24149,1.1,2.8,91.9,4.2,10.4,60.7,26.4,2.5,00110
9.0,91.0,57.0,XXX,XX,01,  Chandpur Union,4720,0.7,3.1,89.6,6.6,12.1,62.5,23.5,1.9,00110
4.0,XX.0,XX.0,XXX,XX,01, Barguna Zila,190564,1.1,3.2,91.8,3.9,24.7,48.3,24.4,2.6,00110
4.0,9.0,XX.0,XXX,XX,01,  Amtali Upazila,58015,0.6,2.8,88.8,7.8,21.4,45.2,28.9,4.5,00110
4.0,9.0,13.0,XXX,XX,01,  Amtali Union,4541,0.4,2.0,90.6,7.0,11.9,46.4,37.8,3.9,00110
4.0,19.0,XX.0,XXX,XX,01,  Bamna Upazila,17735,2.0,3.5,92.3,2.2,36.6,47.5,14.6,1.3,00110
4.0,19.0,23.0,XXX,XX,01,  Bamna Union,2905,1.2,3.1,86.6,9.1,28.4,45.3,23.2,3.1,00110
4.0,28.0,XX.0,XXX,XX,01,  Barguna Sadar Upazila,54609,1.3,3.5,93.3,2.0,22.6,49.6,25.3,2.6,00110
4.0,47.0,XX.0,XXX,XX,01,  Betagi Upazila,24646,1.2,3.9,93.3,1.5,26.8,50.0,21.8,1.4,00110
4.0,47.0,11.0,XXX,XX,01,  Betagi Union,3142,1.7,4.3,93.8,0.2,19.3,74.4,5.5,0.8,00110
4.0,85.0,XX.0,XXX,XX,01,  Patharghata Upazila,35559,1.0,3.1,93.1,2.9,25.8,50.7,22.4,1.2,00110
4.0,85.0,23.0,XXX,XX,01,  Kakchira Union,4656,1.1,4.1,91.2,3.6,16.5,54.5,27.8,1.2,00110
4.0,85.0,35.0,XXX,XX,01,  Kalmegha Union,5048,0.8,1.8,94.3,3.1,16.1,53.4,29.9,0.6,00110
4.0,85.0,71.0,XXX,XX,01,  Patharghata Union,7122,0.8,2.8,95.0,1.4,25.9,50.0,22.5,1.6,00110
52.0,XX.0,XX.0,XXX,XX,01, Lalmonirhat Zila,261126,0.9,7.0,89.5,2.6,27.7,31.1,31.3,9.8,00110
52.0,2.0,XX.0,XXX,XX,01,  Aditmari Upazila,47644,0.8,5.2,92.0,2.0,43.5,34.6,15.8,6.1,00110
52.0,2.0,10.0,XXX,XX,01,  Bhadai Union,1505,2.1,5.3,89.8,2.7,90.7,8.2,0.7,0.4,00110
52.0,33.0,XX.0,XXX,XX,01,  Hatibandha Upazila,53037,1.3,8.0,88.5,2.2,19.3,36.3,38.3,6.1,00110
52.0,33.0,76.0,XXX,XX,01,  Shingimari Union,5267,1.5,11.0,86.8,0.6,40.2,27.3,29.2,3.3,00110
52.0,39.0,XX.0,XXX,XX,01,  Kaligang Upazila,53823,0.8,6.6,91.6,1.0,43.3,31.3,17.5,7.9,00110
52.0,39.0,95.0,XXX,XX,01,  Tushbhandar Union,6576,0.8,7.8,90.1,1.4,30.6,39.1,24.2,6.1,00110
52.0,55.0,XX.0,XXX,XX,01,  Lalmonirhat Sadar Upazila,65175,0.9,7.9,88.9,2.4,17.4,30.3,40.4,11.9,00110
52.0,70.0,XX.0,XXX,XX,01,  Patgram Upazila,41447,0.5,6.8,86.5,6.2,16.3,21.5,44.0,18.1,00110
77.0,XX.0,XX.0,XXX,XX,01, Panchagarh Zila,206116,1.1,8.4,87.5,3.0,36.1,27.8,21.1,15.0,00110
77.0,4.0,XX.0,XXX,XX,01,  Atwari Upazila,29208,1.5,13.3,82.4,2.8,52.8,16.4,12.3,18.4,00110
77.0,4.0,67.0,XXX,XX,01,  Radhanagar Union,3101,1.9,10.9,86.7,0.5,55.3,19.2,11.5,14.0,00110
77.0,4.0,81.0,XXX,XX,01,  Taria Union,5037,2.9,12.7,82.7,1.7,42.5,26.9,12.1,18.5,00110
77.0,25.0,XX.0,XXX,XX,01,  Boda Upazila,51582,1.4,8.1,85.4,5.1,22.4,35.2,26.7,15.7,00110
77.0,25.0,73.0,XXX,XX,01,  Maidan Dighi Union,4880,1.1,9.1,89.3,0.5,30.1,37.1,18.2,14.7,00110
77.0,34.0,XX.0,XXX,XX,01,  Debiganj Upazila,48933,0.8,6.6,91.4,1.2,20.8,23.3,37.4,18.5,00110
77.0,34.0,47.0,XXX,XX,01,  Debiganj Union,3032,0.1,8.4,91.0,0.5,12.2,18.0,37.3,32.6,00110
77.0,73.0,XX.0,XXX,XX,01,  Panchagarh Sadar Upazila,49853,1.1,7.4,88.3,3.2,53.3,29.5,7.1,10.0,00110
77.0,73.0,36.0,XXX,XX,01,  Dhakkamara Union,5562,1.1,15.9,82.9,0.2,58.4,24.1,7.9,9.6,00110
77.0,90.0,XX.0,XXX,XX,01,  Tentulia Upazila,26540,0.7,8.8,88.8,1.6,40.4,30.8,16.2,12.5,00110
77.0,90.0,81.0,XXX,XX,01,  Tentulia Union,3427,0.6,6.2,89.9,3.3,55.0,28.5,7.4,9.0,00110
85.0,XX.0,XX.0,XXX,XX,01, Rangpur Zila,619571,1.5,13.4,81.8,3.3,14.9,23.9,38.2,23.0,00110
85.0,3.0,XX.0,XXX,XX,01,  Badarganj Upazila,65590,2.3,15.0,79.5,3.3,12.1,14.7,46.1,27.0,00110
85.0,27.0,XX.0,XXX,XX,01,  Gangachara Upazila,70354,1.2,5.4,89.9,3.6,17.8,23.2,33.1,25.9,00110
85.0,27.0,31.0,XXX,XX,01,  Gangachara Union,6674,2.3,7.2,88.9,1.6,40.6,32.5,15.3,11.6,00110
85.0,42.0,XX.0,XXX,XX,01,  Kaunia Upazila,41494,1.9,8.9,87.6,1.5,14.0,37.7,35.2,13.1,00110
85.0,49.0,XX.0,XXX,XX,01,  Rangpur Sadar Upazila,99944,1.6,12.9,82.9,2.6,19.9,28.6,28.6,23.0,00110
85.0,58.0,XX.0,XXX,XX,01,  Mithapukur Upazila,133209,1.6,17.2,76.8,4.4,8.7,18.5,47.2,25.7,00110
85.0,58.0,49.0,XXX,XX,01,  Durgapur Union,11055,3.2,28.0,63.9,4.8,7.9,15.9,50.6,25.6,00110
85.0,73.0,XX.0,XXX,XX,01,  Pirgachha Upazila,78976,1.0,8.7,87.9,2.5,13.0,33.9,39.9,13.2,00110
85.0,73.0,76.0,XXX,XX,01,  Pirgachha Union,8226,1.7,15.0,82.3,0.9,12.9,33.8,43.5,9.8,00110
85.0,76.0,XX.0,XXX,XX,01,  Pirganj Upazila,97817,1.4,19.1,75.1,4.5,18.3,21.2,33.4,27.1,00110
85.0,76.0,69.0,XXX,XX,01,  Pirganj Union,5898,1.4,22.2,67.4,9.1,14.0,9.1,31.3,45.6,00110
85.0,76.0,75.0,XXX,XX,01,  Roypur Union,5256,2.0,19.9,75.6,2.5,17.8,23.2,36.7,22.3,00110
85.0,92.0,XX.0,XXX,XX,01,  Taraganj Upazila,32187,1.5,13.3,83.7,1.5,21.1,18.1,40.1,20.7,00110
85.0,92.0,71.0,XXX,XX,01,  Kursha Union,5168,2.1,17.6,78.9,1.4,42.0,14.4,26.9,16.7,00110
49.0,XX.0,XX.0,XXX,XX,01, Kurigram Zila,429920,0.6,5.5,92.5,1.4,16.7,40.1,32.2,11.0,00110
49.0,6.0,XX.0,XXX,XX,01,  Bhurungamari Upazila,50335,0.5,3.4,92.9,3.2,15.6,60.5,16.7,7.1,00110
49.0,6.0,19.0,XXX,XX,01,  Bhurungamari Union,3987,1.0,2.2,96.8,0.1,11.8,67.6,11.9,8.8,00110
49.0,8.0,XX.0,XXX,XX,01,  Char Rajibpur Upazila,13691,0.2,1.3,98.0,0.6,16.6,52.1,23.9,7.4,00110
49.0,8.0,19.0,XXX,XX,01,  Char Rajibpur Union,4748,0.3,3.3,96.0,0.3,11.0,51.3,32.2,5.6,00110
49.0,9.0,XX.0,XXX,XX,01,  Chilmari Upazila,19738,0.3,2.8,94.2,2.7,19.1,42.7,23.9,14.3,00110
49.0,9.0,83.0,XXX,XX,01,  Thanahat Union,5665,0.5,6.7,90.3,2.5,13.5,36.2,32.1,18.2,00110
49.0,18.0,XX.0,XXX,XX,01,  Phulbari Sadar Upazila,36411,0.8,6.5,92.1,0.6,27.5,44.5,21.1,6.8,00110
49.0,18.0,40.0,XXX,XX,01,  Phulbari Union,4674,1.0,7.6,90.9,0.6,32.0,42.7,16.5,8.8,00110
49.0,52.0,XX.0,XXX,XX,01,  Kurigram Sadar Upazila,54521,0.9,6.0,91.3,1.9,11.8,21.6,53.0,13.5,00110
49.0,52.0,17.0,XXX,XX,01,  Belgachha Union,5473,1.6,15.8,79.6,3.1,14.6,26.3,51.6,7.5,00110
49.0,61.0,XX.0,XXX,XX,01,  Nageshwari Upazila,78766,0.4,4.2,94.4,1.0,20.0,37.3,32.6,10.1,00110
49.0,77.0,XX.0,XXX,XX,01,  Rajarhat Upazila,44212,0.7,10.9,87.4,1.0,15.0,39.6,38.9,6.6,00110
49.0,77.0,21.0,XXX,XX,01,  Chakirpashar Union,5881,1.1,8.7,90.0,0.3,18.7,47.0,23.8,10.4,00110
49.0,77.0,73.0,XXX,XX,01,  Rajarhat Union,7281,0.5,13.3,84.8,1.5,12.1,52.5,30.6,4.9,00110
49.0,79.0,XX.0,XXX,XX,01,  Raumari Upazila,40759,0.5,3.3,94.9,1.3,15.4,42.5,33.3,8.8,00110
49.0,79.0,71.0,XXX,XX,01,  Raumari Union,4881,0.3,3.0,93.8,2.9,11.3,49.2,24.0,15.5,00110
49.0,94.0,XX.0,XXX,XX,01,  Ulipur Upazila,91487,0.5,6.7,91.8,1.0,14.1,37.2,31.8,16.9,00110
32.0,XX.0,XX.0,XXX,XX,01, Gaibandha Zila,561124,1.3,11.1,85.6,2.1,9.4,19.1,44.7,26.8,00110
32.0,21.0,XX.0,XXX,XX,01,  Fulchhari Upazila,38816,0.6,3.5,94.3,1.6,9.2,30.2,41.9,18.6,00110
32.0,21.0,47.0,XXX,XX,01,  Gazaria Union,3243,0.9,4.3,93.5,1.3,8.3,28.6,39.1,24.1,00110
32.0,24.0,XX.0,XXX,XX,01,  Gaibandha Sadar Upazila,87961,1.2,9.5,86.7,2.6,5.9,11.1,52.6,30.4,00110
32.0,24.0,14.0,XXX,XX,01,  Ballamjhar Union,10291,2.8,10.7,84.1,2.4,5.5,7.5,54.3,32.8,00110
32.0,24.0,21.0,XXX,XX,01,  Boali Union,8732,1.2,13.1,84.1,1.6,1.8,8.3,66.6,23.3,00110
32.0,24.0,58.0,XXX,XX,01,  Kholahati Union,6387,0.4,11.3,84.7,3.6,12.1,13.9,45.3,28.7,00110
32.0,24.0,85.0,XXX,XX,01,  Mollar Char Union,1461,0.1,0.0,99.9,0.1,11.6,32.1,48.3,7.9,00110
32.0,30.0,XX.0,XXX,XX,01,  Gobindaganj Upazila,122760,1.4,15.7,81.9,1.1,11.4,17.0,39.0,32.6,00110
32.0,67.0,XX.0,XXX,XX,01,  Palashbari Upazila,57703,1.8,17.1,78.0,3.1,10.6,15.1,44.2,30.2,00110
32.0,67.0,85.0,XXX,XX,01,  Palashbari Union,3320,3.0,28.0,67.1,1.9,7.1,16.8,38.9,37.2,00110
32.0,82.0,XX.0,XXX,XX,01,  Sadullapur Upazila,72054,1.6,12.7,84.0,1.6,13.3,25.1,38.5,23.1,00110
32.0,82.0,13.0,XXX,XX,01,  Banagram Union,4950,0.6,13.3,84.3,1.8,12.8,37.5,33.7,16.0,00110
32.0,82.0,60.0,XXX,XX,01,  Jamalpur Union,7159,2.5,9.2,87.3,0.9,6.8,16.0,57.5,19.7,00110
32.0,88.0,XX.0,XXX,XX,01,  Saghata Upazila,64999,1.0,9.2,88.8,1.1,9.8,22.3,51.6,16.3,00110
32.0,88.0,19.0,XXX,XX,01,  Bonar Para Union,5694,1.3,11.9,84.6,2.2,11.8,15.0,47.9,25.3,00110
32.0,88.0,85.0,XXX,XX,01,  Saghata Union,4318,0.5,5.8,93.1,0.6,15.7,40.4,37.1,6.9,00110
32.0,91.0,XX.0,XXX,XX,01,  Sundarganj Upazila,116831,1.1,7.1,88.8,3.1,6.8,20.3,45.7,27.2,00110
32.0,91.0,31.0,XXX,XX,01,  Dahabanda Union,5659,3.7,9.3,82.0,5.1,11.2,18.7,43.0,27.1,00110
73.0,XX.0,XX.0,XXX,XX,01, Nilphamari Zila,358647,1.2,7.8,89.4,1.5,11.5,17.1,47.3,24.1,00110
73.0,12.0,XX.0,XXX,XX,01,  Dimla Upazila,59055,0.9,5.3,91.2,2.6,8.2,19.8,60.3,11.7,00110
73.0,12.0,19.0,XXX,XX,01,  Dimla Union,5785,0.1,6.7,92.3,0.9,0.3,13.3,68.3,18.1,00110
73.0,15.0,XX.0,XXX,XX,01,  Domar Upazila,48719,1.2,7.3,90.8,0.7,13.2,29.9,40.0,17.0,00110
73.0,15.0,19.0,XXX,XX,01,  Bhogdabari Union,6474,1.6,7.4,90.6,0.4,1.1,46.1,36.5,16.2,00110
73.0,15.0,28.0,XXX,XX,01,  Boragari Union,4753,1.4,8.5,89.3,0.8,2.8,14.8,54.1,28.4,00110
73.0,15.0,38.0,XXX,XX,01,  Domar Union,2761,2.3,16.0,81.5,0.2,8.9,24.8,52.7,13.6,00110
73.0,36.0,XX.0,XXX,XX,01,  Jaldhaka Upazila,68747,0.6,5.8,93.2,0.4,15.8,19.3,48.8,16.2,00110
73.0,45.0,XX.0,XXX,XX,01,  Kishoreganj Upazila,63411,1.2,6.9,88.9,3.1,3.4,8.5,44.1,44.1,00110
73.0,45.0,51.0,XXX,XX,01,  Kishoreganj Union,7090,1.3,6.5,88.5,3.7,1.7,5.2,39.0,54.1,00110
73.0,64.0,XX.0,XXX,XX,01,  Nilphamari Sadar Upazila,87580,1.9,7.9,89.5,0.8,13.6,12.9,47.1,26.4,00110
73.0,85.0,XX.0,XXX,XX,01,  Saidpur Upazila,31135,1.7,19.4,76.6,2.2,16.9,15.9,38.1,29.1,00110
73.0,85.0,23.0,XXX,XX,01,  Bangalipur Union,3844,4.2,31.7,63.6,0.5,26.0,23.8,43.2,7.0,00110
94.0,XX.0,XX.0,XXX,XX,01, Thakurgaon Zila,283721,1.9,17.4,75.9,4.9,10.5,13.8,46.4,29.3,00110
94.0,8.0,XX.0,XXX,XX,01,  Baliadangi Upazila,41729,2.2,16.3,72.7,8.8,2.1,4.1,44.0,49.8,00110
94.0,8.0,21.0,XXX,XX,01,  Barabari Union,3969,1.0,23.4,70.5,5.1,1.1,7.3,38.5,53.1,00110
94.0,8.0,73.0,XXX,XX,01,  Duosuo Union,4995,5.8,17.5,71.4,5.3,1.5,2.7,57.5,38.3,00110
94.0,51.0,XX.0,XXX,XX,01,  Haripur Upazila,30913,1.9,17.6,78.7,1.8,22.8,15.6,37.7,23.9,00110
94.0,51.0,81.0,XXX,XX,01,  Haripur Union,3759,2.0,18.4,77.9,1.7,10.4,7.7,63.8,18.1,00110
94.0,82.0,XX.0,XXX,XX,01,  Pirganj Upazila,51720,1.4,18.7,68.3,11.6,19.9,15.1,39.3,25.7,00110
94.0,86.0,XX.0,XXX,XX,01,  Ranisankail Upazila,47138,1.8,20.5,74.2,3.5,14.6,14.3,44.5,26.7,00110
94.0,94.0,XX.0,XXX,XX,01,  Thakurgaon Sadar Upazila,112221,2.0,15.8,80.5,1.7,4.2,16.1,53.7,26.0,00110
94.0,94.0,52.0,XXX,XX,01,  Jamalpur Union,4667,0.9,20.7,73.9,4.5,3.1,14.5,51.7,30.7,00110
94.0,94.0,58.0,XXX,XX,01,  Mohammadpur Union,3936,1.7,22.4,75.5,0.4,6.6,28.8,32.1,32.6,00110
94.0,94.0,68.0,XXX,XX,01,  Rahimanpur Union,6561,7.2,21.4,66.3,5.2,3.9,18.1,48.3,29.6,00110
27.0,XX.0,XX.0,XXX,XX,01, Dinajpur Zila,609562,3.5,20.1,71.6,4.8,29.7,14.4,29.9,26.0,00110
27.0,10.0,XX.0,XXX,XX,01,  Birampur Upazila,30716,1.6,21.4,70.8,6.2,38.6,20.5,27.8,13.1,00110
27.0,10.0,71.0,XXX,XX,01,  Khanpur Union,4112,3.2,11.0,84.4,1.5,52.7,15.5,16.5,15.2,00110
27.0,10.0,83.0,XXX,XX,01,  Pali Prayagpur Union,1956,1.3,38.4,55.4,4.9,55.3,15.5,17.1,12.1,00110
27.0,12.0,XX.0,XXX,XX,01,  Birganj Upazila,69272,2.3,14.5,77.8,5.4,29.2,16.5,32.4,21.9,00110
27.0,17.0,XX.0,XXX,XX,01,  Biral Upazila,59200,3.2,23.2,68.4,5.2,27.8,8.3,21.6,42.4,00110
27.0,17.0,28.0,XXX,XX,01,  Biral Union,6111,1.3,28.0,66.2,4.5,25.3,5.6,19.0,50.1,00110
27.0,21.0,XX.0,XXX,XX,01,  Bochaganj Upazila,32082,1.6,21.4,75.9,1.1,42.2,12.2,17.5,28.1,00110
27.0,30.0,XX.0,XXX,XX,01,  Chirirbandar Upazila,66438,4.8,21.3,70.0,3.9,18.9,15.3,41.9,23.9,00110
27.0,30.0,13.0,XXX,XX,01,  Abdulpur Union,7046,4.4,26.5,68.5,0.7,10.4,15.5,50.8,23.3,00110
27.0,38.0,XX.0,XXX,XX,01,  Fulbari Upazila,34915,3.3,24.3,67.4,4.9,39.4,12.5,26.7,21.5,00110
27.0,43.0,XX.0,XXX,XX,01,  Ghoraghat Upazila,24271,1.3,16.2,73.6,8.9,42.0,16.8,29.4,11.8,00110
27.0,43.0,38.0,XXX,XX,01,  Ghoraghat Union,2774,0.4,6.6,92.1,0.9,18.4,22.6,47.5,11.5,00110
27.0,47.0,XX.0,XXX,XX,01,  Hakimpur Upazila,16203,1.9,14.6,80.5,3.1,36.4,19.5,30.1,13.9,00110
27.0,56.0,XX.0,XXX,XX,01,  Kaharole Upazila,35005,3.9,18.1,73.1,4.8,32.5,12.3,31.6,23.6,00110
27.0,56.0,31.0,XXX,XX,01,  Mukundapur Union,5450,3.0,14.9,76.6,5.5,40.3,14.4,22.9,22.4,00110
27.0,60.0,XX.0,XXX,XX,01,  Khansama Upazila,37281,2.6,13.2,79.5,4.7,31.3,15.9,36.5,16.3,00110
27.0,60.0,15.0,XXX,XX,01,  Alokjhari Union,5638,1.7,8.6,88.9,0.7,11.3,14.6,58.7,15.4,00110
27.0,64.0,XX.0,XXX,XX,01,  Dinajpur Sadar Upazila,69519,7.0,24.2,62.8,6.0,27.9,11.6,26.6,33.9,00110
27.0,64.0,69.0,XXX,XX,01,  Shashara Union,5856,5.8,28.1,57.8,8.3,28.1,8.6,32.1,31.3,00110
27.0,64.0,77.0,XXX,XX,01,  Sekhpura Union,7373,3.3,31.2,55.9,9.7,21.1,11.3,30.2,37.4,00110
27.0,69.0,XX.0,XXX,XX,01,  Nawabganj Upazila,56003,2.0,21.5,71.8,4.7,32.8,19.0,27.6,20.6,00110
27.0,69.0,17.0,XXX,XX,01,  Binodnagar Union,7752,3.0,30.9,57.9,8.2,19.2,13.0,32.3,35.6,00110
27.0,69.0,43.0,XXX,XX,01,  Golapganj Union,6659,1.3,13.2,84.0,1.5,18.8,23.8,44.4,12.9,00110
27.0,77.0,XX.0,XXX,XX,01,  Parbatipur Upazila,78657,4.7,21.0,70.9,3.4,20.0,13.8,31.5,34.7,00110
27.0,77.0,86.0,XXX,XX,01,  Rampur Union,6438,6.3,24.9,65.1,3.7,34.4,15.4,19.9,30.3,00110
10.0,XX.0,XX.0,XXX,XX,01, Bogra Zila,707118,2.2,16.0,80.6,1.2,30.0,31.7,26.7,11.7,00110
10.0,6.0,XX.0,XXX,XX,01,  Adamdighi Upazila,39448,3.9,12.1,82.6,1.4,27.0,29.7,30.8,12.5,00110
10.0,6.0,13.0,XXX,XX,01,  Adam Dighi Union,5691,3.4,11.6,84.9,0.2,11.1,33.0,45.0,10.9,00110
10.0,20.0,XX.0,XXX,XX,01,  Bogra Sadar Upazila,50430,3.0,32.8,62.8,1.4,33.6,29.9,29.7,6.8,00110
10.0,27.0,XX.0,XXX,XX,01,  Dhunat Upazila,69240,0.7,5.9,92.9,0.6,24.8,41.0,25.5,8.7,00110
10.0,27.0,38.0,XXX,XX,01,  Dhunat Union,4911,0.5,10.3,88.8,0.3,28.6,52.3,14.1,5.0,00110
10.0,33.0,XX.0,XXX,XX,01,  Dhupchanchia Upazila,39931,3.1,14.1,81.9,0.9,40.7,20.0,26.8,12.5,00110
10.0,40.0,XX.0,XXX,XX,01,  Gabtali Upazila,77845,2.0,17.2,80.3,0.4,34.4,29.5,26.0,10.1,00110
10.0,54.0,XX.0,XXX,XX,01,  Kahaloo Upazila,54572,2.5,16.6,80.2,0.7,32.3,34.6,24.1,8.9,00110
10.0,67.0,XX.0,XXX,XX,01,  Nandigram Upazila,41288,2.3,6.9,88.7,2.1,28.2,37.1,24.5,10.3,00110
10.0,81.0,XX.0,XXX,XX,01,  Sariakandi Upazila,70462,0.8,5.1,93.3,0.8,29.0,37.0,23.0,11.0,00110
10.0,85.0,XX.0,XXX,XX,01,  Shajahanpur Upazila,59119,3.6,21.8,73.2,1.4,35.3,34.8,23.9,6.0,00110
10.0,88.0,XX.0,XXX,XX,01,  Sherpur Upazila,69208,1.5,16.2,79.3,3.0,32.3,36.8,23.2,7.7,00110
10.0,88.0,28.0,XXX,XX,01,  Garidaha Union,9616,2.3,25.4,67.8,4.5,37.6,35.1,23.1,4.2,00110
10.0,88.0,57.0,XXX,XX,01,  Kusumbi Union,8072,2.3,18.1,72.0,7.5,28.1,34.6,28.4,8.9,00110
10.0,88.0,77.0,XXX,XX,01,  Shah-Bandegi Union,6163,2.2,31.5,63.5,2.8,29.5,49.0,17.8,3.7,00110
10.0,94.0,XX.0,XXX,XX,01,  Shibganj Upazila,93555,2.7,24.5,71.9,1.0,23.9,21.8,30.1,24.3,00110
10.0,95.0,XX.0,XXX,XX,01,  Sonatola Upazila,42020,1.9,15.3,82.1,0.7,21.4,26.8,35.7,16.1,00110
88.0,XX.0,XX.0,XXX,XX,01, Sirajganj Zila,614825,1.1,7.5,90.3,1.1,15.8,43.1,36.3,4.8,00110
88.0,11.0,XX.0,XXX,XX,01,  Belkuchi Upazila,58083,1.4,10.0,87.1,1.6,11.5,40.6,42.5,5.3,00110
88.0,27.0,XX.0,XXX,XX,01,  Chauhali Upazila,34313,0.4,1.7,97.0,0.9,2.8,33.3,60.4,3.5,00110
88.0,27.0,27.0,XXX,XX,01,  Khas Kaulia Union,802,0.1,2.6,94.4,2.9,1.1,60.6,36.5,1.7,00110
88.0,27.0,47.0,XXX,XX,01,  Sadia Chandpur Union,5214,1.3,6.6,89.9,2.2,11.2,54.0,29.1,5.8,00110
88.0,44.0,XX.0,XXX,XX,01,  Kamarkhanda Upazila,29562,0.8,10.7,87.5,1.0,23.3,50.1,22.8,3.8,00110
88.0,44.0,38.0,XXX,XX,01,  Jamtail Union,6717,0.8,10.3,87.9,1.0,28.8,48.8,20.0,2.4,00110
88.0,50.0,XX.0,XXX,XX,01,  Kazipur Upazila,65231,0.5,3.9,95.0,0.6,35.5,43.6,16.3,4.6,00110
88.0,50.0,25.0,XXX,XX,01,  Gandail Union,6945,1.3,15.4,83.2,0.1,47.6,41.5,8.0,3.0,00110
88.0,50.0,77.0,XXX,XX,01,  Sonamukhi Union,8119,0.6,4.4,94.2,0.7,10.2,45.5,39.5,4.8,00110
88.0,61.0,XX.0,XXX,XX,01,  Royganj Upazila,72332,1.2,7.3,90.6,0.8,14.5,46.5,29.3,9.7,00110
88.0,61.0,38.0,XXX,XX,01,  Dhangara Union,7223,0.4,4.9,94.1,0.7,28.4,46.4,16.4,8.8,00110
88.0,67.0,XX.0,XXX,XX,01,  Shahjadpur Upazila,107366,1.4,6.6,89.7,2.3,8.4,34.4,54.2,3.0,00110
88.0,67.0,14.0,XXX,XX,01,  Gala Union,6186,0.2,0.7,91.1,8.0,5.9,16.6,75.5,1.9,00110
88.0,78.0,XX.0,XXX,XX,01,  Sirajganj Sadar Upazila,87916,0.9,7.1,91.2,0.8,15.6,39.3,40.0,5.0,00110
88.0,78.0,16.0,XXX,XX,01,  Baghbati Union,10248,0.7,7.5,91.6,0.2,22.5,46.3,25.9,5.4,00110
88.0,89.0,XX.0,XXX,XX,01,  Tarash Upazila,46779,1.4,6.6,90.3,1.7,17.8,48.8,26.5,7.0,00110
88.0,89.0,84.0,XXX,XX,01,  Tarash Union,4614,2.3,7.8,87.4,2.4,2.4,57.5,36.7,3.5,00110
88.0,94.0,XX.0,XXX,XX,01,  Ullah Para Upazila,113243,1.1,10.7,87.7,0.4,15.7,51.8,29.4,3.1,00110
81.0,XX.0,XX.0,XXX,XX,01, Rajshahi Zila,435295,5.5,23.6,66.3,4.7,16.2,29.5,43.2,11.2,00110
81.0,10.0,XX.0,XXX,XX,01,  Bagha Upazila,35602,2.8,35.0,52.4,9.9,10.0,23.2,57.1,9.7,00110
81.0,12.0,XX.0,XXX,XX,01,  Baghmara Upazila,84386,3.0,28.9,67.0,1.1,21.1,35.7,36.1,7.2,00110
81.0,12.0,50.0,XXX,XX,01,  Ganipur Union,8938,10.0,16.6,72.8,0.6,5.6,42.5,46.9,4.9,00110
81.0,25.0,XX.0,XXX,XX,01,  Charghat Upazila,42658,4.5,32.8,57.9,4.7,16.6,25.5,46.7,11.2,00110
81.0,31.0,XX.0,XXX,XX,01,  Durgapur Upazila,41039,2.5,20.4,73.5,3.6,9.7,46.2,39.3,4.8,00110
81.0,31.0,11.0,XXX,XX,01,  Deluabari Union,5998,3.2,16.0,77.2,3.6,10.1,42.9,44.3,2.7,00110
81.0,34.0,XX.0,XXX,XX,01,  Godagari Upazila,59027,7.2,14.4,74.6,3.8,8.1,14.3,54.2,23.4,00110
81.0,34.0,57.0,XXX,XX,01,  Matikata Union,8735,8.8,25.7,62.5,2.9,7.9,15.0,64.0,13.1,00110
81.0,53.0,XX.0,XXX,XX,01,  Mohanpur Upazila,36128,4.3,17.0,76.4,2.3,19.6,38.4,39.0,3.0,00110
81.0,53.0,13.0,XXX,XX,01,  Bakshimail Union,4299,2.0,17.6,78.0,2.3,12.6,41.8,41.1,4.6,00110
81.0,53.0,81.0,XXX,XX,01,  Royghati Union,3012,1.0,16.1,81.9,1.0,17.9,30.8,46.2,5.1,00110
81.0,72.0,XX.0,XXX,XX,01,  Paba Upazila,55528,15.7,26.8,48.2,9.2,18.7,21.7,49.5,10.1,00110
81.0,82.0,XX.0,XXX,XX,01,  Puthia Upazila,46390,4.5,27.9,59.2,8.4,24.3,38.5,29.2,8.0,00110
81.0,82.0,13.0,XXX,XX,01,  Baneshwar Union,8249,7.1,28.2,54.9,9.8,23.0,36.1,37.1,3.8,00110
81.0,82.0,81.0,XXX,XX,01,  Silmaria Union,9147,3.9,27.2,67.5,1.4,51.3,39.0,7.7,2.0,00110
81.0,94.0,XX.0,XXX,XX,01,  Tanore Upazila,34537,2.0,3.0,94.2,0.7,12.8,22.8,40.3,24.1,00110
64.0,XX.0,XX.0,XXX,XX,01, Naogaon Zila,588878,2.8,20.3,73.4,3.5,15.7,18.1,33.3,33.0,00110
64.0,3.0,XX.0,XXX,XX,01,  Atrai Upazila,42510,3.7,31.8,62.3,2.2,22.7,40.4,27.6,9.4,00110
64.0,3.0,10.0,XXX,XX,01,  Ahsanganj Union,5118,3.6,22.3,73.3,0.8,20.4,54.4,18.3,6.8,00110
64.0,3.0,21.0,XXX,XX,01,  Bhopara Union,4116,11.3,19.7,68.2,0.9,26.2,33.5,30.6,9.7,00110
64.0,3.0,73.0,XXX,XX,01,  Panchupur Union,4923,2.8,33.5,63.0,0.7,24.2,32.3,38.7,4.8,00110
64.0,6.0,XX.0,XXX,XX,01,  Badalgachhi Upazila,52274,3.3,35.5,50.2,10.9,15.0,16.2,26.8,42.0,00110
64.0,6.0,21.0,XXX,XX,01,  Badalgachhi Union,6105,5.6,20.1,68.4,5.9,12.2,21.6,19.2,47.1,00110
64.0,28.0,XX.0,XXX,XX,01,  Dhamoirhat Upazila,44480,2.0,13.2,82.4,2.4,17.0,12.4,30.7,40.0,00110
64.0,28.0,63.0,XXX,XX,01,  Jahanpur Union,6134,3.1,23.1,70.9,2.9,11.0,11.5,34.6,42.8,00110
64.0,47.0,XX.0,XXX,XX,01,  Manda Upazila,93924,3.2,30.4,61.1,5.3,13.3,18.5,46.7,21.5,00110
64.0,47.0,54.0,XXX,XX,01,  Kusumba Union,8256,2.9,34.3,61.6,1.2,9.7,20.2,55.1,15.0,00110
64.0,47.0,67.0,XXX,XX,01,  Manda Union,6822,3.8,30.0,63.3,2.9,16.0,12.6,44.7,26.7,00110
64.0,47.0,88.0,XXX,XX,01,  Prasadpur Union,6046,4.5,40.6,46.4,8.4,16.3,17.0,37.4,29.3,00110
64.0,50.0,XX.0,XXX,XX,01,  Mahadebpur Upazila,72068,2.7,13.6,81.9,1.8,15.1,15.6,30.2,39.2,00110
64.0,50.0,57.0,XXX,XX,01,  Khajur Union,7892,1.5,15.9,80.9,1.6,20.9,12.5,22.5,44.1,00110
64.0,50.0,66.0,XXX,XX,01,  Mahadebpur Union,6746,1.9,15.7,78.8,3.5,27.9,6.1,26.4,39.6,00110
64.0,60.0,XX.0,XXX,XX,01,  Naogaon Sadar Upazila,64863,4.7,39.3,51.5,4.5,19.0,19.9,35.8,25.3,00110
64.0,69.0,XX.0,XXX,XX,01,  Niamatpur Upazila,60197,1.7,2.5,94.7,1.2,17.2,16.2,24.7,41.9,00110
64.0,69.0,52.0,XXX,XX,01,  Niamatpur Union,5691,2.1,3.8,92.4,1.7,9.7,22.1,25.4,42.9,00110
64.0,75.0,XX.0,XXX,XX,01,  Patnitala Upazila,53274,2.1,6.4,90.0,1.6,11.1,12.9,32.9,43.2,00110
64.0,79.0,XX.0,XXX,XX,01,  Porsha Upazila,28192,2.2,3.8,91.6,2.4,11.2,12.3,25.6,50.9,00110
64.0,79.0,55.0,XXX,XX,01,  Nithpur Union,4546,1.5,5.3,91.5,1.8,4.8,5.8,48.1,41.3,00110
64.0,85.0,XX.0,XXX,XX,01,  Raninagar Upazila,43855,3.1,23.6,71.4,1.9,23.4,24.2,35.4,17.1,00110
64.0,85.0,84.0,XXX,XX,01,  Raninagar Union,4215,2.2,30.4,66.5,0.9,23.2,28.7,36.8,11.3,00110
64.0,86.0,XX.0,XXX,XX,01,  Sapahar Upazila,33241,1.5,4.3,92.4,1.8,5.8,9.4,37.9,46.9,00110
64.0,86.0,71.0,XXX,XX,01,  Sapahar Union,4095,1.7,3.2,93.9,1.1,3.3,12.3,30.1,54.3,00110
64.0,86.0,79.0,XXX,XX,01,  Shiranti Union,5901,1.5,2.7,94.6,1.2,3.9,8.6,57.0,30.5,00110
76.0,XX.0,XX.0,XXX,XX,01, Pabna Zila,500675,4.1,12.3,82.0,1.7,24.6,43.5,28.2,3.6,00110
76.0,5.0,XX.0,XXX,XX,01,  Atgharia Upazila,35025,3.6,13.5,81.4,1.5,26.7,52.9,17.7,2.7,00110
76.0,16.0,XX.0,XXX,XX,01,  Bera Upazila,46363,1.8,11.7,83.3,3.2,13.8,34.1,46.7,5.4,00110
76.0,19.0,XX.0,XXX,XX,01,  Bhangura Upazila,24110,1.5,11.2,85.6,1.7,33.4,46.5,18.0,2.1,00110
76.0,22.0,XX.0,XXX,XX,01,  Chatmohar Upazila,66831,2.9,10.5,85.3,1.3,31.7,47.9,17.8,2.6,00110
76.0,33.0,XX.0,XXX,XX,01,  Faridpur Upazila,27627,2.2,12.9,83.6,1.2,25.9,46.1,25.5,2.4,00110
76.0,39.0,XX.0,XXX,XX,01,  Ishwardi Upazila,57854,11.5,24.7,62.5,1.2,24.8,38.7,31.9,4.7,00110
76.0,55.0,XX.0,XXX,XX,01,  Pabna Sadar Upazila,105409,5.1,12.4,81.5,1.1,23.9,42.1,30.6,3.4,00110
76.0,72.0,XX.0,XXX,XX,01,  Santhia Upazila,79649,2.7,7.0,89.6,0.7,23.8,48.3,24.4,3.5,00110
76.0,83.0,XX.0,XXX,XX,01,  Sujanagar Upazila,57807,2.0,8.9,85.0,4.0,22.2,38.7,34.6,4.4,00110
70.0,XX.0,XX.0,XXX,XX,01, Chapai Nawabganj Zila,287571,9.2,34.5,48.4,7.8,13.7,14.5,57.4,14.5,00110
70.0,18.0,XX.0,XXX,XX,01,  Bholahat Upazila,21185,11.3,21.7,58.9,8.0,8.4,29.5,58.0,4.1,00110
70.0,18.0,18.0,XXX,XX,01,  Bholahat Union,3411,8.6,14.7,74.0,2.8,9.8,31.5,56.5,2.2,00110
70.0,37.0,XX.0,XXX,XX,01,  Gomastapur Upazila,49900,5.0,14.9,75.8,4.3,8.4,9.3,60.2,22.0,00110
70.0,37.0,42.0,XXX,XX,01,  Chowdala Union,5641,8.4,26.2,62.1,3.3,9.0,10.2,67.2,13.5,00110
70.0,37.0,52.0,XXX,XX,01,  Gomastapur Union,6648,9.1,28.3,54.5,8.1,8.8,12.3,54.6,24.2,00110
70.0,56.0,XX.0,XXX,XX,01,  Nachole Upazila,29129,2.9,11.5,81.1,4.4,6.5,23.5,52.3,17.6,00110
70.0,66.0,XX.0,XXX,XX,01,  Chapai Nawabganj Sadar Upazila,73128,9.6,47.5,35.1,7.8,22.1,14.2,47.2,16.5,00110
70.0,88.0,XX.0,XXX,XX,01,  Shibganj Upazila,114229,12.0,43.0,34.8,10.2,13.3,11.8,63.9,11.0,00110
70.0,88.0,41.0,XXX,XX,01,  Kansat Union,7471,17.5,54.9,4.6,23.0,24.6,13.0,54.8,7.6,00110
69.0,XX.0,XX.0,XXX,XX,01, Natore Zila,367813,3.1,25.3,68.5,3.1,24.7,42.9,26.2,6.3,00110
69.0,9.0,XX.0,XXX,XX,01,  Bagatipara Upazila,30768,3.3,32.8,62.2,1.7,22.0,44.3,23.8,9.8,00110
69.0,15.0,XX.0,XXX,XX,01,  Baraigram Upazila,60006,3.4,21.5,73.9,1.2,25.5,46.4,22.7,5.5,00110
69.0,41.0,XX.0,XXX,XX,01,  Gurudaspur Upazila,46637,2.3,20.2,76.1,1.3,14.2,49.7,31.4,4.7,00110
69.0,44.0,XX.0,XXX,XX,01,  Lalpur Upazila,61073,3.6,39.8,54.7,1.9,29.2,31.4,32.7,6.7,00110
69.0,63.0,XX.0,XXX,XX,01,  Natore Sadar Upazila,88586,3.1,28.6,59.6,8.7,37.5,39.3,17.7,5.5,00110
69.0,91.0,XX.0,XXX,XX,01,  Singra Upazila,80743,2.9,13.4,82.7,1.0,13.6,48.4,31.0,7.0,00110
38.0,XX.0,XX.0,XXX,XX,01, Joypurhat Zila,206157,3.3,22.6,70.0,4.1,28.1,20.7,29.6,21.6,00110
38.0,13.0,XX.0,XXX,XX,01,  Akkelpur Upazila,30330,5.0,19.9,72.7,2.4,15.6,27.7,39.1,17.5,00110
38.0,47.0,XX.0,XXX,XX,01,  Joypurhat Sadar Upazila,59475,3.7,35.0,56.7,4.6,34.3,16.7,26.3,22.7,00110
38.0,58.0,XX.0,XXX,XX,01,  Kalai Upazila,34322,3.2,8.4,87.7,0.7,23.5,26.5,25.8,24.2,00110
38.0,61.0,XX.0,XXX,XX,01,  Khetlal Upazila,26620,2.8,14.1,82.1,1.0,12.5,18.7,36.8,32.0,00110
38.0,61.0,47.0,XXX,XX,01,  Khetlal Union,2768,1.6,13.2,84.6,0.7,21.3,14.0,37.9,26.8,00110
38.0,74.0,XX.0,XXX,XX,01,  Panchbibi Upazila,55410,2.3,23.6,66.1,8.0,38.6,18.4,27.0,16.1,00110
13.0,XX.0,XX.0,XXX,XX,01, Chandpur Zila,413241,5.1,7.1,87.3,0.6,10.9,56.8,29.5,2.8,00110
13.0,22.0,XX.0,XXX,XX,01,  Chandpur Sadar Upazila,62077,3.9,9.3,86.0,0.8,21.9,52.0,22.2,3.9,00110
13.0,45.0,XX.0,XXX,XX,01,  Faridganj Upazila,78004,9.5,10.6,79.5,0.5,15.1,65.8,17.4,1.8,00110
13.0,47.0,XX.0,XXX,XX,01,  Haim Char Upazila,22499,2.0,5.3,91.9,0.8,2.5,52.5,40.8,4.2,00110
13.0,47.0,23.0,XXX,XX,01,  Dakshin Algi Durgapur Union,5501,3.7,7.3,88.7,0.3,4.4,61.5,33.1,1.0,00110
13.0,49.0,XX.0,XXX,XX,01,  Hajiganj Upazila,51896,3.7,7.8,87.9,0.6,2.4,48.7,46.0,2.9,00110
13.0,49.0,35.0,XXX,XX,01,  Hajiganj Union,6142,3.3,10.4,86.0,0.3,0.7,8.4,88.4,2.5,00110
13.0,58.0,XX.0,XXX,XX,01,  Kachua Upazila,71422,4.1,4.5,90.9,0.5,2.8,52.7,41.6,2.9,00110
13.0,76.0,XX.0,XXX,XX,01,  Matlab Upazila,31831,3.1,5.1,90.9,0.9,18.0,38.7,38.3,5.0,00110
13.0,79.0,XX.0,XXX,XX,01,  Matlab Uttar Upazila,55236,3.4,4.4,91.9,0.3,11.0,77.8,10.3,0.9,00110
13.0,95.0,XX.0,XXX,XX,01,  Shahrasti Upazila,40276,7.8,6.5,85.1,0.6,10.0,52.5,34.8,2.8,00110
3.0,XX.0,XX.0,XXX,XX,01, Bandarban Zila,58616,1.3,2.9,89.7,6.1,3.7,14.7,36.2,45.3,00110
3.0,4.0,XX.0,XXX,XX,01,  Alikadam Upazila,6514,0.8,1.9,94.4,2.9,2.9,13.9,41.3,41.9,00110
3.0,4.0,31.0,XXX,XX,01,  Alikadam Union,2499,0.5,0.7,98.7,0.0,1.8,1.7,29.7,66.7,00110
3.0,14.0,XX.0,XXX,XX,01,  Bandarban Sadar Upazila,10073,2.0,4.6,89.3,4.1,5.9,24.4,31.6,38.2,00110
3.0,51.0,XX.0,XXX,XX,01,  Lama Upazila,18193,1.2,3.9,84.5,10.4,4.1,14.8,40.7,40.4,00110
3.0,73.0,XX.0,XXX,XX,01,  Naikhongchhari Upazila,8581,0.8,1.8,87.1,10.3,3.0,17.7,36.2,43.1,00110
3.0,73.0,76.0,XXX,XX,01,  Naikhongchhari Union,985,0.1,2.3,90.6,7.0,0.2,5.1,14.3,80.4,00110
3.0,89.0,XX.0,XXX,XX,01,  Rowangchhari Upazila,5010,0.8,2.1,97.0,0.1,4.0,12.0,38.9,45.0,00110
3.0,89.0,57.0,XXX,XX,01,  Rowangchhari Union,781,0.3,0.3,99.4,0.1,6.9,23.3,50.3,19.5,00110
3.0,91.0,XX.0,XXX,XX,01,  Ruma Upazila,5823,2.2,2.1,93.0,2.7,1.2,6.1,36.6,56.2,00110
3.0,91.0,76.0,XXX,XX,01,  Ruma Union,2597,4.3,4.2,85.9,5.6,2.1,10.4,43.0,44.4,00110
3.0,95.0,XX.0,XXX,XX,01,  Thanchi Upazila,4422,1.1,0.9,97.9,0.1,2.6,2.3,17.6,77.5,00110
3.0,95.0,57.0,XXX,XX,01,  Thanchi Union,1175,2.4,1.1,96.5,0.0,7.6,4.7,22.1,65.6,00110
19.0,XX.0,XX.0,XXX,XX,01, Comilla Zila,884576,6.9,14.0,78.0,1.2,19.1,56.6,21.0,3.3,00110
19.0,9.0,XX.0,XXX,XX,01,  Barura Upazila,72692,6.4,10.5,82.0,1.1,17.4,69.1,11.0,2.5,00110
19.0,15.0,XX.0,XXX,XX,01,  Brahmanpara Upazila,36842,4.6,19.8,75.1,0.5,17.7,63.8,17.1,1.4,00110
19.0,15.0,18.0,XXX,XX,01,  Brahman Para Union,3655,3.6,9.9,86.2,0.3,10.4,80.2,8.6,0.8,00110
19.0,18.0,XX.0,XXX,XX,01,  Burichang Upazila,55738,6.6,23.0,68.6,1.8,30.1,44.0,23.2,2.7,00110
19.0,18.0,31.0,XXX,XX,01,  Burichang Union,4772,3.3,13.6,82.5,0.6,17.4,39.9,41.1,1.6,00110
19.0,27.0,XX.0,XXX,XX,01,  Chandina Upazila,60000,3.9,8.8,85.9,1.4,17.9,59.8,18.7,3.6,00110
19.0,27.0,20.0,XXX,XX,01,  Mahichal Union,4138,4.9,5.4,87.5,2.3,22.5,51.5,17.0,9.0,00110
19.0,31.0,XX.0,XXX,XX,01,  Chauddagram Upazila,79613,12.4,16.1,70.2,1.4,18.0,54.5,24.9,2.6,00110
19.0,33.0,XX.0,XXX,XX,01,  Comilla Sadar Dakshin Upazila,63074,8.9,16.0,73.3,1.8,17.6,51.2,28.0,3.2,00110
19.0,33.0,35.0,XXX,XX,01,  Bijoypur Union,2765,16.1,25.1,52.7,6.0,14.4,57.0,25.4,3.3,00110
19.0,36.0,XX.0,XXX,XX,01,  Daudkandi Upazila,59408,6.7,6.4,86.3,0.5,12.5,58.8,25.1,3.6,00110
19.0,40.0,XX.0,XXX,XX,01,  Debidwar Upazila,70642,4.2,11.7,82.9,1.2,27.0,48.9,19.7,4.4,00110
19.0,54.0,XX.0,XXX,XX,01,  Homna Upazila,34444,3.1,12.2,84.3,0.4,15.2,63.0,17.3,4.6,00110
19.0,67.0,XX.0,XXX,XX,01,  Comilla Adarsha Sadar Upazila,46245,18.1,30.4,46.8,4.7,29.4,41.9,27.1,1.6,00110
19.0,67.0,68.0,XXX,XX,01,  Kalir Bazar Union,8298,11.2,28.9,55.1,4.8,28.7,52.4,16.2,2.6,00110
19.0,67.0,90.0,XXX,XX,01,  Panchthubi Union,9836,19.2,27.6,47.3,5.9,32.4,36.5,29.2,1.8,00110
19.0,72.0,XX.0,XXX,XX,01,  Laksam Upazila,42955,4.5,8.0,86.7,0.7,15.8,60.8,20.0,3.4,00110
19.0,74.0,XX.0,XXX,XX,01,  Manoharganj Upazila,44514,7.5,6.0,85.3,1.3,19.6,52.0,21.2,7.2,00110
19.0,74.0,13.0,XXX,XX,01,  Baishgaon Union,4392,4.9,5.3,86.4,3.4,1.5,31.0,53.2,14.3,00110
19.0,75.0,XX.0,XXX,XX,01,  Meghna Upazila,20339,4.0,15.7,80.1,0.2,5.0,81.8,11.2,1.9,00110
19.0,75.0,43.0,XXX,XX,01,  Gobindapur Union,2953,3.6,14.1,82.3,0.0,2.2,88.5,8.2,1.0,00110
19.0,81.0,XX.0,XXX,XX,01,  Muradnagar Upazila,95315,3.5,18.5,77.7,0.3,18.3,54.8,23.6,3.4,00110
19.0,81.0,54.0,XXX,XX,01,  Muradnagar Union,3931,4.9,13.6,81.5,0.1,9.0,65.7,23.3,2.0,00110
19.0,81.0,63.0,XXX,XX,01,  Paschim Nabipur Union,2426,4.8,44.1,50.9,0.2,53.1,26.8,13.7,6.5,00110
19.0,87.0,XX.0,XXX,XX,01,  Nangalkot Upazila,67562,6.9,8.5,83.4,1.2,13.9,61.1,21.0,4.0,00110
19.0,94.0,XX.0,XXX,XX,01,  Titas Upazila,35193,6.9,12.9,79.7,0.4,24.0,58.5,15.2,2.3,00110
19.0,94.0,67.0,XXX,XX,01,  Karikandi Union,3387,8.0,5.9,85.8,0.3,20.5,68.3,9.6,1.6,00110
12.0,XX.0,XX.0,XXX,XX,01, Brahmanbaria Zila,451125,5.1,11.6,82.1,1.2,18.1,49.0,29.2,3.7,00110
12.0,2.0,XX.0,XXX,XX,01,  Akhaura Upazila,20348,9.6,12.6,75.1,2.7,26.1,47.5,23.6,2.8,00110
12.0,4.0,XX.0,XXX,XX,01,  Banchharampur Upazila,55770,2.7,7.9,88.8,0.6,29.6,36.5,27.9,6.1,00110
12.0,4.0,94.0,XXX,XX,01,  Banchharampur Union,2209,3.1,7.8,88.9,0.2,28.0,49.5,18.4,4.1,00110
12.0,7.0,XX.0,XXX,XX,01,  Bijoynagar Upazila,47056,4.4,10.5,83.4,1.8,8.3,51.8,33.7,6.2,00110
12.0,7.0,32.0,XXX,XX,01,  Chandura Union,4670,1.6,12.5,84.0,1.9,4.8,56.8,31.9,6.4,00110
12.0,7.0,91.0,XXX,XX,01,  Uttar Ichhapur Union,2212,1.7,8.8,89.1,0.4,12.4,50.0,28.0,9.6,00110
12.0,13.0,XX.0,XXX,XX,01,  Brahmanbaria Sadar Upazila,58396,9.3,17.3,72.6,0.8,9.3,57.6,30.9,2.2,00110
12.0,13.0,50.0,XXX,XX,01,  Shuhilpur Union,5718,10.3,16.1,73.5,0.2,10.8,46.7,40.2,2.2,00110
12.0,13.0,93.0,XXX,XX,01,  Uttar Natai Union,4115,10.2,26.6,61.7,1.5,32.5,47.8,17.5,2.2,00110
12.0,33.0,XX.0,XXX,XX,01,  Ashuganj Upazila,26599,11.3,18.1,70.3,0.3,31.3,59.4,7.3,2.1,00110
12.0,33.0,12.0,XXX,XX,01,  Araisidha Union,3569,9.1,29.2,61.6,0.1,48.3,46.4,4.7,0.6,00110
12.0,33.0,14.0,XXX,XX,01,  Ashugang Union,2022,6.4,13.3,80.1,0.2,36.3,55.7,4.9,3.1,00110
12.0,33.0,38.0,XXX,XX,01,  Durgapur Union,4043,3.2,11.8,84.6,0.4,22.6,67.7,7.1,2.5,00110
12.0,63.0,XX.0,XXX,XX,01,  Kasba Upazila,53096,6.3,15.2,77.3,1.3,23.4,52.3,22.2,2.2,00110
12.0,85.0,XX.0,XXX,XX,01,  Nabinagar Upazila,84234,3.0,9.3,87.3,0.5,24.8,52.8,19.7,2.6,00110
12.0,90.0,XX.0,XXX,XX,01,  Nasirnagar Upazila,56012,2.1,8.0,88.3,1.7,9.4,40.0,45.5,5.2,00110
12.0,90.0,87.0,XXX,XX,01,  Nasirnagar Union,2278,1.0,5.7,92.6,0.7,18.0,39.6,37.1,5.3,00110
12.0,94.0,XX.0,XXX,XX,01,  Sarail Upazila,49614,3.8,10.4,83.2,2.6,7.7,45.9,43.3,3.1,00110
51.0,XX.0,XX.0,XXX,XX,01, Lakshmipur Zila,309512,6.2,6.2,84.9,2.6,14.4,58.4,22.8,4.4,00110
51.0,33.0,XX.0,XXX,XX,01,  Kamalnagar Upazila,43298,1.2,4.6,90.7,3.4,2.9,54.7,34.8,7.6,00110
51.0,33.0,47.0,XXX,XX,01,  Char Falcon Union,1042,0.4,2.3,93.8,3.6,3.6,43.7,39.4,13.2,00110
51.0,43.0,XX.0,XXX,XX,01,  Lakshmipur Sadar Upazila,126249,7.6,7.4,83.7,1.2,20.6,56.8,19.5,3.1,00110
51.0,43.0,90.0,XXX,XX,01,  Dakshin Hamchadi Union,5171,10.8,9.1,79.6,0.4,27.8,49.7,19.8,2.7,00110
51.0,58.0,XX.0,XXX,XX,01,  Roypur Upazila,47079,6.9,6.1,85.7,1.2,19.5,57.0,21.1,2.4,00110
51.0,58.0,11.0,XXX,XX,01,  Bamni Union,5058,12.8,10.3,76.8,0.0,9.9,70.1,19.4,0.5,00110
51.0,58.0,59.0,XXX,XX,01,  Keroa Union,1291,10.3,13.2,76.1,0.4,36.8,47.0,15.9,0.3,00110
51.0,58.0,71.0,XXX,XX,01,  Roypur Union,2337,10.6,9.0,79.6,0.8,52.4,36.0,10.1,1.5,00110
51.0,65.0,XX.0,XXX,XX,01,  Ramganj Upazila,50118,10.9,7.2,81.3,0.6,8.9,80.8,7.9,2.3,00110
51.0,73.0,XX.0,XXX,XX,01,  Ramgati Upazila,42768,0.7,3.4,86.0,9.9,8.8,42.1,39.8,9.2,00110
51.0,73.0,23.0,XXX,XX,01,  Char Alexandar Union,4255,0.9,2.1,94.5,2.5,8.8,41.8,39.9,9.5,00110
46.0,XX.0,XX.0,XXX,XX,01, Khagrachhari Zila,87063,0.7,3.0,91.1,5.2,2.9,22.9,63.0,11.1,00110
46.0,43.0,XX.0,XXX,XX,01,  Dighinala Upazila,19136,0.9,3.5,93.2,2.4,3.1,23.0,68.5,5.4,00110
46.0,43.0,31.0,XXX,XX,01,  Boalkhali Union,1093,0.1,0.8,98.2,0.9,7.9,29.6,52.8,9.8,00110
46.0,49.0,XX.0,XXX,XX,01,  Khagrachhari Sadar Upazila,9352,0.5,3.2,95.5,0.8,7.5,40.5,47.1,5.0,00110
46.0,61.0,XX.0,XXX,XX,01,  Lakshmichhari Upazila,5560,0.6,2.8,91.8,4.9,1.6,13.6,59.0,25.7,00110
46.0,61.0,71.0,XXX,XX,01,  Lakshmichhari Union,2266,0.9,2.9,87.8,8.4,2.3,16.2,64.1,17.3,00110
46.0,65.0,XX.0,XXX,XX,01,  Mahalchhari Upazila,9063,0.4,3.1,92.3,4.2,0.8,27.3,65.6,6.3,00110
46.0,65.0,31.0,XXX,XX,01,  Mahalchhari Union,1445,0.6,6.7,89.9,2.8,0.8,39.2,52.5,7.5,00110
46.0,67.0,XX.0,XXX,XX,01,  Manikchhari Upazila,5688,0.6,2.0,95.3,2.1,1.8,18.4,57.8,22.1,00110
46.0,67.0,87.0,XXX,XX,01,  Tintahari Union,594,0.3,0.3,97.6,1.7,0.3,9.1,54.4,36.2,00110
46.0,70.0,XX.0,XXX,XX,01,  Matiranga Upazila,22076,0.8,2.9,83.7,12.6,3.1,22.8,60.9,13.2,00110
46.0,77.0,XX.0,XXX,XX,01,  Panchhari Upazila,8958,0.5,2.5,94.7,2.3,0.6,8.8,83.2,7.5,00110
46.0,80.0,XX.0,XXX,XX,01,  Ramgarh Upazila,7230,0.7,2.9,93.3,3.1,3.6,22.7,54.6,19.1,00110
46.0,80.0,76.0,XXX,XX,01,  Ramgarh Union,155,0.0,0.0,100.0,0.0,0.0,0.0,44.5,55.5,00110
22.0,XX.0,XX.0,XXX,XX,01, Cox's Bazar Zila,322857,3.9,8.9,73.9,13.3,12.1,36.1,38.2,13.5,00110
22.0,16.0,XX.0,XXX,XX,01,  Chakoria Upazila,74982,4.7,10.1,73.2,11.9,9.2,43.9,40.2,6.8,00110
22.0,24.0,XX.0,XXX,XX,01,  Cox's Bazar Sadar Upazila,41072,6.1,15.0,71.0,7.9,19.2,40.5,30.3,10.0,00110
22.0,24.0,35.0,XXX,XX,01,  Idgaon Union,2919,6.1,15.6,68.3,9.9,6.2,46.4,36.7,10.7,00110
22.0,24.0,42.0,XXX,XX,01,  Islamabad Union,1311,2.0,7.6,85.7,4.8,1.0,20.1,67.1,11.7,00110
22.0,45.0,XX.0,XXX,XX,01,  Kutubdia Upazila,17854,2.5,2.9,74.2,20.5,29.2,49.6,16.7,4.6,00110
22.0,49.0,XX.0,XXX,XX,01,  Maheshkhali Upazila,53043,2.3,4.6,79.7,13.4,1.7,22.5,54.3,21.5,00110
22.0,56.0,XX.0,XXX,XX,01,  Pekua Upazila,26402,4.4,5.1,79.6,10.9,32.5,37.8,23.2,6.4,00110
22.0,56.0,83.0,XXX,XX,01,  Pekua Union,3074,4.7,6.1,79.6,9.6,37.1,46.9,14.1,1.9,00110
22.0,66.0,XX.0,XXX,XX,01,  Ramu Upazila,40085,3.1,9.2,76.1,11.7,14.1,35.5,30.9,19.5,00110
22.0,66.0,15.0,XXX,XX,01,  Fatekharkul Union,260,3.5,25.8,70.8,0.0,48.1,45.4,6.5,0.0,00110
22.0,66.0,38.0,XXX,XX,01,  Joarianala Union,2610,5.4,10.3,66.7,17.5,10.6,28.9,32.4,28.1,00110
22.0,90.0,XX.0,XXX,XX,01,  Teknaf Upazila,36815,3.6,11.0,68.3,17.1,6.1,37.2,43.6,13.1,00110
22.0,90.0,63.0,XXX,XX,01,  Teknaf Union,3792,4.6,8.2,46.0,41.2,5.3,31.0,37.8,25.9,00110
22.0,94.0,XX.0,XXX,XX,01,  Ukhia Upazila,32604,3.7,9.3,68.5,18.5,5.5,26.0,44.3,24.2,00110
22.0,94.0,47.0,XXX,XX,01,  Raja Palong Union,5385,4.3,7.8,71.5,16.4,2.4,17.5,53.7,26.5,00110
15.0,XX.0,XX.0,XXX,XX,01, Chittagong Zila,857932,13.2,13.3,65.8,7.7,20.9,49.1,26.1,3.9,00110
15.0,4.0,XX.0,XXX,XX,01,  Anowara Upazila,48596,12.5,14.6,60.7,12.2,14.9,43.2,36.7,5.2,00110
15.0,4.0,15.0,XXX,XX,01,  Anowara Union,1005,8.0,12.9,52.4,26.7,0.3,37.1,50.5,12.0,00110
15.0,8.0,XX.0,XXX,XX,01,  Banshkhali Upazila,76742,5.9,7.0,69.6,17.6,11.1,34.4,48.8,5.7,00110
15.0,12.0,XX.0,XXX,XX,01,  Boalkhali Upazila,33702,16.3,10.3,65.7,7.6,19.2,60.8,18.6,1.3,00110
15.0,18.0,XX.0,XXX,XX,01,  Chandanaish  Upazila,37214,11.8,11.3,68.1,8.8,12.6,62.4,22.6,2.3,00110
15.0,33.0,XX.0,XXX,XX,01,  Fatikchhari Upazila,91455,12.8,11.8,69.1,6.3,13.0,44.8,32.8,9.4,00110
15.0,37.0,XX.0,XXX,XX,01,  Hathazari Upazila,80277,28.2,23.0,46.2,2.7,31.5,49.3,17.5,1.7,00110
15.0,37.0,59.0,XXX,XX,01,  Hathazari Union,13731,32.1,25.1,41.0,1.8,43.2,38.0,16.4,2.4,00110
15.0,47.0,XX.0,XXX,XX,01,  Lohagara Upazila,46625,12.7,10.1,69.9,7.4,20.5,42.5,31.5,5.5,00110
15.0,47.0,62.0,XXX,XX,01,  Lohagara Union,725,21.7,9.1,69.0,0.3,33.0,48.1,18.6,0.3,00110
15.0,53.0,XX.0,XXX,XX,01,  Mirsharai Upazila,72676,8.5,8.9,80.4,2.1,14.2,61.2,22.4,2.2,00110
15.0,53.0,59.0,XXX,XX,01,  Mirsharai Union,2437,13.4,9.7,74.0,2.8,5.1,88.2,6.7,0.0,00110
15.0,61.0,XX.0,XXX,XX,01,  Patiya Upazila,90510,13.3,14.0,68.1,4.6,18.6,53.1,25.4,2.9,00110
15.0,70.0,XX.0,XXX,XX,01,  Rangunia Upazila,55193,10.2,8.4,76.9,4.6,19.0,51.3,24.1,5.5,00110
15.0,70.0,34.0,XXX,XX,01,  Mariamnagar Union,3015,13.1,14.0,68.2,4.7,24.9,62.9,11.2,1.0,00110
15.0,70.0,60.0,XXX,XX,01,  Pomara Union,127,3.1,8.7,43.3,44.9,0.8,42.5,4.7,52.0,00110
15.0,74.0,XX.0,XXX,XX,01,  Raozan Upazila,51657,22.1,15.7,58.5,3.6,38.4,45.5,14.5,1.6,00110
15.0,78.0,XX.0,XXX,XX,01,  Sandwip Upazila,45878,2.2,25.1,66.0,6.6,17.4,62.0,17.7,2.9,00110
15.0,78.0,40.0,XXX,XX,01,  Harispur Union,85,0.0,4.7,94.1,1.2,74.1,23.5,2.4,0.0,00110
15.0,82.0,XX.0,XXX,XX,01,  Satkania Upazila,60325,14.2,12.7,50.3,22.8,34.2,37.2,24.1,4.5,00110
15.0,82.0,36.0,XXX,XX,01,  Dhemsa Union,1076,18.5,18.6,32.3,30.6,30.6,40.8,27.0,1.7,00110
15.0,86.0,XX.0,XXX,XX,01,  Sitakunda Upazila,67082,11.9,13.4,71.4,3.3,28.8,51.0,19.1,1.0,00110
84.0,XX.0,XX.0,XXX,XX,01, Rangamati Zila,92793,2.3,4.6,87.0,6.1,4.8,21.2,63.6,10.4,00110
84.0,7.0,XX.0,XXX,XX,01,  Baghaichhari Upazila,15929,0.6,1.6,96.2,1.6,3.7,13.4,77.7,5.2,00110
84.0,7.0,71.0,XXX,XX,01,  Rupakari Union,786,0.5,1.8,97.6,0.1,10.4,10.9,74.4,4.2,00110
84.0,21.0,XX.0,XXX,XX,01,  Barkal Upazila,8858,0.4,1.0,87.8,10.8,0.6,16.4,79.0,4.1,00110
84.0,21.0,47.0,XXX,XX,01,  Barkal Union,865,0.1,0.3,80.6,19.0,0.5,1.8,85.2,12.5,00110
84.0,25.0,XX.0,XXX,XX,01,  Kawkhali Upazila,10619,2.3,6.4,87.7,3.6,3.7,25.3,53.7,17.3,00110
84.0,25.0,19.0,XXX,XX,01,  Betbunia Union,1518,3.0,5.2,74.4,17.4,4.2,13.2,45.8,36.8,00110
84.0,29.0,XX.0,XXX,XX,01,  Belai Chhari Upazila,5400,0.3,0.9,98.1,0.7,1.7,13.2,45.4,39.6,00110
84.0,29.0,23.0,XXX,XX,01,  Belai Chhari Union,1221,0.5,2.3,94.6,2.6,3.4,11.0,48.2,37.4,00110
84.0,36.0,XX.0,XXX,XX,01,  Kaptai  Upazila,10369,12.4,16.1,69.7,1.8,17.1,41.2,24.7,17.0,00110
84.0,36.0,57.0,XXX,XX,01,  Kaptai Union,460,0.9,3.3,95.2,0.7,0.0,17.6,60.7,21.7,00110
84.0,47.0,XX.0,XXX,XX,01,  Jurai Chhari Upazila,4708,0.3,1.5,98.0,0.1,8.1,22.5,61.5,7.9,00110
84.0,47.0,57.0,XXX,XX,01,  Jurai Chhari Union,678,0.0,2.5,97.5,0.0,11.2,31.4,55.0,2.4,00110
84.0,58.0,XX.0,XXX,XX,01,  Langadu  Upazila,15315,0.5,1.2,78.0,20.3,1.7,13.8,80.1,4.5,00110
84.0,58.0,67.0,XXX,XX,01,  Langadu Union,782,0.3,3.8,91.9,4.0,0.3,8.1,91.6,0.1,00110
84.0,75.0,XX.0,XXX,XX,01,  Naniarchar  Upazila,8076,0.4,4.1,94.4,1.1,0.5,15.5,80.3,3.7,00110
84.0,75.0,57.0,XXX,XX,01,  Naniarchar Union,1256,0.1,4.9,94.3,0.6,0.3,11.9,86.4,1.4,00110
84.0,78.0,XX.0,XXX,XX,01,  Rajasthali  Upazila,5078,2.0,7.0,79.4,11.5,9.0,23.3,42.9,24.8,00110
84.0,78.0,71.0,XXX,XX,01,  Gainda Union,1207,1.2,3.6,58.6,36.6,7.8,15.4,46.2,30.6,00110
84.0,87.0,XX.0,XXX,XX,01,  Rangamati Sadar Upazila,8441,2.9,6.9,90.0,0.2,5.2,33.2,60.3,1.3,00110
30.0,XX.0,XX.0,XXX,XX,01, Feni Zila,218614,12.0,15.8,70.9,1.4,6.5,65.3,26.0,2.1,00110
30.0,14.0,XX.0,XXX,XX,01,  Chhagalnaiya Upazila,27177,15.6,15.0,68.3,1.0,14.4,51.7,32.6,1.3,00110
30.0,14.0,76.0,XXX,XX,01,  Pathannagar Union,6316,17.1,18.6,63.5,0.8,6.3,41.7,50.9,1.1,00110
30.0,25.0,XX.0,XXX,XX,01,  Daganbhuiyan Upazila,42324,12.9,15.6,70.7,0.9,5.1,71.9,20.3,2.7,00110
30.0,25.0,12.0,XXX,XX,01,  Daganbhuiyan Union,3408,15.8,13.9,70.1,0.2,2.8,91.7,4.9,0.6,00110
30.0,25.0,38.0,XXX,XX,01,  Jailashkara Union,7746,15.0,22.1,62.2,0.6,4.6,81.1,13.1,1.3,00110
30.0,29.0,XX.0,XXX,XX,01,  Feni Sadar Upazila,66107,12.4,21.2,64.9,1.5,6.5,59.9,31.5,2.1,00110
30.0,41.0,XX.0,XXX,XX,01,  Fulgazi Upazila,22447,13.8,19.5,64.3,2.4,8.7,69.3,21.0,1.0,00110
30.0,41.0,67.0,XXX,XX,01,  Fulgazi Union,5146,14.6,17.4,64.0,4.0,13.3,58.8,25.1,2.8,00110
30.0,51.0,XX.0,XXX,XX,01,  Parshuram Upazila,14359,7.4,10.4,81.1,1.1,1.7,68.4,29.0,1.0,00110
30.0,94.0,XX.0,XXX,XX,01,  Sonagazi Upazila,46200,9.0,8.6,81.1,1.3,3.7,72.3,21.0,2.9,00110
30.0,94.0,66.0,XXX,XX,01,  Matiganj Union,4881,12.4,11.6,74.8,1.2,1.5,89.4,8.2,1.0,00110
75.0,XX.0,XX.0,XXX,XX,01, Noakhali Zila,498689,5.8,6.2,83.6,4.4,18.3,50.6,25.0,6.0,00110
75.0,7.0,XX.0,XXX,XX,01,  Begumganj Upazila,77464,7.5,8.8,82.6,1.0,19.4,63.2,15.4,2.1,00110
75.0,7.0,70.0,XXX,XX,01,  Mir Warishpur Union,2903,6.2,5.7,86.0,2.1,2.2,90.5,6.9,0.4,00110
75.0,10.0,XX.0,XXX,XX,01,  Chatkhil Upazila,39803,15.1,6.7,76.4,1.8,23.7,61.7,11.4,3.2,00110
75.0,21.0,XX.0,XXX,XX,01,  Companiganj Upazila,43365,5.8,5.5,85.6,3.1,11.1,64.9,20.1,3.9,00110
75.0,36.0,XX.0,XXX,XX,01,  Hatiya Upazila,73172,0.9,3.7,87.8,7.6,8.9,38.1,44.3,8.7,00110
75.0,36.0,47.0,XXX,XX,01,  Harni Union,3524,0.3,0.5,91.9,7.3,63.1,18.4,13.8,4.7,00110
75.0,36.0,76.0,XXX,XX,01,  Sonadia Union,5159,1.5,3.3,79.5,15.7,2.9,39.1,44.7,13.2,00110
75.0,47.0,XX.0,XXX,XX,01,  Kabirhat Upazila,32745,2.8,5.0,83.1,9.0,8.6,46.6,34.5,10.2,00110
75.0,80.0,XX.0,XXX,XX,01,  Senbagh Upazila,48585,9.6,10.6,78.4,1.3,18.8,61.8,16.6,2.8,00110
75.0,80.0,13.0,XXX,XX,01,  Arjuntala Union,3679,9.7,6.2,83.7,0.4,16.5,71.5,10.8,1.3,00110
75.0,80.0,57.0,XXX,XX,01,  Kadra Union,3507,7.6,7.7,80.4,4.4,17.5,53.8,21.1,7.5,00110
75.0,83.0,XX.0,XXX,XX,01,  Sonaimuri Upazila,54211,11.6,6.1,80.6,1.7,50.2,42.0,5.7,2.1,00110
75.0,85.0,XX.0,XXX,XX,01,  Subarnachar Upazila,53894,0.7,2.1,85.8,11.4,10.8,36.4,38.0,14.7,00110
75.0,85.0,36.0,XXX,XX,01,  Char Jubille Union,7614,0.5,1.6,90.9,7.0,3.3,40.8,34.5,21.4,00110
75.0,87.0,XX.0,XXX,XX,01,  Noakhali Sadar Upazila,75450,2.3,6.6,87.1,4.0,14.2,46.7,32.2,6.9,00110
75.0,87.0,23.0,XXX,XX,01,  Ashwadia Union,5672,2.4,5.9,88.3,3.4,16.3,48.9,29.7,5.2,00110
75.0,87.0,25.0,XXX,XX,01,  Binodpur Union,3537,4.3,14.5,80.6,0.5,14.0,50.1,33.4,2.5,00110
75.0,87.0,40.0,XXX,XX,01,  Char Matua Union,5365,4.2,7.2,87.2,1.3,12.1,59.4,25.5,2.9,00110
75.0,87.0,60.0,XXX,XX,01,  Kadir Hanif Union,3421,5.8,15.3,78.3,0.6,10.4,59.0,28.7,1.9,00110
75.0,87.0,80.0,XXX,XX,01,  Noakhali Union,5299,2.4,11.7,83.1,2.8,12.3,48.3,34.6,4.8,00110
29.0,XX.0,XX.0,XXX,XX,01, Faridpur Zila,358853,2.6,27.4,68.4,1.6,30.3,48.6,18.4,2.8,00110
29.0,3.0,XX.0,XXX,XX,01,  Alfadanga Upazila,22570,3.2,34.5,60.4,1.9,60.6,30.6,7.2,1.7,00110
29.0,3.0,10.0,XXX,XX,01,  Alfadanga Union,2737,3.0,22.8,71.7,2.4,79.0,15.8,3.6,1.6,00110
29.0,3.0,31.0,XXX,XX,01,  Buraich Union,4395,4.5,28.8,63.8,2.9,63.0,27.7,7.5,1.8,00110
29.0,10.0,XX.0,XXX,XX,01,  Bhanga Upazila,46953,2.9,27.8,68.2,1.2,31.6,52.3,13.4,2.7,00110
29.0,10.0,13.0,XXX,XX,01,  Algi Union,4583,1.0,10.6,83.9,4.5,17.6,53.4,23.6,5.3,00110
29.0,10.0,25.0,XXX,XX,01,  Chumordi Union,988,0.6,16.1,83.2,0.1,44.4,50.1,3.9,1.5,00110
29.0,18.0,XX.0,XXX,XX,01,  Boalmari Upazila,50198,2.3,22.5,72.0,3.2,27.4,46.3,22.7,3.6,00110
29.0,21.0,XX.0,XXX,XX,01,  Char Bhadrasan Upazila,8995,1.6,13.2,84.0,1.2,24.9,49.9,22.5,2.7,00110
29.0,21.0,19.0,XXX,XX,01,  Char Bhadrasan Union,770,2.3,31.7,65.6,0.4,30.5,64.5,4.0,0.9,00110
29.0,47.0,XX.0,XXX,XX,01,  Faridpur Sadar Upazila,75709,2.8,23.7,72.0,1.6,25.9,47.0,24.6,2.5,00110
29.0,47.0,15.0,XXX,XX,01,  Ambikapur Union,5533,5.4,29.4,61.7,3.5,25.8,62.2,11.2,0.9,00110
29.0,56.0,XX.0,XXX,XX,01,  Madhukhali Upazila,42583,4.8,35.8,57.7,1.7,35.8,44.1,17.3,2.8,00110
29.0,56.0,52.0,XXX,XX,01,  Madhukhali Union,4969,2.4,33.6,63.0,1.0,45.5,42.5,10.8,1.2,00110
29.0,56.0,73.0,XXX,XX,01,  Noapara Union,4826,5.2,33.8,59.4,1.6,39.4,41.6,16.8,2.2,00110
29.0,62.0,XX.0,XXX,XX,01,  Nagarkanda Upazila,39489,1.5,28.9,68.4,1.3,22.6,58.5,16.2,2.7,00110
29.0,62.0,55.0,XXX,XX,01,  Laskardia Union,4291,1.3,29.4,68.8,0.5,17.3,66.0,14.7,2.0,00110
29.0,84.0,XX.0,XXX,XX,01,  Sadarpur Upazila,38790,2.3,24.5,72.8,0.5,34.8,49.7,12.9,2.5,00110
29.0,84.0,85.0,XXX,XX,01,  Sadarpur Union,4499,4.5,42.0,53.0,0.5,41.1,45.6,11.3,1.9,00110
29.0,90.0,XX.0,XXX,XX,01,  Saltha Upazila,33566,1.4,32.4,65.1,1.1,20.3,54.6,21.4,3.7,00110
29.0,90.0,16.0,XXX,XX,01,  Bhawal Union,3213,1.2,32.8,64.7,1.3,19.8,57.6,20.8,1.8,00110
29.0,90.0,78.0,XXX,XX,01,  Ramkantapur Union,2612,0.5,29.2,70.2,0.2,17.9,64.3,15.4,2.4,00110
72.0,XX.0,XX.0,XXX,XX,01, Netrakona Zila,425155,0.8,7.2,83.2,8.9,7.4,28.3,48.6,15.7,00110
72.0,4.0,XX.0,XXX,XX,01,  Atpara Upazila,29307,0.7,7.7,79.5,12.1,4.3,36.4,48.7,10.6,00110
72.0,4.0,11.0,XXX,XX,01,  Baniajan Union,2629,1.0,10.2,78.4,10.4,5.3,42.3,44.0,8.4,00110
72.0,9.0,XX.0,XXX,XX,01,  Barhatta Upazila,36065,0.7,6.2,76.8,16.3,9.6,32.3,46.0,12.1,00110
72.0,9.0,23.0,XXX,XX,01,  Barhatta Union,5587,0.7,6.8,79.1,13.5,9.7,27.9,51.7,10.6,00110
72.0,18.0,XX.0,XXX,XX,01,  Durgapur Upazila,44324,0.6,6.6,85.1,7.7,10.1,31.3,44.3,14.4,00110
72.0,18.0,51.0,XXX,XX,01,  Durgapur Union,4931,0.3,3.6,86.4,9.7,21.4,37.3,25.9,15.4,00110
72.0,38.0,XX.0,XXX,XX,01,  Khaliajuri Upazila,17601,0.6,2.9,92.0,4.5,3.1,17.9,61.5,17.5,00110
72.0,38.0,40.0,XXX,XX,01,  Khaliajuri Union,1629,0.4,5.0,89.2,5.5,0.9,14.4,64.1,20.7,00110
72.0,40.0,XX.0,XXX,XX,01,  Kalmakanda Upazila,54963,0.5,5.0,83.1,11.4,3.9,22.8,54.9,18.5,00110
72.0,40.0,35.0,XXX,XX,01,  Kalmakanda Union,7009,0.7,4.8,88.8,5.8,2.7,24.2,56.5,16.6,00110
72.0,47.0,XX.0,XXX,XX,01,  Kendua Upazila,61196,0.8,8.9,81.7,8.6,9.2,25.9,41.4,23.5,00110
72.0,56.0,XX.0,XXX,XX,01,  Madan Upazila,27734,0.5,6.0,88.4,5.0,2.4,22.9,65.2,9.5,00110
72.0,56.0,52.0,XXX,XX,01,  Madan Union,2981,0.5,4.9,86.2,8.5,3.5,45.6,44.1,6.8,00110
72.0,63.0,XX.0,XXX,XX,01,  Mohanganj Upazila,29086,1.1,7.7,86.1,5.1,2.6,28.4,59.4,9.5,00110
72.0,74.0,XX.0,XXX,XX,01,  Netrokona Sadar Upazila,61748,0.9,7.3,83.8,7.9,14.9,28.9,41.5,14.7,00110
72.0,83.0,XX.0,XXX,XX,01,  Purbadhala Upazila,63131,1.0,9.3,82.0,7.6,5.4,31.7,45.5,17.4,00110
72.0,83.0,71.0,XXX,XX,01,  Jaria Union,3863,0.4,5.4,86.7,7.5,6.2,37.5,44.9,11.4,00110
72.0,83.0,94.0,XXX,XX,01,  Purbadhala Union,4337,0.5,5.3,86.2,8.0,14.3,38.6,31.5,15.7,00110
39.0,XX.0,XX.0,XXX,XX,01, Jamalpur Zila,468653,0.9,4.9,93.2,1.0,13.4,36.5,40.7,9.4,00110
39.0,7.0,XX.0,XXX,XX,01,  Bakshiganj Upazila,45464,0.5,2.3,96.1,1.2,13.9,42.9,34.1,9.1,00110
39.0,7.0,23.0,XXX,XX,01,  Bakshiganj Union,4840,1.1,3.3,95.2,0.4,25.6,40.7,26.5,7.1,00110
39.0,15.0,XX.0,XXX,XX,01,  Dewanganj Upazila,48990,0.4,1.9,96.3,1.4,3.9,28.3,50.3,17.4,00110
39.0,15.0,36.0,XXX,XX,01,  Chikajani Union,3990,0.2,0.9,98.6,0.3,5.0,30.7,46.8,17.4,00110
39.0,15.0,43.0,XXX,XX,01,  Chukaibari Union,383,0.3,1.3,82.5,15.9,0.3,5.5,28.2,66.1,00110
39.0,29.0,XX.0,XXX,XX,01,  Islampur Upazila,64689,0.6,3.7,94.4,1.3,5.7,38.2,43.3,12.8,00110
39.0,36.0,XX.0,XXX,XX,01,  Jamalpur Sadar Upazila,116455,1.1,7.6,89.9,1.3,19.5,31.5,41.4,7.7,00110
39.0,36.0,59.0,XXX,XX,01,  Ranagachha Union,7977,1.7,10.5,86.4,1.4,6.5,15.0,69.1,9.4,00110
39.0,58.0,XX.0,XXX,XX,01,  Madarganj Upazila,55691,0.7,4.2,94.7,0.4,5.3,39.1,50.2,5.5,00110
39.0,61.0,XX.0,XXX,XX,01,  Melandaha Upazila,70428,0.9,5.9,92.7,0.6,28.0,36.4,28.6,7.1,00110
39.0,61.0,85.0,XXX,XX,01,  Nangla Union,4528,0.2,2.0,96.9,1.0,44.1,28.9,21.8,5.2,00110
39.0,85.0,XX.0,XXX,XX,01,  Sarishabari Upazila,66936,1.8,4.7,93.1,0.3,8.4,43.4,39.1,9.1,00110
39.0,85.0,21.0,XXX,XX,01,  Bhatara Union,7863,0.6,5.4,93.9,0.2,10.4,44.4,35.3,9.8,00110
59.0,XX.0,XX.0,XXX,XX,01, Munshiganj Zila,270798,6.6,11.1,80.1,2.2,22.7,58.3,17.2,1.8,00110
59.0,24.0,XX.0,XXX,XX,01,  Gazaria Upazila,33333,7.9,12.0,79.4,0.8,20.3,57.4,19.7,2.5,00110
59.0,24.0,42.0,XXX,XX,01,  Gazaria Union,2638,7.0,8.8,83.9,0.3,11.4,74.4,13.7,0.5,00110
59.0,24.0,73.0,XXX,XX,01,  Imampur Union,4186,4.8,8.1,86.8,0.3,21.4,61.1,14.4,3.2,00110
59.0,44.0,XX.0,XXX,XX,01,  Lohajang Upazila,34748,3.8,8.1,83.9,4.1,19.0,62.2,16.9,1.9,00110
59.0,44.0,13.0,XXX,XX,01,  Bejgaon Union,2763,3.3,2.4,93.2,1.1,34.0,60.6,4.9,0.5,00110
59.0,44.0,94.0,XXX,XX,01,  Lohajang Teotia Union,994,0.0,1.7,92.7,5.6,1.4,47.9,48.2,2.5,00110
59.0,56.0,XX.0,XXX,XX,01,  Munshiganj Sadar Upazila,51806,7.1,11.5,80.5,1.0,17.1,61.4,20.0,1.5,00110
59.0,56.0,76.0,XXX,XX,01,  Panchasar Union,11734,11.0,19.8,68.1,1.1,7.1,80.7,11.8,0.3,00110
59.0,56.0,85.0,XXX,XX,01,  Rampal Union,7463,14.2,21.4,62.5,1.8,20.7,57.9,19.5,1.9,00110
59.0,74.0,XX.0,XXX,XX,01,  Serajdikhan Upazila,58595,7.5,10.6,78.8,3.1,22.1,59.1,16.7,2.2,00110
59.0,74.0,88.0,XXX,XX,01,  Rasunia Union,3994,7.7,19.2,71.5,1.6,17.0,72.6,8.2,2.3,00110
59.0,84.0,XX.0,XXX,XX,01,  Sreenagar Upazila,53801,6.8,11.1,80.1,2.1,32.5,50.4,15.6,1.5,00110
59.0,84.0,74.0,XXX,XX,01,  Sreenagar Union,2441,4.8,4.3,90.3,0.5,15.8,63.7,20.2,0.3,00110
59.0,94.0,XX.0,XXX,XX,01,  Tongibari Upazila,38515,5.7,13.5,78.5,2.3,22.9,61.3,14.5,1.3,00110
59.0,94.0,39.0,XXX,XX,01,  Dhipur Union,2410,7.1,7.8,82.8,2.3,27.5,59.0,12.8,0.6,00110
59.0,94.0,94.0,XXX,XX,01,  Sonarang Tongibari Union,1206,8.4,13.4,77.2,1.0,7.5,81.1,10.1,1.3,00110
35.0,XX.0,XX.0,XXX,XX,01, Gopalganj Zila,221554,2.5,10.2,86.3,1.1,42.6,42.2,12.8,2.5,00110
35.0,32.0,XX.0,XXX,XX,01,  Gopalganj Sadar Upazila,60737,3.5,14.7,81.0,0.9,40.2,45.3,12.8,1.8,00110
35.0,32.0,21.0,XXX,XX,01,  Gobra Union,2589,4.9,19.9,74.9,0.2,52.6,42.7,4.1,0.6,00110
35.0,32.0,38.0,XXX,XX,01,  Jalalabad Union,3135,3.1,16.4,79.1,1.4,44.5,43.4,10.1,1.9,00110
35.0,43.0,XX.0,XXX,XX,01,  Kashiani Upazila,44912,2.7,12.1,84.0,1.3,31.2,47.4,18.6,2.8,00110
35.0,43.0,27.0,XXX,XX,01,  Kashiani Union,4241,3.7,19.3,75.1,2.0,36.3,34.0,27.4,2.3,00110
35.0,51.0,XX.0,XXX,XX,01,  Kotalipara Upazila,45440,1.1,2.1,96.2,0.6,54.1,34.7,7.7,3.5,00110
35.0,51.0,23.0,XXX,XX,01,  Ghagar Union,1068,1.4,11.2,85.3,2.1,69.6,26.0,3.3,1.1,00110
35.0,58.0,XX.0,XXX,XX,01,  Muksudpur Upazila,57401,2.2,11.3,85.0,1.6,38.7,44.5,14.3,2.5,00110
35.0,91.0,XX.0,XXX,XX,01,  Tungipara Upazila,13064,2.8,5.8,90.7,0.7,70.1,25.5,3.0,1.3,00110
35.0,91.0,66.0,XXX,XX,01,  Kushli Union,2819,4.5,10.0,85.0,0.5,64.2,31.3,4.0,0.5,00110
82.0,XX.0,XX.0,XXX,XX,01, Rajbari Zila,207054,2.0,15.9,79.3,2.8,38.7,38.8,19.0,3.6,00110
82.0,7.0,XX.0,XXX,XX,01,  Baliakandi Upazila,43919,3.6,26.0,68.3,2.2,48.3,32.9,15.2,3.6,00110
82.0,7.0,17.0,XXX,XX,01,  Baharpur Union,6896,6.7,35.0,57.1,1.2,61.0,29.2,6.5,3.3,00110
82.0,7.0,19.0,XXX,XX,01,  Baliakandi Union,4403,2.9,27.5,67.2,2.4,19.8,44.3,32.2,3.7,00110
82.0,29.0,XX.0,XXX,XX,01,  Goalanda Upazila,17653,1.2,10.0,87.1,1.8,18.7,36.6,41.3,3.3,00110
82.0,29.0,19.0,XXX,XX,01,  Chhota Bhakla Union,2567,2.1,15.7,82.1,0.0,48.7,35.5,14.5,1.3,00110
82.0,29.0,76.0,XXX,XX,01,  Ujan Char Union,4493,0.6,7.1,89.0,3.3,10.0,27.9,55.9,6.1,00110
82.0,47.0,XX.0,XXX,XX,01,  Kalukhali Upazila,34025,1.9,12.1,83.8,2.3,41.3,37.9,17.5,3.3,00110
82.0,47.0,30.0,XXX,XX,01,  Kalikapur Union,3114,1.0,11.8,84.5,2.8,42.9,45.4,7.8,3.9,00110
82.0,47.0,85.0,XXX,XX,01,  Ratandia Union,5927,1.2,10.2,85.8,2.7,33.4,35.5,26.3,4.9,00110
82.0,73.0,XX.0,XXX,XX,01,  Pangsha Upazila,48861,1.7,10.9,84.0,3.4,33.8,42.5,19.1,4.5,00110
82.0,73.0,25.0,XXX,XX,01,  Jashai Union,3806,0.7,9.4,87.8,2.2,43.2,41.6,10.4,4.7,00110
82.0,73.0,75.0,XXX,XX,01,  Babupara Union,3280,0.3,9.9,81.8,8.0,66.4,27.6,3.6,2.5,00110
82.0,76.0,XX.0,XXX,XX,01,  Rajbari Sadar Upazila,62596,1.5,16.6,78.8,3.2,39.9,41.0,15.9,3.2,00110
82.0,76.0,36.0,XXX,XX,01,  Dadshi Union,3909,1.7,15.4,81.8,1.0,35.1,38.6,22.7,3.6,00110
82.0,76.0,51.0,XXX,XX,01,  Mizanpur Union,7645,1.6,30.2,67.0,1.2,27.5,47.4,21.9,3.2,00110
61.0,XX.0,XX.0,XXX,XX,01, Mymensingh Zila,979199,1.1,8.7,86.2,4.0,9.7,30.4,45.0,14.8,00110
61.0,13.0,XX.0,XXX,XX,01,  Bhaluka Upazila,90341,2.2,15.2,81.2,1.4,21.7,43.0,27.1,8.1,00110
61.0,13.0,14.0,XXX,XX,01,  Bhaluka Union,4147,0.7,12.0,86.6,0.7,23.3,42.7,30.0,4.0,00110
61.0,13.0,69.0,XXX,XX,01,  Mallikbari Union,5165,1.6,4.7,92.7,0.9,25.3,40.5,27.6,6.6,00110
61.0,16.0,XX.0,XXX,XX,01,  Dhobaura Upazila,42332,0.6,3.1,90.9,5.4,17.8,34.2,35.1,12.8,00110
61.0,16.0,36.0,XXX,XX,01,  Dhobaura Union,6144,0.8,1.9,91.3,6.0,31.2,37.4,23.3,8.1,00110
61.0,20.0,XX.0,XXX,XX,01,  Fulbaria Upazila,89925,0.8,5.8,90.3,3.2,8.3,28.4,43.1,20.2,00110
61.0,20.0,17.0,XXX,XX,01,  Bakta Union,7384,0.4,3.8,94.4,1.3,9.8,21.5,47.9,20.8,00110
61.0,20.0,47.0,XXX,XX,01,  Fulbaria Union,4516,1.6,6.3,90.1,2.1,7.9,18.6,41.6,31.9,00110
61.0,22.0,XX.0,XXX,XX,01,  Gaffargaon Upazila,89508,2.0,12.7,83.2,2.1,6.2,32.8,48.2,12.8,00110
61.0,22.0,82.0,XXX,XX,01,  Saltia Union,3624,2.8,20.4,73.6,3.2,9.6,31.0,47.9,11.5,00110
61.0,23.0,XX.0,XXX,XX,01,  Gauripur Upazila,66415,0.6,7.5,88.3,3.6,13.4,31.7,41.1,13.8,00110
61.0,24.0,XX.0,XXX,XX,01,  Haluaghat Upazila,66961,0.6,4.5,86.4,8.5,8.9,35.3,45.2,10.7,00110
61.0,24.0,61.0,XXX,XX,01,  Haluaghat Union,8645,0.5,4.6,93.0,1.9,0.8,31.6,62.3,5.3,00110
61.0,31.0,XX.0,XXX,XX,01,  Ishwarganj Upazila,73950,0.8,6.4,89.9,2.9,9.5,25.9,48.7,15.9,00110
61.0,31.0,40.0,XXX,XX,01,  Ishwarganj Union,3233,2.1,14.5,83.1,0.2,12.8,38.6,41.6,7.0,00110
61.0,52.0,XX.0,XXX,XX,01,  Mymensingh Sadar Upazila,84673,1.4,11.5,83.2,3.9,8.4,25.2,48.5,17.9,00110
61.0,52.0,33.0,XXX,XX,01,  Char Ishwardia Union,3540,0.1,9.8,82.3,7.7,15.6,27.1,42.3,15.0,00110
61.0,52.0,40.0,XXX,XX,01,  Char Nilakshmia Union,6554,1.6,13.8,82.2,2.4,16.9,42.0,25.0,16.0,00110
61.0,52.0,67.0,XXX,XX,01,  Khagdahar Union,7879,3.1,13.4,77.9,5.6,6.4,18.1,57.9,17.6,00110
61.0,65.0,XX.0,XXX,XX,01,  Muktagachha Upazila,85376,0.8,5.9,91.2,2.2,9.6,35.1,46.3,9.0,00110
61.0,72.0,XX.0,XXX,XX,01,  Nandail Upazila,77907,1.0,7.1,88.2,3.7,3.5,19.4,46.4,30.8,00110
61.0,72.0,13.0,XXX,XX,01,  Achargaon Union,3629,0.8,4.7,91.2,3.3,3.0,11.6,46.4,39.0,00110
61.0,72.0,23.0,XXX,XX,01,  Chandipasha Union,7649,0.7,8.7,86.2,4.4,4.9,23.2,41.8,30.1,00110
61.0,81.0,XX.0,XXX,XX,01,  Phulpur Upazila,129951,1.0,8.8,82.9,7.4,7.4,26.8,51.4,14.4,00110
61.0,94.0,XX.0,XXX,XX,01,  Trishal Upazila,81860,1.1,11.2,84.5,3.2,7.0,30.0,51.8,11.2,00110
61.0,94.0,66.0,XXX,XX,01,  Rampur Union,2372,0.4,4.8,94.1,0.7,0.9,10.7,73.7,14.7,00110
67.0,XX.0,XX.0,XXX,XX,01, Narayanganj Zila,435348,16.8,30.5,51.5,1.2,20.3,54.0,23.4,2.2,00110
67.0,2.0,XX.0,XXX,XX,01,  Araihazar Upazila,74158,3.9,12.7,83.0,0.3,6.2,39.1,47.2,7.6,00110
67.0,2.0,23.0,XXX,XX,01,  Araihazar Union,4780,4.3,15.4,79.6,0.6,5.6,30.3,59.9,4.2,00110
67.0,2.0,87.0,XXX,XX,01,  Satgram Union,6324,2.5,15.8,81.1,0.6,1.2,47.4,45.0,6.4,00110
67.0,4.0,XX.0,XXX,XX,01,  Sonargaon Upazila,81602,12.9,22.7,64.1,0.4,15.7,60.9,21.9,1.5,00110
67.0,6.0,XX.0,XXX,XX,01,  Bandar Upazila,33696,10.8,19.0,69.2,1.1,22.6,57.6,18.3,1.5,00110
67.0,58.0,XX.0,XXX,XX,01,  Narayanganj Sadar Upazila,181648,27.8,46.0,24.0,2.1,32.3,58.6,8.8,0.3,00110
67.0,68.0,XX.0,XXX,XX,01,  Rupganj Upazila,64244,8.5,23.2,67.6,0.7,7.4,47.5,42.1,2.9,00110
67.0,68.0,63.0,XXX,XX,01,  Mura Para Union,2104,11.3,26.3,62.2,0.2,3.3,24.5,68.2,4.1,00110
67.0,68.0,79.0,XXX,XX,01,  Rupganj Union,8264,7.6,16.7,74.8,0.9,1.4,10.6,85.1,2.9,00110
33.0,XX.0,XX.0,XXX,XX,01, Gazipur Zila,556863,7.2,38.7,52.8,1.4,26.0,51.9,19.4,2.8,00110
33.0,30.0,XX.0,XXX,XX,01,  Gazipur Sadar Upazila,269078,10.1,60.2,28.3,1.4,34.5,53.9,10.9,0.7,00110
33.0,32.0,XX.0,XXX,XX,01,  Kaliakair Upazila,72384,4.9,25.0,69.0,1.1,13.5,56.5,25.4,4.5,00110
33.0,32.0,66.0,XXX,XX,01,  Mouchak Union,21236,10.1,50.1,38.9,0.9,20.1,63.5,16.1,0.4,00110
33.0,32.0,76.0,XXX,XX,01,  Sreefaltali Union,3995,5.4,19.0,73.0,2.6,12.7,48.2,34.3,4.8,00110
33.0,34.0,XX.0,XXX,XX,01,  Kaliganj Upazila,47958,4.6,20.5,73.4,1.5,21.1,49.3,26.2,3.4,00110
33.0,36.0,XX.0,XXX,XX,01,  Kapasia Upazila,76605,3.6,12.8,82.1,1.4,18.2,38.5,35.7,7.5,00110
33.0,36.0,43.0,XXX,XX,01,  Kapasia Union,7013,8.3,15.7,75.2,0.8,35.0,41.3,20.5,3.2,00110
33.0,86.0,XX.0,XXX,XX,01,  Sreepur Upazila,90838,4.6,17.1,77.0,1.4,19.8,54.7,22.3,3.2,00110
56.0,XX.0,XX.0,XXX,XX,01, Manikganj Zila,294287,1.6,8.5,88.0,1.9,17.9,53.4,26.5,2.2,00110
56.0,10.0,XX.0,XXX,XX,01,  Daulatpur Upazila,37003,0.8,3.8,94.7,0.6,11.2,34.1,51.3,3.4,00110
56.0,10.0,28.0,XXX,XX,01,  Chak Mirpur Union,4149,2.7,12.4,84.5,0.5,7.1,53.0,38.4,1.5,00110
56.0,22.0,XX.0,XXX,XX,01,  Ghior Upazila,33196,1.1,6.0,90.6,2.2,24.6,42.9,30.0,2.4,00110
56.0,22.0,47.0,XXX,XX,01,  Ghior Union,4064,1.4,5.3,87.5,5.8,1.3,47.9,48.8,1.9,00110
56.0,28.0,XX.0,XXX,XX,01,  Harirampur Upazila,32926,0.7,4.3,93.5,1.5,12.2,45.3,39.4,3.0,00110
56.0,28.0,29.0,XXX,XX,01,  Boyra Union,1982,0.9,7.2,90.6,1.4,28.8,53.5,15.7,1.9,00110
56.0,46.0,XX.0,XXX,XX,01,  Manikganj Sadar Upazila,54502,1.7,10.1,87.5,0.7,15.6,64.7,18.7,1.0,00110
56.0,46.0,87.0,XXX,XX,01,  Nabagram Union,4354,2.2,5.3,92.0,0.6,11.6,74.9,12.7,0.8,00110
56.0,70.0,XX.0,XXX,XX,01,  Saturia Upazila,38514,1.6,7.5,88.8,2.1,10.3,67.3,21.3,1.1,00110
56.0,70.0,19.0,XXX,XX,01,  Baliati Union,2587,2.9,14.5,81.2,1.4,23.6,31.9,44.3,0.1,00110
56.0,70.0,85.0,XXX,XX,01,  Saturia Union,3720,2.4,14.0,83.4,0.1,11.3,70.0,18.5,0.2,00110
56.0,78.0,XX.0,XXX,XX,01,  Shibalaya Upazila,39416,1.4,10.4,83.9,4.3,25.9,50.7,20.4,3.0,00110
56.0,78.0,71.0,XXX,XX,01,  Ulail Union,4909,0.5,3.8,86.0,9.7,36.4,43.5,16.9,3.2,00110
56.0,82.0,XX.0,XXX,XX,01,  Singair Upazila,58730,2.8,13.0,82.1,2.1,23.4,58.5,16.1,2.0,00110
26.0,XX.0,XX.0,XXX,XX,01, Dhaka Zila,635773,18.6,44.4,35.9,1.0,38.6,51.7,9.0,0.8,00110
26.0,14.0,XX.0,XXX,XX,01,  Dhamrai Upazila,78926,4.2,14.0,80.9,0.9,19.6,58.0,20.9,1.5,00110
26.0,14.0,35.0,XXX,XX,01,  Dhamrai Union,1973,21.9,38.3,39.6,0.2,36.3,55.8,5.4,2.5,00110
26.0,18.0,XX.0,XXX,XX,01,  Dohar Upazila,41214,9.2,35.8,54.4,0.6,29.7,56.2,12.8,1.4,00110
26.0,38.0,XX.0,XXX,XX,01,  Keraniganj Upazila,172967,35.7,36.1,26.8,1.4,29.5,62.7,7.2,0.6,00110
26.0,62.0,XX.0,XXX,XX,01,  Nawabganj Upazila,66704,8.0,25.0,66.2,0.8,36.2,50.9,11.1,1.8,00110
26.0,62.0,13.0,XXX,XX,01,  Bakshanagar Union,4527,10.8,19.9,69.2,0.1,32.6,54.0,12.3,1.1,00110
26.0,62.0,74.0,XXX,XX,01,  Kalakopa Union,1533,16.0,23.8,59.8,0.4,30.1,48.7,20.9,0.3,00110
26.0,72.0,XX.0,XXX,XX,01,  Savar Upazila,275962,16.0,64.4,18.7,0.9,51.6,42.5,5.5,0.5,00110
86.0,XX.0,XX.0,XXX,XX,01, Shariatpur Zila,218223,1.9,6.4,90.6,1.0,28.0,53.4,16.0,2.6,00110
86.0,14.0,XX.0,XXX,XX,01,  Bhedarganj Upazila,50885,1.1,3.3,95.0,0.5,30.9,52.5,13.6,2.9,00110
86.0,14.0,77.0,XXX,XX,01,  Rambhadrapur Union,3804,4.4,8.5,85.4,1.7,34.1,44.0,20.3,1.6,00110
86.0,25.0,XX.0,XXX,XX,01,  Damudya Upazila,20200,1.8,6.0,89.3,2.9,61.3,29.2,7.1,2.4,00110
86.0,25.0,23.0,XXX,XX,01,  Darul Aman Union,1414,1.3,9.5,85.8,3.5,98.9,1.0,0.0,0.1,00110
86.0,36.0,XX.0,XXX,XX,01,  Gosairhat Upazila,30790,1.2,5.0,92.9,0.9,23.3,56.1,18.1,2.6,00110
86.0,36.0,35.0,XXX,XX,01,  Idilpur Union,5718,1.2,9.8,87.7,1.3,26.8,48.0,22.7,2.4,00110
86.0,65.0,XX.0,XXX,XX,01,  Naria Upazila,44499,4.0,10.5,84.2,1.3,20.7,55.4,21.2,2.6,00110
86.0,69.0,XX.0,XXX,XX,01,  Shariatpur Sadar Upazila,34882,1.8,8.9,88.3,1.0,28.5,52.3,16.7,2.5,00110
86.0,94.0,XX.0,XXX,XX,01,  Zanjira Upazila,36967,1.2,4.9,93.4,0.4,18.2,64.4,15.4,2.1,00110
54.0,XX.0,XX.0,XXX,XX,01, Madaripur Zila,217008,3.2,13.4,82.3,1.1,10.5,58.8,29.3,1.4,00110
54.0,40.0,XX.0,XXX,XX,01,  Kalkini Upazila,50408,3.1,6.7,89.3,0.9,16.3,66.0,16.2,1.5,00110
54.0,54.0,XX.0,XXX,XX,01,  Madaripur Sadar Upazila,60245,3.2,10.8,85.0,1.1,2.7,54.3,42.0,1.1,00110
54.0,80.0,XX.0,XXX,XX,01,  Rajoir Upazila,44113,3.6,17.7,77.3,1.4,10.3,59.1,29.0,1.6,00110
54.0,80.0,95.0,XXX,XX,01,  Rajoir Union,554,0.9,11.2,87.9,0.0,40.4,46.2,10.5,2.9,00110
54.0,87.0,XX.0,XXX,XX,01,  Shib Char Upazila,62242,2.9,18.3,77.7,1.1,13.6,57.0,27.8,1.5,00110
54.0,87.0,18.0,XXX,XX,01,  Bayratala Uttar Union,1153,2.9,15.1,81.3,0.7,13.6,80.1,5.2,1.0,00110
54.0,87.0,42.0,XXX,XX,01,  Ditiyakhanda Union,2314,1.9,12.7,83.5,1.9,5.3,69.6,24.7,0.4,00110
93.0,XX.0,XX.0,XXX,XX,01, Tangail Zila,740131,1.2,4.7,93.2,1.0,18.0,43.7,31.8,6.6,00110
93.0,9.0,XX.0,XXX,XX,01,  Basail Upazila,35348,1.5,3.5,94.2,0.8,39.5,46.4,11.7,2.4,00110
93.0,9.0,11.0,XXX,XX,01,  Basail Union,3230,1.0,3.2,95.3,0.5,36.8,50.5,9.2,3.5,00110
93.0,19.0,XX.0,XXX,XX,01,  Bhuapur Upazila,39497,0.5,2.6,94.6,2.2,10.0,47.6,37.6,4.7,00110
93.0,23.0,XX.0,XXX,XX,01,  Delduar Upazila,44768,1.3,5.0,93.3,0.4,21.8,54.3,20.6,3.3,00110
93.0,23.0,23.0,XXX,XX,01,  Delduar Union,3977,1.4,5.9,92.5,0.2,17.6,61.2,18.7,2.5,00110
93.0,25.0,XX.0,XXX,XX,01,  Dhanbari Upazila,36794,0.5,4.5,92.9,2.1,2.2,20.5,67.3,10.1,00110
93.0,28.0,XX.0,XXX,XX,01,  Ghatail Upazila,96163,0.8,5.2,93.0,0.9,17.9,45.7,28.6,7.8,00110
93.0,38.0,XX.0,XXX,XX,01,  Gopalpur Upazila,51411,0.8,3.0,95.7,0.5,21.8,42.7,28.0,7.6,00110
93.0,47.0,XX.0,XXX,XX,01,  Kalihati Upazila,88746,1.1,3.9,94.1,0.9,19.2,49.4,26.1,5.4,00110
93.0,47.0,58.0,XXX,XX,01,  Kok Dahara Union,6610,0.6,2.4,94.7,2.3,5.3,55.6,34.1,5.0,00110
93.0,57.0,XX.0,XXX,XX,01,  Madhupur Upazila,59888,0.7,3.3,95.0,1.0,14.5,49.3,29.2,7.0,00110
93.0,57.0,21.0,XXX,XX,01,  Alokdia Union,6759,1.2,3.4,95.0,0.4,1.1,59.7,34.8,4.4,00110
93.0,66.0,XX.0,XXX,XX,01,  Mirzapur Upazila,85927,2.7,11.9,84.1,1.2,19.0,44.2,30.5,6.4,00110
93.0,66.0,36.0,XXX,XX,01,  Bhaora Union,3157,1.5,5.4,92.4,0.8,36.9,37.0,24.5,1.6,00110
93.0,66.0,39.0,XXX,XX,01,  Bhatgram Union,4996,2.5,11.1,85.6,0.8,40.0,31.2,26.8,2.0,00110
93.0,66.0,67.0,XXX,XX,01,  Latifpur Union,3366,1.0,9.4,89.2,0.4,23.5,39.5,30.5,6.6,00110
93.0,76.0,XX.0,XXX,XX,01,  Nagarpur Upazila,63395,0.7,2.3,96.6,0.4,11.1,35.6,50.2,3.1,00110
93.0,76.0,73.0,XXX,XX,01,  Nagarpur Union,3198,0.7,3.0,94.6,1.7,12.6,33.9,52.1,1.4,00110
93.0,85.0,XX.0,XXX,XX,01,  Sakhipur Upazila,59108,1.0,3.4,94.4,1.2,23.6,42.7,18.2,15.5,00110
93.0,85.0,27.0,XXX,XX,01,  Gazaria Union,8429,0.4,2.7,95.6,1.3,30.7,35.6,17.3,16.4,00110
93.0,85.0,81.0,XXX,XX,01,  Kalia Union,11271,0.5,2.3,95.6,1.7,21.3,45.3,20.3,13.1,00110
93.0,95.0,XX.0,XXX,XX,01,  Tangail Sadar Upazila,79086,1.6,3.5,94.2,0.7,16.6,39.1,39.0,5.2,00110
48.0,XX.0,XX.0,XXX,XX,01, Kishoreganj Zila,521579,1.1,8.5,88.6,1.7,9.7,31.0,47.8,11.5,00110
48.0,2.0,XX.0,XXX,XX,01,  Austagram Upazila,27132,0.6,3.3,94.5,1.6,5.8,29.5,55.5,9.2,00110
48.0,2.0,23.0,XXX,XX,01,  Austagram Union,632,0.3,2.8,88.8,8.1,5.9,37.0,42.4,14.7,00110
48.0,6.0,XX.0,XXX,XX,01,  Bajitpur Upazila,45383,1.3,14.2,80.0,4.5,10.9,35.2,46.4,7.5,00110
48.0,11.0,XX.0,XXX,XX,01,  Bhairab Upazila,34798,2.5,8.0,88.4,1.1,8.0,32.4,49.4,10.2,00110
48.0,27.0,XX.0,XXX,XX,01,  Hossainpur Upazila,36094,0.9,6.2,90.9,2.0,6.2,22.0,49.4,22.4,00110
48.0,33.0,XX.0,XXX,XX,01,  Itna Upazila,29359,0.4,2.0,95.8,1.8,2.7,17.7,70.3,9.4,00110
48.0,33.0,43.0,XXX,XX,01,  Dhanpur Union,2602,0.7,2.2,95.6,1.5,11.6,27.9,50.1,10.5,00110
48.0,33.0,51.0,XXX,XX,01,  Itna Union,833,0.0,1.8,94.8,3.4,2.9,16.0,56.2,25.0,00110
48.0,42.0,XX.0,XXX,XX,01,  Karimganj Upazila,56815,0.6,5.6,92.5,1.2,16.5,45.4,31.3,6.9,00110
48.0,45.0,XX.0,XXX,XX,01,  Katiadi Upazila,60651,1.7,13.7,83.2,1.4,6.6,26.2,51.6,15.6,00110
48.0,49.0,XX.0,XXX,XX,01,  Kishoreganj Sadar Upazila,67894,1.2,8.2,88.7,1.9,17.2,31.9,38.9,12.1,00110
48.0,54.0,XX.0,XXX,XX,01,  Kuliar Char Upazila,32543,1.7,13.9,82.7,1.8,5.5,38.9,40.2,15.4,00110
48.0,59.0,XX.0,XXX,XX,01,  Mithamain Upazila,21310,0.5,1.5,97.5,0.6,0.6,13.0,69.2,17.3,00110
48.0,59.0,81.0,XXX,XX,01,  Mithamain Union,1439,0.1,1.0,98.5,0.4,2.2,34.8,42.7,20.2,00110
48.0,76.0,XX.0,XXX,XX,01,  Nikli Upazila,26000,0.6,3.0,95.7,0.7,3.1,21.5,68.4,7.0,00110
48.0,76.0,76.0,XXX,XX,01,  Nikli Union,2927,1.1,4.6,93.0,1.3,6.1,66.1,24.1,3.7,00110
48.0,79.0,XX.0,XXX,XX,01,  Pakundia Upazila,50878,1.5,14.5,82.3,1.7,15.8,27.6,45.2,11.4,00110
48.0,92.0,XX.0,XXX,XX,01,  Tarail Upazila,32722,0.5,3.8,94.7,1.0,7.2,45.0,41.6,6.1,00110
48.0,92.0,94.0,XXX,XX,01,  Tarail Sachail Union,3425,1.1,3.8,93.0,2.2,4.8,50.7,36.2,8.3,00110
89.0,XX.0,XX.0,XXX,XX,01, Sherpur Zila,296638,0.8,4.8,91.9,2.5,10.8,37.6,41.2,10.4,00110
89.0,37.0,XX.0,XXX,XX,01,  Jhenaigati Upazila,39675,0.8,5.4,90.7,3.1,8.0,41.4,40.7,9.8,00110
89.0,37.0,25.0,XXX,XX,01,  Jhenaigati Union,7276,0.2,5.0,91.6,3.1,8.9,45.3,37.0,8.7,00110
89.0,67.0,XX.0,XXX,XX,01,  Nakla Upazila,39234,1.0,6.2,89.6,3.2,26.5,38.7,24.2,10.6,00110
89.0,70.0,XX.0,XXX,XX,01,  Nalitabari Upazila,58188,0.5,2.8,92.7,3.9,12.3,50.2,30.9,6.6,00110
89.0,88.0,XX.0,XXX,XX,01,  Sherpur Sadar Upazila,99499,0.9,5.6,91.9,1.6,7.0,30.9,47.9,14.2,00110
89.0,90.0,XX.0,XXX,XX,01,  Sreebardi Upazila,60042,0.8,4.1,93.6,1.5,7.2,33.2,51.4,8.2,00110
68.0,XX.0,XX.0,XXX,XX,01, Narsingdi Zila,377896,4.0,19.0,76.0,1.0,17.7,39.1,33.2,10.0,00110
68.0,7.0,XX.0,XXX,XX,01,  Belabo Upazila,37732,1.8,12.9,84.6,0.8,22.8,35.5,28.3,13.4,00110
68.0,7.0,13.0,XXX,XX,01,  Bajnaba Union,3660,1.1,7.1,91.5,0.2,28.6,42.1,17.4,11.9,00110
68.0,52.0,XX.0,XXX,XX,01,  Manohardi Upazila,58103,2.9,19.8,76.1,1.2,15.5,37.7,32.1,14.8,00110
68.0,52.0,33.0,XXX,XX,01,  Chandanbari Union,2867,2.3,23.4,73.8,0.5,21.7,27.3,42.8,8.2,00110
68.0,52.0,67.0,XXX,XX,01,  Kanchikata Union,5300,5.1,16.2,77.2,1.5,4.8,48.2,38.8,8.2,00110
68.0,52.0,94.0,XXX,XX,01,  Shukundi Union,4026,1.7,25.6,72.6,0.1,27.5,52.4,16.0,4.1,00110
68.0,60.0,XX.0,XXX,XX,01,  Narsingdi Sadar Upazila,97125,5.8,23.6,69.7,0.8,16.3,38.7,37.3,7.8,00110
68.0,60.0,25.0,XXX,XX,01,  Chinishpur Union,9877,18.9,42.8,38.1,0.2,37.0,43.0,19.0,1.0,00110
68.0,60.0,47.0,XXX,XX,01,  Kanthalia Union,7899,1.6,9.0,88.7,0.6,6.0,18.3,61.8,13.9,00110
68.0,60.0,53.0,XXX,XX,01,  Nuralla Pur U/C Union,4419,4.1,25.8,70.0,0.1,31.6,34.7,28.8,4.9,00110
68.0,60.0,59.0,XXX,XX,01,  Mahishasura Union,6408,3.2,17.8,78.3,0.7,10.5,36.6,37.2,15.7,00110
68.0,63.0,XX.0,XXX,XX,01,  Palash Upazila,24611,6.0,23.5,69.1,1.5,8.5,48.5,37.9,5.1,00110
68.0,63.0,15.0,XXX,XX,01,  Char Sindur Union,4279,13.4,24.4,60.6,1.5,15.0,36.6,42.8,5.5,00110
68.0,63.0,79.0,XXX,XX,01,  Jinardi Union,5234,6.9,18.8,73.3,1.0,1.8,52.6,42.5,3.0,00110
68.0,64.0,XX.0,XXX,XX,01,  Roypura Upazila,101008,2.5,13.7,83.0,0.8,19.7,37.7,30.8,11.8,00110
68.0,64.0,14.0,XXX,XX,01,  Alipura Union,2716,1.8,23.6,73.9,0.7,8.8,27.4,52.4,11.4,00110
68.0,64.0,74.0,XXX,XX,01,  Palashtali Union,5959,1.2,9.4,88.0,1.4,16.3,35.9,34.3,13.5,00110
68.0,76.0,XX.0,XXX,XX,01,  Shibpur Upazila,59317,5.3,21.7,71.4,1.5,19.5,41.9,33.0,5.6,00110
68.0,76.0,21.0,XXX,XX,01,  Baghaba Union,5872,3.8,18.8,76.5,1.0,24.3,40.9,26.4,8.4,00110
68.0,76.0,73.0,XXX,XX,01,  Masimpur Union,4816,8.0,24.9,66.9,0.2,21.7,51.9,19.6,6.8,00110
33.0,XX.0,XX.0,XXX,XX,01, Gazipur Zila,556863,7.2,38.7,52.8,1.4,26.0,51.9,19.4,2.8,00110
33.0,30.0,XX.0,XXX,XX,01,  Gazipur Sadar Upazila,269078,10.1,60.2,28.3,1.4,34.5,53.9,10.9,0.7,00110
33.0,32.0,XX.0,XXX,XX,01,  Kaliakair Upazila,72384,4.9,25.0,69.0,1.1,13.5,56.5,25.4,4.5,00110
33.0,32.0,66.0,XXX,XX,01,  Mouchak Union,21236,10.1,50.1,38.9,0.9,20.1,63.5,16.1,0.4,00110
33.0,32.0,76.0,XXX,XX,01,  Sreefaltali Union,3995,5.4,19.0,73.0,2.6,12.7,48.2,34.3,4.8,00110
33.0,34.0,XX.0,XXX,XX,01,  Kaliganj Upazila,47958,4.6,20.5,73.4,1.5,21.1,49.3,26.2,3.4,00110
33.0,36.0,XX.0,XXX,XX,01,  Kapasia Upazila,76605,3.6,12.8,82.1,1.4,18.2,38.5,35.7,7.5,00110
33.0,36.0,43.0,XXX,XX,01,  Kapasia Union,7013,8.3,15.7,75.2,0.8,35.0,41.3,20.5,3.2,00110
33.0,86.0,XX.0,XXX,XX,01,  Sreepur Upazila,90838,4.6,17.1,77.0,1.4,19.8,54.7,22.3,3.2,00110
90.0,XX.0,XX.0,XXX,XX,01, Sunamganj Zila,393203,5.2,10.2,80.1,4.5,5.7,23.4,57.8,13.1,00110
90.0,18.0,XX.0,XXX,XX,01,  Bishwambarpur Upazila,28712,0.7,6.1,78.1,15.1,3.0,19.1,62.6,15.3,00110
90.0,18.0,77.0,XXX,XX,01,  Palash Union,4953,1.1,5.9,76.6,16.4,1.3,21.8,66.0,10.9,00110
90.0,23.0,XX.0,XXX,XX,01,  Chhatak Upazila,57559,14.0,15.6,66.4,4.0,8.3,29.7,51.7,10.3,00110
90.0,23.0,13.0,XXX,XX,01,  Chhatak Union,1896,11.5,14.3,73.6,0.6,10.0,42.5,41.0,6.4,00110
90.0,23.0,47.0,XXX,XX,01,  Dakshin Islampur Union,4468,4.5,17.9,57.5,20.1,3.7,21.5,61.4,13.4,00110
90.0,23.0,76.0,XXX,XX,01,  Noarai Union,6143,6.6,13.4,68.1,11.9,2.7,13.5,51.4,32.3,00110
90.0,27.0,XX.0,XXX,XX,01,  Dakshin Sunamganj Upazila,31023,5.7,11.6,80.7,2.1,6.6,22.6,60.4,10.4,00110
90.0,27.0,33.0,XXX,XX,01,  Joykalas Union,5471,5.5,13.4,80.1,1.0,7.6,27.9,56.9,7.6,00110
90.0,29.0,XX.0,XXX,XX,01,  Derai Upazila,38449,2.9,9.3,85.0,2.7,3.4,27.5,55.9,13.2,00110
90.0,29.0,28.0,XXX,XX,01,  Derai Sarmangal Union,2603,0.8,6.0,93.0,0.3,0.0,5.8,83.0,11.2,00110
90.0,29.0,47.0,XXX,XX,01,  Karimpur Union,3455,3.4,11.7,78.5,6.5,9.2,30.6,48.4,11.8,00110
90.0,32.0,XX.0,XXX,XX,01,  Dharampasha Upazila,41537,0.5,2.7,89.3,7.4,2.9,17.7,66.5,12.9,00110
90.0,32.0,38.0,XXX,XX,01,  Dharmapasha Union,4389,0.4,3.6,93.1,2.9,3.3,30.6,48.3,17.8,00110
90.0,32.0,57.0,XXX,XX,01,  Madhyanagar Union,3295,0.4,1.9,97.1,0.6,3.8,8.4,80.1,7.7,00110
90.0,33.0,XX.0,XXX,XX,01,  Dowarabazar Upazila,39781,4.5,13.5,79.3,2.7,6.6,26.3,52.8,14.3,00110
90.0,33.0,27.0,XXX,XX,01,  Dakshin Dowarabazar Union,1523,2.1,11.0,83.3,3.6,11.0,19.8,51.0,18.2,00110
90.0,47.0,XX.0,XXX,XX,01,  Jagannathpur Upazila,35659,16.0,20.2,62.0,1.8,18.2,30.7,43.1,8.0,00110
90.0,50.0,XX.0,XXX,XX,01,  Jamalganj Upazila,28077,1.7,7.6,88.5,2.2,2.8,24.8,62.2,10.3,00110
90.0,50.0,67.0,XXX,XX,01,  Jamalganj Union,7847,1.9,9.0,87.4,1.7,2.2,23.3,69.1,5.4,00110
90.0,50.0,81.0,XXX,XX,01,  Sachna Bazar Union,4043,3.3,11.5,83.8,1.4,2.3,30.9,60.4,6.4,00110
90.0,86.0,XX.0,XXX,XX,01,  Sulla Upazila,19498,0.9,3.3,93.3,2.5,1.6,14.0,67.6,16.9,00110
90.0,86.0,47.0,XXX,XX,01,  Bahara Union,4293,1.0,4.8,93.3,0.9,0.6,8.2,65.3,25.9,00110
90.0,89.0,XX.0,XXX,XX,01,  Sunamganj Sadar Upazila,36764,2.2,11.2,84.7,1.9,3.8,22.2,59.7,14.3,00110
90.0,89.0,10.0,XXX,XX,01,  Aftabnagar Union,2991,3.8,15.5,79.4,1.3,4.0,44.7,40.6,10.6,00110
90.0,89.0,39.0,XXX,XX,01,  Lakshmansree Union,2388,2.1,13.3,84.1,0.5,2.5,32.7,48.6,16.2,00110
90.0,92.0,XX.0,XXX,XX,01,  Tahirpur Upazila,36144,0.6,5.0,87.2,7.2,1.7,14.8,62.8,20.7,00110
90.0,92.0,64.0,XXX,XX,01,  Tahirpur Union,1770,0.8,3.7,94.2,1.2,0.7,45.7,49.3,4.3,00110
36.0,XX.0,XX.0,XXX,XX,01, Habiganj Zila,345860,3.5,16.7,76.3,3.4,8.9,33.9,48.3,8.9,00110
36.0,2.0,XX.0,XXX,XX,01,  Ajmiriganj Upazila,18125,1.6,5.6,91.2,1.6,1.7,14.3,72.9,11.2,00110
36.0,2.0,13.0,XXX,XX,01,  Ajmiriganj Union,1383,3.4,8.6,81.5,6.5,2.7,36.1,52.5,8.7,00110
36.0,5.0,XX.0,XXX,XX,01,  Bahubal Upazila,36469,3.2,20.7,73.7,2.4,14.1,32.3,46.0,7.6,00110
36.0,5.0,11.0,XXX,XX,01,  Bahubal Union,4719,4.7,21.6,72.3,1.4,6.9,23.8,65.5,3.8,00110
36.0,11.0,XX.0,XXX,XX,01,  Baniachong Upazila,54233,3.6,12.1,82.0,2.3,3.7,33.1,58.3,5.0,00110
36.0,11.0,11.0,XXX,XX,01,  Uttar Purba Baniachang Union,1547,5.2,16.8,75.2,2.8,5.2,49.5,40.8,4.5,00110
36.0,11.0,12.0,XXX,XX,01,  Uttar Paschim Baniyachang Unio,2999,10.2,13.0,74.5,2.3,3.4,75.8,19.3,1.5,00110
36.0,11.0,18.0,XXX,XX,01,  Dakshin Purba Baniyachang Union,4365,9.1,20.2,69.0,1.7,5.9,47.7,45.2,1.1,00110
36.0,11.0,25.0,XXX,XX,01,  Dakshin Paschim Baniyachang Union,3280,4.8,28.4,63.7,3.1,4.5,44.5,47.9,3.1,00110
36.0,26.0,XX.0,XXX,XX,01,  Chunarughat Upazila,57164,3.4,19.1,72.5,5.0,8.4,33.2,41.6,16.8,00110
36.0,44.0,XX.0,XXX,XX,01,  Habiganj Sadar Upazila,41615,3.6,20.2,70.2,6.0,18.7,40.8,36.2,4.3,00110
36.0,44.0,22.0,XXX,XX,01,  Gopaya Union,3701,7.2,32.0,53.9,7.0,13.9,36.0,46.9,3.2,00110
36.0,44.0,76.0,XXX,XX,01,  Richi Union,4439,4.3,16.7,70.0,9.0,22.9,50.3,25.0,1.8,00110
36.0,68.0,XX.0,XXX,XX,01,  Lakhai Upazila,24471,1.6,8.8,87.0,2.6,4.5,34.0,55.9,5.6,00110
36.0,68.0,13.0,XXX,XX,01,  Bamai Union,3381,3.4,7.0,88.5,1.0,1.6,50.7,45.5,2.2,00110
36.0,68.0,54.0,XXX,XX,01,  Lakhai Union,3788,1.3,3.5,94.7,0.5,4.0,28.3,63.4,4.3,00110
36.0,71.0,XX.0,XXX,XX,01,  Madhabpur Upazila,57607,1.7,13.4,82.9,2.0,8.0,32.9,47.0,12.2,00110
36.0,71.0,17.0,XXX,XX,01,  Bagasura Union,4897,2.1,12.3,82.6,3.0,6.0,31.3,52.2,10.4,00110
36.0,77.0,XX.0,XXX,XX,01,  Nabiganj Upazila,56176,7.1,24.1,64.7,4.2,9.1,39.0,45.8,6.1,00110
36.0,77.0,14.0,XXX,XX,01,  Bausha Union,4823,4.7,24.2,59.5,11.7,7.1,30.9,52.4,9.5,00110
36.0,77.0,65.0,XXX,XX,01,  Kargaon Union,5040,3.9,14.2,78.3,3.5,5.1,36.0,49.7,9.2,00110
36.0,77.0,73.0,XXX,XX,01,  Kurshi Union,4340,11.3,28.8,58.8,1.1,3.8,48.4,42.4,5.3,00110
36.0,77.0,80.0,XXX,XX,01,  Nabiganj Union,3327,2.6,18.1,64.7,14.6,10.2,52.7,30.2,6.9,00110
91.0,XX.0,XX.0,XXX,XX,01, Sylhet Zila,448273,16.0,29.3,52.5,2.1,17.0,38.3,37.7,7.0,00110
91.0,8.0,XX.0,XXX,XX,01,  Balaganj Upazila,52654,21.8,26.2,50.1,1.9,16.2,44.2,35.8,3.8,00110
91.0,8.0,11.0,XXX,XX,01,  Balaganj Union,3147,30.6,14.0,54.0,1.4,18.8,37.2,41.0,3.0,00110
91.0,17.0,XX.0,XXX,XX,01,  Beani Bazar Upazila,34276,18.8,46.2,34.2,0.8,26.2,49.8,23.1,0.9,00110
91.0,20.0,XX.0,XXX,XX,01,  Bishwanath Upazila,34096,26.8,21.7,50.6,0.9,24.6,42.8,29.8,2.8,00110
91.0,20.0,21.0,XXX,XX,01,  Bishwanath Union,2859,43.6,21.2,34.5,0.8,37.3,43.9,16.0,2.8,00110
91.0,27.0,XX.0,XXX,XX,01,  Companiganj Upazila,25212,6.0,16.6,73.9,3.5,3.2,38.2,45.6,13.0,00110
91.0,27.0,11.0,XXX,XX,01,  Islampur Paschim Union,5661,8.5,20.5,68.9,2.0,4.6,56.4,31.0,8.0,00110
91.0,31.0,XX.0,XXX,XX,01,  Dakshin Surma Upazila,39784,26.3,36.2,36.5,1.0,36.7,41.2,19.7,2.4,00110
91.0,31.0,36.0,XXX,XX,01,  Baraikandi Union,1412,39.6,51.4,8.0,1.0,39.9,57.6,2.4,0.1,00110
91.0,31.0,45.0,XXX,XX,01,  Kuchai Union,2713,40.9,38.1,20.4,0.7,24.3,48.3,26.8,0.6,00110
91.0,31.0,65.0,XXX,XX,01,  Mollargaon Union,4923,36.4,35.1,28.0,0.6,28.4,46.7,22.3,2.5,00110
91.0,35.0,XX.0,XXX,XX,01,  Fenchuganj Upazila,14786,22.5,31.5,45.1,0.9,28.4,44.6,25.0,2.1,00110
91.0,35.0,23.0,XXX,XX,01,  Fenchuganj Union,3389,13.5,32.0,53.9,0.6,34.3,45.2,17.8,2.7,00110
91.0,38.0,XX.0,XXX,XX,01,  Golapganj Upazila,43952,17.4,43.4,38.5,0.7,25.5,42.0,30.3,2.2,00110
91.0,38.0,43.0,XXX,XX,01,  Fulbari Union,3703,15.3,52.2,32.4,0.0,36.9,48.4,13.9,0.8,00110
91.0,41.0,XX.0,XXX,XX,01,  Gowainghat Upazila,46851,4.3,15.0,75.7,5.0,3.6,16.6,57.0,22.8,00110
91.0,41.0,42.0,XXX,XX,01,  Paschim Jaflong Union,6717,2.2,12.6,71.7,13.6,4.8,21.2,57.9,16.0,00110
91.0,41.0,52.0,XXX,XX,01,  Lengura Union,5372,1.7,11.4,81.2,5.8,0.5,6.1,68.5,24.9,00110
91.0,53.0,XX.0,XXX,XX,01,  Jaintiapur Upazila,26176,4.3,22.4,67.3,6.0,6.3,33.3,50.0,10.3,00110
91.0,53.0,63.0,XXX,XX,01,  Nijpat Union,3669,2.2,18.0,70.8,8.9,9.2,28.4,48.7,13.7,00110
91.0,59.0,XX.0,XXX,XX,01,  Kanaighat Upazila,41368,15.2,22.4,61.0,1.3,8.1,33.4,47.7,10.8,00110
91.0,62.0,XX.0,XXX,XX,01,  Sylhet Sadar Upazila,52222,18.9,34.8,44.0,2.3,17.5,41.0,33.5,8.0,00110
91.0,62.0,42.0,XXX,XX,01,  Khadim Para Union,8294,16.5,50.1,31.5,1.9,23.0,49.1,26.0,1.9,00110
91.0,62.0,90.0,XXX,XX,01,  Tuker Bazar Union,9017,21.5,42.8,34.5,1.2,24.4,45.6,20.5,9.5,00110
91.0,94.0,XX.0,XXX,XX,01,  Zakiganj Upazila,36896,6.9,31.8,59.8,1.5,9.6,38.0,50.3,2.0,00110
91.0,94.0,57.0,XXX,XX,01,  Kholachhara Union,2843,1.7,11.7,82.0,4.7,5.3,19.8,74.7,0.1,00110
91.0,94.0,85.0,XXX,XX,01,  Zakiganj Union,2458,1.9,42.6,55.5,0.0,9.9,34.7,52.1,3.3,00110
58.0,XX.0,XX.0,XXX,XX,01, Maulvibazar Zila,320049,9.8,28.7,59.1,2.4,18.3,31.0,40.3,10.4,00110
58.0,14.0,XX.0,XXX,XX,01,  Barlekha Upazila,39123,15.0,34.4,48.7,1.9,16.8,31.1,47.3,4.7,00110
58.0,14.0,13.0,XXX,XX,01,  Barlekha Union,3749,3.2,36.9,52.4,7.5,9.1,23.4,63.9,3.6,00110
58.0,35.0,XX.0,XXX,XX,01,  Juri Upazila,25054,6.2,24.3,64.7,4.8,10.0,25.6,51.0,13.3,00110
58.0,35.0,47.0,XXX,XX,01,  Jaifarnagar Union,4500,12.6,26.6,59.2,1.6,16.7,41.1,37.0,5.2,00110
58.0,56.0,XX.0,XXX,XX,01,  Kamalganj Upazila,45824,12.1,25.8,58.4,3.7,13.6,24.2,49.0,13.2,00110
58.0,56.0,38.0,XXX,XX,01,  Kamalganj Union,1626,3.8,16.5,75.9,3.8,9.3,17.6,56.3,16.9,00110
58.0,65.0,XX.0,XXX,XX,01,  Kulaura Upazila,61140,7.2,27.6,62.9,2.4,18.8,30.6,43.5,7.2,00110
58.0,65.0,65.0,XXX,XX,01,  Kulaura Union,3101,12.6,16.8,64.0,6.5,12.3,19.7,60.9,7.1,00110
58.0,74.0,XX.0,XXX,XX,01,  Maulvibazar Sadar Upazila,51828,13.2,35.4,50.1,1.3,29.3,39.9,27.3,3.4,00110
58.0,80.0,XX.0,XXX,XX,01,  Rajnagar Upazila,40360,10.1,29.0,59.1,1.7,16.7,33.6,40.7,8.9,00110
58.0,80.0,63.0,XXX,XX,01,  Rajnagar Union,3554,10.9,36.2,52.4,0.5,24.1,31.0,39.8,5.1,00110
58.0,80.0,73.0,XXX,XX,01,  Tengra Union,4591,3.2,28.5,67.3,1.0,3.1,34.0,53.4,9.5,00110
58.0,83.0,XX.0,XXX,XX,01,  Sreemangal Upazila,56720,5.2,24.1,68.3,2.5,17.4,29.1,31.8,21.6,00110
58.0,83.0,85.0,XXX,XX,01,  Sreemangal Union,7877,12.8,39.4,47.3,0.5,35.2,34.9,26.8,3.1,00110
