ZL,UZ,UN/WA,MZ/MH,Vill,RMO,Administrative Unit Residence Community,General Households,Percentage of Households comprising-1 person,Percentage of Households comprising-2 persons,Percentage of Households comprising-3 persons,Percentage of Households comprising-4 persons,Percentage of Households comprising-5 persons,Percentage of Households comprising-6 persons,Percentage of Households comprising-7 persons,Percentage of Households comprising-8+ persons,Average size of Household,check_var
47,XX.0,XX.0,XXX,XX,03, Khulna Zila,19091,3.8,10.1,21.7,26.6,18.3,9.6,4.5,5.3,4.2,00110
47,12.0,XX.0,XXX,XX,03,  Batiaghata Upazila,1902,4.0,11.5,25.8,27.5,15.8,8.4,3.1,3.9,4.0,00110
47,12.0,35.0,XXX,XX,03,  Batiaghata Union,1902,4.0,11.5,25.8,27.5,15.8,8.4,3.1,3.9,4.0,00110
47,30.0,XX.0,XXX,XX,03,  Dumuria Upazila,4472,3.1,9.4,21.5,28.1,18.8,8.9,4.8,5.4,4.3,00110
47,30.0,27.0,XXX,XX,03,  Dumuria Union,4472,3.1,9.4,21.5,28.1,18.8,8.9,4.8,5.4,4.3,00110
47,53.0,XX.0,XXX,XX,03,  Koyra Upazila,2671,3.6,11.3,21.6,24.0,17.3,10.2,5.6,6.5,4.3,00110
47,53.0,55.0,XXX,XX,03,  Koyra Union,2671,3.6,11.3,21.6,24.0,17.3,10.2,5.6,6.5,4.3,00110
47,69.0,XX.0,XXX,XX,03,  Phultala Upazila,7370,4.8,9.8,22.0,27.1,17.9,9.5,3.7,5.2,4.2,00110
47,69.0,38.0,XXX,XX,03,  Damodar Union,6625,4.6,9.8,21.9,27.1,17.7,9.7,3.8,5.3,4.2,00110
47,69.0,76.0,XXX,XX,03,  Phultala Union,745,6.6,9.7,23.2,26.6,19.6,7.8,2.4,4.2,4.0,00110
47,94.0,XX.0,XXX,XX,03,  Terokhada Upazila,2676,2.6,9.8,18.6,25.0,21.4,11.3,6.1,5.3,4.4,00110
47,94.0,27.0,XXX,XX,03,  Barasat Union,1130,1.8,9.6,19.4,25.7,21.1,11.2,5.8,5.7,4.4,00110
47,94.0,81.0,XXX,XX,03,  Terokhada Union,1546,3.2,9.9,18.0,24.5,21.6,11.4,6.3,5.1,4.4,00110
18,XX.0,XX.0,XXX,XX,03, Chuadanga Zila,31395,2.6,11.2,23.0,29.8,18.2,8.4,3.6,3.3,4.1,00110
18,7.0,XX.0,XXX,XX,03,  Alamdanga Upazila,11267,2.2,11.5,23.2,30.3,17.9,8.2,3.5,3.3,4.1,00110
18,7.0,15.0,XXX,XX,03,  Baradi Union,276,1.1,14.5,23.9,28.3,18.8,7.2,4.0,2.2,4.0,00110
18,7.0,23.0,XXX,XX,03,  Bhangabaria Union,903,2.1,11.2,21.6,30.7,15.7,8.9,3.4,6.4,4.3,00110
18,7.0,27.0,XXX,XX,03,  Chithla Union,913,2.1,12.4,22.7,30.6,17.9,8.1,3.6,2.7,4.0,00110
18,7.0,47.0,XXX,XX,03,  Hardi Union,3040,3.4,12.2,21.9,29.0,18.6,8.7,3.3,3.1,4.1,00110
18,7.0,55.0,XXX,XX,03,  Jamjami Union,1430,1.0,10.3,25.6,34.1,17.0,6.9,2.7,2.3,4.0,00110
18,7.0,63.0,XXX,XX,03,  Jehala Union,2464,1.6,10.6,22.4,30.0,17.2,9.1,4.7,4.4,4.2,00110
18,7.0,79.0,XXX,XX,03,  Khaskara Union,224,2.2,9.8,23.7,31.7,18.8,9.4,3.1,1.3,4.0,00110
18,7.0,87.0,XXX,XX,03,  Kumari Union,2017,2.1,11.6,25.2,29.5,19.0,7.1,3.0,2.4,4.0,00110
18,23.0,XX.0,XXX,XX,03,  Chuadanga Sadar Upazila,10412,3.4,11.3,22.1,29.3,18.2,8.5,3.9,3.4,4.1,00110
18,23.0,11.0,XXX,XX,03,  Alokdia Union,6230,3.1,10.7,21.1,30.3,18.5,8.4,4.2,3.7,4.2,00110
18,23.0,47.0,XXX,XX,03,  Kutubpur Union,500,4.2,14.8,22.2,26.6,19.4,7.4,2.8,2.6,3.9,00110
18,23.0,59.0,XXX,XX,03,  Mominpur Union,1510,3.4,12.0,25.2,27.7,17.1,8.6,3.2,2.8,4.0,00110
18,23.0,71.0,XXX,XX,03,  Shankar Chandra Union,1267,3.9,10.6,23.6,27.5,17.6,9.6,4.1,3.1,4.1,00110
18,23.0,83.0,XXX,XX,03,  Titudaha Union,905,4.2,12.7,21.4,29.4,17.6,8.5,3.4,2.8,4.0,00110
18,31.0,XX.0,XXX,XX,03,  Damurhuda Upazila,6611,2.3,10.8,23.4,29.5,18.8,8.4,3.4,3.4,4.1,00110
18,31.0,11.0,XXX,XX,03,  Damurhuda Union,3414,2.2,10.6,23.8,29.1,18.8,8.0,3.5,4.0,4.1,00110
18,31.0,35.0,XXX,XX,03,  Howli Union,3197,2.5,11.0,23.0,29.9,18.8,8.8,3.2,2.9,4.1,00110
18,55.0,XX.0,XXX,XX,03,  Jiban Nagar Upazila,3105,2.5,11.0,24.0,30.0,18.1,8.5,3.7,2.3,4.0,00110
18,55.0,38.0,XXX,XX,03,  Banka Union,1371,1.8,10.9,25.6,30.3,16.7,9.0,3.5,2.1,4.0,00110
18,55.0,76.0,XXX,XX,03,  Uthali Union,1734,3.1,11.1,22.8,29.7,19.1,8.1,3.8,2.4,4.0,00110
65,XX.0,XX.0,XXX,XX,03, Narail Zila,5478,3.0,9.0,17.4,24.2,20.1,12.8,6.0,7.5,4.6,00110
65,28.0,XX.0,XXX,XX,03,  Kalia Upazila,3427,2.7,8.8,16.3,22.1,20.8,14.2,6.8,8.4,4.7,00110
65,28.0,14.0,XXX,XX,03,  Boranal Eliasabad Union,530,3.0,12.3,20.6,22.1,21.1,11.9,4.7,4.3,4.2,00110
65,28.0,71.0,XXX,XX,03,  Mauli Union,113,4.4,10.6,8.0,18.6,19.5,22.1,5.3,11.5,4.9,00110
65,28.0,87.0,XXX,XX,03,  Peruli Union,1444,2.5,7.4,15.2,21.1,21.9,14.1,7.8,10.0,4.8,00110
65,28.0,95.0,XXX,XX,03,  Salamabad Union,1340,2.5,8.7,16.4,23.4,19.7,14.5,6.7,8.0,4.7,00110
65,76.0,XX.0,XXX,XX,03,  Narail Sadar Upazila,2051,3.6,9.4,19.4,27.7,18.8,10.6,4.5,6.1,4.4,00110
65,76.0,61.0,XXX,XX,03,  Mulia Union,2051,3.6,9.4,19.4,27.7,18.8,10.6,4.5,6.1,4.4,00110
44,XX.0,XX.0,XXX,XX,03, Jhenaidah Zila,2216,3.2,12.5,22.8,28.1,17.8,9.4,3.3,2.8,4.0,00110
44,14.0,XX.0,XXX,XX,03,  Harinakundu Upazila,1539,2.9,12.7,22.5,28.2,17.7,10.2,3.1,2.9,4.1,00110
44,14.0,31.0,XXX,XX,03,  Daulatpur Union,1539,2.9,12.7,22.5,28.2,17.7,10.2,3.1,2.9,4.1,00110
44,19.0,XX.0,XXX,XX,03,  Jhenaidah Sadar Upazila,677,4.0,12.3,23.5,27.9,18.0,7.7,3.8,2.8,4.0,00110
44,19.0,73.0,XXX,XX,03,  Paglakanai Union,677,4.0,12.3,23.5,27.9,18.0,7.7,3.8,2.8,4.0,00110
41,XX.0,XX.0,XXX,XX,03, Jessore Zila,13746,3.8,11.8,23.9,28.1,16.7,8.1,3.8,3.9,4.1,00110
41,23.0,XX.0,XXX,XX,03,  Jhikargachha Upazila,2181,2.8,11.5,25.2,30.6,17.1,7.6,2.9,2.3,4.0,00110
41,23.0,25.0,XXX,XX,03,  Bankra Union,605,3.3,13.4,26.1,29.4,17.2,6.1,2.5,2.0,3.8,00110
41,23.0,35.0,XXX,XX,03,  Gadkhali Union,821,2.8,11.1,23.5,30.1,17.3,9.5,3.3,2.4,4.1,00110
41,23.0,47.0,XXX,XX,03,  Jhikargachha Union,407,1.5,11.1,29.0,33.2,17.0,4.9,1.7,1.7,3.9,00110
41,23.0,71.0,XXX,XX,03,  Panisara Union,348,3.7,9.8,23.0,31.0,16.7,8.6,4.0,3.2,4.1,00110
41,38.0,XX.0,XXX,XX,03,  Keshabpur Upazila,1880,2.8,10.7,25.8,29.3,17.7,7.7,3.6,2.4,4.0,00110
41,38.0,28.0,XXX,XX,03,  Keshabpur Union,1431,2.9,9.6,25.5,28.6,18.9,8.2,3.9,2.4,4.1,00110
41,38.0,38.0,XXX,XX,03,  Majidpur Union,449,2.7,14.3,26.7,31.6,13.8,6.0,2.7,2.2,3.8,00110
41,47.0,XX.0,XXX,XX,03,  Jessore Sadar Upazila,8478,4.2,12.2,23.0,27.3,16.3,8.2,4.2,4.6,4.1,00110
41,47.0,23.0,XXX,XX,03,  Chanchra Union,2190,1.6,8.5,21.7,27.3,19.0,10.2,5.0,6.7,4.4,00110
41,47.0,41.0,XXX,XX,03,  Fathehpur Union,2320,5.4,13.8,24.0,26.6,15.2,7.2,4.6,3.4,3.9,00110
41,90.0,XX.0,XXX,XX,03,  Sharsha Upazila,1207,3.6,11.3,24.7,26.8,17.4,9.7,2.6,3.9,4.1,00110
41,90.0,86.0,XXX,XX,03,  Sharsha Union,1207,3.6,11.3,24.7,26.8,17.4,9.7,2.6,3.9,4.1,00110
01,XX.0,XX.0,XXX,XX,03, Bagerhat Zila,19921,4.5,11.3,21.4,25.9,17.9,9.7,4.5,4.8,4.2,00110
01,14.0,XX.0,XXX,XX,03,  Chitalmari Upazila,331,6.6,10.3,25.4,30.8,14.8,7.6,3.0,1.5,3.8,00110
01,14.0,31.0,XXX,XX,03,  Chitalmari Union,331,6.6,10.3,25.4,30.8,14.8,7.6,3.0,1.5,3.8,00110
01,34.0,XX.0,XXX,XX,03,  Fakirhat Upazila,6452,4.5,11.0,22.5,27.5,17.6,9.0,3.5,4.4,4.1,00110
01,34.0,10.0,XXX,XX,03,  Bahirdia Mansa Union,2458,4.7,10.1,21.1,28.6,18.0,9.8,3.7,4.1,4.2,00110
01,34.0,31.0,XXX,XX,03,  Fakirhat Union,1817,4.8,12.4,25.0,26.2,15.7,7.9,3.7,4.3,4.0,00110
01,34.0,52.0,XXX,XX,03,  Mulghar Union,1152,4.0,11.0,22.0,28.0,17.7,9.3,3.0,4.9,4.2,00110
01,34.0,63.0,XXX,XX,03,  Naldha Maubhog Union,1025,3.8,10.4,22.2,26.3,19.9,9.1,3.6,4.6,4.2,00110
01,38.0,XX.0,XXX,XX,03,  Kachua Upazila,2290,4.9,10.9,21.7,27.3,18.1,9.3,4.1,3.7,4.1,00110
01,38.0,57.0,XXX,XX,03,  Kachua Union,2290,4.9,10.9,21.7,27.3,18.1,9.3,4.1,3.7,4.1,00110
01,56.0,XX.0,XXX,XX,03,  Mollahat Upazila,2642,2.7,9.3,16.0,23.8,20.7,12.2,6.4,8.8,4.7,00110
01,56.0,95.0,XXX,XX,03,  Udaypur Union,2642,2.7,9.3,16.0,23.8,20.7,12.2,6.4,8.8,4.7,00110
01,60.0,XX.0,XXX,XX,03,  Morrelganj Upazila,1413,3.8,16.5,23.4,25.3,17.9,9.3,2.6,1.1,3.8,00110
01,60.0,23.0,XXX,XX,03,  Baraikhali Union,1413,3.8,16.5,23.4,25.3,17.9,9.3,2.6,1.1,3.8,00110
01,73.0,XX.0,XXX,XX,03,  Rampal Upazila,408,9.3,14.5,20.1,27.5,13.0,7.4,4.4,3.9,3.9,00110
01,73.0,83.0,XXX,XX,03,  Rampal Union,408,9.3,14.5,20.1,27.5,13.0,7.4,4.4,3.9,3.9,00110
01,77.0,XX.0,XXX,XX,03,  Sarankhola Upazila,6385,4.8,11.3,21.9,24.5,17.5,9.8,5.3,4.9,4.2,00110
01,77.0,38.0,XXX,XX,03,  Khontakata Union,2778,5.7,11.3,21.6,23.8,17.8,9.5,5.4,4.9,4.2,00110
01,77.0,57.0,XXX,XX,03,  Royenda Union,3607,4.2,11.3,22.1,25.1,17.3,10.0,5.2,4.9,4.2,00110
55,XX.0,XX.0,XXX,XX,03, Magura Zila,4979,2.5,9.9,20.8,27.7,18.3,10.0,4.9,5.8,4.3,00110
55,66.0,XX.0,XXX,XX,03,  Mohammadpur Upazila,2226,2.2,9.3,20.2,25.5,19.6,11.5,5.8,5.9,4.4,00110
55,66.0,52.0,XXX,XX,03,  Mohammadpur Union,2226,2.2,9.3,20.2,25.5,19.6,11.5,5.8,5.9,4.4,00110
55,85.0,XX.0,XXX,XX,03,  Shalikha Upazila,1642,3.3,11.3,22.4,28.1,16.6,8.4,3.7,6.2,4.2,00110
55,85.0,11.0,XXX,XX,03,  Arpara Union,1562,3.4,10.7,22.2,28.1,16.8,8.5,3.9,6.5,4.3,00110
55,85.0,59.0,XXX,XX,03,  Shalikha Union,80,2.5,22.5,27.5,28.8,11.3,7.5,0.0,0.0,3.5,00110
55,95.0,XX.0,XXX,XX,03,  Sreepur Upazila,1111,1.9,9.1,19.5,31.6,18.2,9.4,5.0,5.3,4.3,00110
55,95.0,84.0,XXX,XX,03,  Sreepur Union,1111,1.9,9.1,19.5,31.6,18.2,9.4,5.0,5.3,4.3,00110
50,XX.0,XX.0,XXX,XX,03, Kushtia Zila,12149,3.2,12.4,24.7,29.6,16.9,7.4,2.9,2.8,4.0,00110
50,15.0,XX.0,XXX,XX,03,  Bheramara Upazila,2085,2.2,10.9,23.3,30.2,17.4,8.9,3.7,3.4,4.1,00110
50,15.0,27.0,XXX,XX,03,  Bahir Char Union,1079,2.1,11.2,20.9,27.9,20.0,10.6,3.8,3.4,4.2,00110
50,15.0,40.0,XXX,XX,03,  Chandgram Union,1006,2.3,10.5,25.8,32.7,14.6,7.2,3.6,3.3,4.0,00110
50,39.0,XX.0,XXX,XX,03,  Daulatpur Upazila,4983,4.5,13.3,24.8,29.5,16.3,6.5,2.6,2.6,3.8,00110
50,39.0,33.0,XXX,XX,03,  Daulatpur Union,1955,4.8,13.0,26.8,29.9,14.9,5.8,2.7,2.1,3.8,00110
50,39.0,61.0,XXX,XX,03,  Mathurapur Union,3028,4.3,13.4,23.5,29.2,17.2,6.9,2.6,2.9,3.9,00110
50,63.0,XX.0,XXX,XX,03,  Khoksa Upazila,1183,4.8,12.9,24.3,27.7,17.6,7.3,3.2,2.2,3.9,00110
50,63.0,71.0,XXX,XX,03,  Samaspur Union,1183,4.8,12.9,24.3,27.7,17.6,7.3,3.2,2.2,3.9,00110
50,79.0,XX.0,XXX,XX,03,  Kushtia Sadar Upazila,1357,2.4,12.9,26.1,28.8,16.8,6.6,2.6,3.8,4.0,00110
50,79.0,50.0,XXX,XX,03,  Battail Union,1357,2.4,12.9,26.1,28.8,16.8,6.6,2.6,3.8,4.0,00110
50,94.0,XX.0,XXX,XX,03,  Mirpur Upazila,2541,1.4,11.2,25.3,30.9,17.3,8.3,3.0,2.6,4.0,00110
50,94.0,14.0,XXX,XX,03,  Amla Union,1108,3.0,13.0,27.8,30.7,13.7,6.9,2.3,2.6,3.9,00110
50,94.0,80.0,XXX,XX,03,  Poradaha Union,1433,0.2,9.8,23.4,31.0,20.1,9.4,3.5,2.6,4.2,00110
57,XX.0,XX.0,XXX,XX,03, Meherpur Zila,3639,4.4,12.8,23.8,28.2,16.8,7.8,3.2,3.1,3.9,00110
57,47.0,XX.0,XXX,XX,03,  Gangni Upazila,1163,2.8,11.3,24.8,29.1,16.5,8.1,3.9,3.6,4.1,00110
57,47.0,10.0,XXX,XX,03,  Bamandi Union,599,2.2,9.5,25.2,28.0,17.5,8.5,4.8,4.2,4.2,00110
57,47.0,69.0,XXX,XX,03,  Roypur Union,564,3.4,13.3,24.3,30.1,15.4,7.6,2.8,3.0,4.0,00110
57,60.0,XX.0,XXX,XX,03,  Mujib Nagar Upazila,2476,5.2,13.5,23.3,27.8,16.9,7.6,2.9,2.8,3.9,00110
57,60.0,28.0,XXX,XX,03,  Bagoan Union,2476,5.2,13.5,23.3,27.8,16.9,7.6,2.9,2.8,3.9,00110
87,XX.0,XX.0,XXX,XX,03, Satkhira Zila,13290,3.8,10.6,21.9,27.6,17.6,9.2,4.5,4.8,4.2,00110
87,4.0,XX.0,XXX,XX,03,  Assasuni Upazila,2012,2.2,10.4,20.7,29.2,19.5,10.1,4.0,3.9,4.2,00110
87,4.0,17.0,XXX,XX,03,  Assasuni Union,2012,2.2,10.4,20.7,29.2,19.5,10.1,4.0,3.9,4.2,00110
87,25.0,XX.0,XXX,XX,03,  Debhata Upazila,700,4.1,12.4,24.1,29.6,17.0,7.7,2.7,2.3,3.9,00110
87,25.0,15.0,XXX,XX,03,  Debhata Union,700,4.1,12.4,24.1,29.6,17.0,7.7,2.7,2.3,3.9,00110
87,43.0,XX.0,XXX,XX,03,  Kalaroa Upazila,505,3.2,11.3,24.8,28.1,17.4,9.7,2.6,3.0,4.0,00110
87,43.0,31.0,XXX,XX,03,  Helatala Union,505,3.2,11.3,24.8,28.1,17.4,9.7,2.6,3.0,4.0,00110
87,47.0,XX.0,XXX,XX,03,  Kaliganj Upazila,3846,3.4,9.8,21.7,26.8,17.7,9.8,5.2,5.5,4.3,00110
87,47.0,13.0,XXX,XX,03,  Bhara Simla Union,1047,3.5,11.0,24.4,26.2,18.5,7.8,4.1,4.5,4.1,00110
87,47.0,55.0,XXX,XX,03,  Kushlia Union,1578,4.1,8.4,20.4,26.8,18.8,10.5,5.3,5.6,4.4,00110
87,47.0,63.0,XXX,XX,03,  Mathureshpur Union,796,3.4,10.1,19.5,27.1,16.1,11.1,6.0,6.8,4.4,00110
87,47.0,94.0,XXX,XX,03,  Tarali Union,425,0.0,11.8,24.0,28.0,15.1,9.9,5.9,5.4,4.3,00110
87,86.0,XX.0,XXX,XX,03,  Shyamnagar Upazila,3872,4.6,10.0,19.9,26.9,17.6,9.9,5.3,5.8,4.3,00110
87,86.0,94.0,XXX,XX,03,  Shyamnagar Union,3872,4.6,10.0,19.9,26.9,17.6,9.9,5.3,5.8,4.3,00110
87,90.0,XX.0,XXX,XX,03,  Tala Upazila,2355,4.5,12.2,25.5,27.9,16.1,6.6,3.3,4.0,4.0,00110
87,90.0,87.0,XXX,XX,03,  Tala Union,2355,4.5,12.2,25.5,27.9,16.1,6.6,3.3,4.0,4.0,00110
42,XX.0,XX.0,XXX,XX,03, Jhalokati Zila,6348,3.9,12.7,20.8,25.0,17.7,9.9,5.1,4.9,4.2,00110
42,40.0,XX.0,XXX,XX,03,  Jhalokati Sadar Upazila,182,2.7,10.4,15.9,19.2,20.3,11.0,9.9,10.4,4.8,00110
42,40.0,85.0,XXX,XX,03,  Ponabalia Union,182,2.7,10.4,15.9,19.2,20.3,11.0,9.9,10.4,4.8,00110
42,43.0,XX.0,XXX,XX,03,  Kanthalia Upazila,2588,5.5,15.3,22.9,25.6,16.7,7.5,3.6,3.0,3.9,00110
42,43.0,63.0,XXX,XX,03,  Kanthalia Union,2588,5.5,15.3,22.9,25.6,16.7,7.5,3.6,3.0,3.9,00110
42,84.0,XX.0,XXX,XX,03,  Rajapur Upazila,3578,2.9,11.0,19.5,25.0,18.3,11.5,5.9,6.0,4.4,00110
42,84.0,40.0,XXX,XX,03,  Mathbari Union,710,1.4,13.8,17.9,24.8,16.6,13.1,5.6,6.8,4.4,00110
42,84.0,54.0,XXX,XX,03,  Rajapur Union,2868,3.2,10.3,19.9,25.0,18.7,11.1,5.9,5.8,4.4,00110
78,XX.0,XX.0,XXX,XX,03, Patuakhali Zila,17250,2.8,9.7,18.4,26.2,19.9,11.4,5.8,5.7,4.4,00110
78,38.0,XX.0,XXX,XX,03,  Bauphal Upazila,1166,1.5,8.1,13.8,26.8,23.0,13.6,6.0,7.3,4.7,00110
78,38.0,29.0,XXX,XX,03,  Bauphal Union,257,1.2,9.7,14.8,30.0,23.0,12.8,4.3,4.3,4.4,00110
78,38.0,35.0,XXX,XX,03,  Daspara Union,909,1.5,7.7,13.5,25.9,23.0,13.8,6.5,8.1,4.8,00110
78,52.0,XX.0,XXX,XX,03,  Dashmina Upazila,4219,2.8,8.6,17.0,25.1,20.8,13.1,6.5,6.2,4.5,00110
78,52.0,31.0,XXX,XX,03,  Banshbaria Union,924,2.5,8.8,16.2,27.8,21.1,11.3,6.8,5.5,4.5,00110
78,52.0,52.0,XXX,XX,03,  Dashmina Union,3295,2.9,8.5,17.2,24.4,20.7,13.6,6.5,6.4,4.6,00110
78,55.0,XX.0,XXX,XX,03,  Dumki Upazila,2519,2.2,9.4,18.7,26.6,19.6,10.8,5.7,7.1,4.5,00110
78,55.0,93.0,XXX,XX,03,  Sreerampur Union,2519,2.2,9.4,18.7,26.6,19.6,10.8,5.7,7.1,4.5,00110
78,57.0,XX.0,XXX,XX,03,  Galachipa Upazila,1159,5.5,9.6,22.3,30.5,15.9,8.5,4.0,3.8,4.1,00110
78,57.0,50.0,XXX,XX,03,  Chiknikandi Union,364,3.6,16.2,24.2,31.6,13.5,5.8,2.5,2.7,3.8,00110
78,57.0,67.0,XXX,XX,03,  Galachipa Union,795,6.4,6.5,21.4,30.1,17.0,9.7,4.7,4.3,4.2,00110
78,66.0,XX.0,XXX,XX,03,  Kala Para Upazila,2142,2.6,13.5,21.6,28.0,18.5,8.4,3.9,3.5,4.1,00110
78,66.0,83.0,XXX,XX,03,  Tiakhali Union,2142,2.6,13.5,21.6,28.0,18.5,8.4,3.9,3.5,4.1,00110
78,76.0,XX.0,XXX,XX,03,  Mirzaganj Upazila,5035,3.0,10.1,19.0,25.8,19.5,10.9,6.4,5.2,4.4,00110
78,76.0,13.0,XXX,XX,03,  Amragachhia Union,652,5.1,10.7,22.5,24.4,19.2,8.7,5.8,3.5,4.1,00110
78,76.0,27.0,XXX,XX,03,  Deuli Subidkhali Union,2584,2.6,9.9,20.5,27.4,19.5,10.0,5.7,4.4,4.3,00110
78,76.0,81.0,XXX,XX,03,  Mirzaganj Union,1799,2.8,10.2,15.6,24.0,19.6,13.1,7.7,6.9,4.6,00110
78,95.0,XX.0,XXX,XX,03,  Patuakhali Sadar Upazila,1010,2.8,7.3,14.7,21.5,23.9,15.0,6.5,8.4,4.8,00110
78,95.0,27.0,XXX,XX,03,  Jainkati Union,1010,2.8,7.3,14.7,21.5,23.9,15.0,6.5,8.4,4.8,00110
06,XX.0,XX.0,XXX,XX,03, Barisal Zila,15640,3.6,9.3,17.5,24.3,19.9,12.0,6.7,6.7,4.5,00110
06,2.0,XX.0,XXX,XX,03,  Agailjhara Upazila,2373,3.7,9.5,18.2,26.9,19.3,11.0,5.8,5.6,4.4,00110
06,2.0,15.0,XXX,XX,03,  Bakal Union,753,3.2,10.5,17.4,29.3,19.8,9.0,6.1,4.6,4.3,00110
06,2.0,47.0,XXX,XX,03,  Gaila Union,1620,3.9,9.0,18.6,25.8,19.1,12.0,5.6,6.0,4.4,00110
06,3.0,XX.0,XXX,XX,03,  Babuganj Upazila,2174,3.9,10.0,19.3,25.8,19.0,11.2,5.6,5.2,4.3,00110
06,3.0,81.0,XXX,XX,03,  Rahmatpur Union,2174,3.9,10.0,19.3,25.8,19.0,11.2,5.6,5.2,4.3,00110
06,7.0,XX.0,XXX,XX,03,  Bakerganj Upazila,901,6.2,11.7,16.6,20.6,19.2,13.8,5.8,6.1,4.4,00110
06,7.0,12.0,XXX,XX,03,  Bhar Pasha Union,752,6.4,12.1,16.8,20.9,18.4,13.3,6.3,6.0,4.3,00110
06,7.0,94.0,XXX,XX,03,  Rangasree Union,149,5.4,9.4,16.1,19.5,23.5,16.1,3.4,6.7,4.5,00110
06,10.0,XX.0,XXX,XX,03,  Banari Para Upazila,1533,5.7,11.4,19.7,23.4,19.4,10.3,5.1,5.0,4.2,00110
06,10.0,42.0,XXX,XX,03,  Chakhar Union,797,7.3,14.1,23.0,23.5,17.2,8.3,4.3,2.5,3.9,00110
06,10.0,63.0,XXX,XX,03,  Salia Bakpur Union,736,3.9,8.6,16.2,23.4,21.7,12.5,6.0,7.7,4.6,00110
06,36.0,XX.0,XXX,XX,03,  Hizla Upazila,2991,3.2,9.2,15.3,21.7,21.0,13.3,8.4,8.0,4.7,00110
06,36.0,13.0,XXX,XX,03,  Bara Jalia Union,2991,3.2,9.2,15.3,21.7,21.0,13.3,8.4,8.0,4.7,00110
06,51.0,XX.0,XXX,XX,03,  Barisal Sadar Upazila,2288,2.1,7.3,15.3,25.2,21.2,12.7,7.7,8.5,4.8,00110
06,51.0,34.0,XXX,XX,03,  Char Baria Union,775,2.6,8.1,15.6,23.9,23.1,13.3,7.4,6.1,4.6,00110
06,51.0,43.0,XXX,XX,03,  Char Kowa Union,1513,1.9,6.9,15.1,25.8,20.2,12.4,7.9,9.7,4.9,00110
06,62.0,XX.0,XXX,XX,03,  Mehendiganj Upazila,795,4.3,8.6,13.6,22.1,20.1,14.2,9.1,8.1,4.7,00110
06,62.0,87.0,XXX,XX,03,  Mehendiganj Union,795,4.3,8.6,13.6,22.1,20.1,14.2,9.1,8.1,4.7,00110
06,94.0,XX.0,XXX,XX,03,  Wazirpur Upazila,2585,2.5,8.9,20.2,25.5,19.5,11.0,5.9,6.7,4.5,00110
06,94.0,31.0,XXX,XX,03,  Guthia Union,510,3.3,7.5,18.4,22.0,24.7,11.2,6.3,6.7,4.6,00110
06,94.0,84.0,XXX,XX,03,  Shikarpur Union,2075,2.3,9.2,20.6,26.3,18.2,10.9,5.8,6.7,4.5,00110
79,XX.0,XX.0,XXX,XX,03, Pirojpur Zila,18966,3.5,10.2,19.1,25.4,19.4,11.0,5.5,5.9,4.4,00110
79,14.0,XX.0,XXX,XX,03,  Bhandaria Upazila,5683,4.5,10.6,19.8,24.1,18.9,9.9,5.6,6.5,4.4,00110
79,14.0,11.0,XXX,XX,03,  Bhandaria Union,4474,4.0,9.0,19.0,23.8,19.6,10.8,6.1,7.6,4.5,00110
79,14.0,71.0,XXX,XX,03,  Nudmulla Union,1209,6.0,16.6,23.0,24.9,16.4,6.9,3.8,2.4,3.8,00110
79,47.0,XX.0,XXX,XX,03,  Kawkhali Upazila,2304,3.6,11.8,22.9,27.3,17.1,8.3,4.6,4.3,4.1,00110
79,47.0,15.0,XXX,XX,03,  Amrajuri Union,695,3.5,11.9,20.7,24.6,19.4,9.6,6.3,3.9,4.2,00110
79,47.0,47.0,XXX,XX,03,  Kawkhali Union,1609,3.7,11.7,23.8,28.5,16.1,7.7,3.9,4.5,4.1,00110
79,58.0,XX.0,XXX,XX,03,  Mathbaria Upazila,2460,2.8,11.7,19.7,26.3,20.0,11.1,4.2,4.1,4.2,00110
79,58.0,60.0,XXX,XX,03,  Mathbaria Union,2460,2.8,11.7,19.7,26.3,20.0,11.1,4.2,4.1,4.2,00110
79,76.0,XX.0,XXX,XX,03,  Nazirpur Upazila,973,3.6,9.7,18.4,23.4,17.8,12.1,7.2,7.8,4.5,00110
79,76.0,52.0,XXX,XX,03,  Nazirpur Union,973,3.6,9.7,18.4,23.4,17.8,12.1,7.2,7.8,4.5,00110
79,87.0,XX.0,XXX,XX,03,  Nesarabad Upazila,6164,2.9,8.8,16.6,26.1,20.8,12.5,5.9,6.5,4.5,00110
79,87.0,76.0,XXX,XX,03,  Sohagdal Union,2429,3.0,9.5,15.2,26.1,20.3,12.6,5.8,7.4,4.6,00110
79,87.0,85.0,XXX,XX,03,  Sutiakati Union,3048,2.2,7.9,17.7,26.7,21.2,11.9,5.9,6.4,4.5,00110
79,87.0,95.0,XXX,XX,03,  Nesarabad (Swarupkati) Union,687,5.1,10.3,16.2,23.0,21.4,15.0,5.8,3.2,4.3,00110
79,90.0,XX.0,XXX,XX,03,  Zianagar Upazila,1382,3.6,9.7,19.9,25.0,18.2,12.0,6.0,5.6,4.4,00110
79,90.0,51.0,XXX,XX,03,  Pattashi Union,1382,3.6,9.7,19.9,25.0,18.2,12.0,6.0,5.6,4.4,00110
09,XX.0,XX.0,XXX,XX,03, Bhola Zila,26255,2.0,7.2,15.8,23.9,21.6,13.7,7.5,8.3,4.8,00110
09,18.0,XX.0,XXX,XX,03,  Bhola Sadar Upazila,7972,2.3,6.5,13.1,23.6,21.5,14.4,8.0,10.6,5.0,00110
09,18.0,12.0,XXX,XX,03,  Alinagar Union,201,0.5,7.0,15.9,22.9,21.9,11.9,6.5,13.4,5.0,00110
09,18.0,14.0,XXX,XX,03,  Bapta Union,6184,2.4,6.4,13.1,23.5,21.2,14.3,8.1,10.9,5.0,00110
09,18.0,36.0,XXX,XX,03,  Dhania Union,1587,2.4,6.9,12.4,23.9,22.3,14.8,7.9,9.5,4.9,00110
09,21.0,XX.0,XXX,XX,03,  Burhanuddin Upazila,5378,2.7,7.8,16.3,23.2,21.8,13.6,7.5,7.1,4.7,00110
09,21.0,16.0,XXX,XX,03,  Bara Manika Union,2115,3.2,7.8,16.6,22.3,22.7,13.0,7.3,7.0,4.6,00110
09,21.0,57.0,XXX,XX,03,  Kutba Union,3263,2.4,7.8,16.2,23.7,21.3,14.0,7.6,7.1,4.7,00110
09,25.0,XX.0,XXX,XX,03,  Char Fasson Upazila,4804,1.6,6.5,15.9,23.3,20.9,14.4,8.2,9.1,4.9,00110
09,25.0,66.0,XXX,XX,03,  Jinnaghar Union,4804,1.6,6.5,15.9,23.3,20.9,14.4,8.2,9.1,4.9,00110
09,54.0,XX.0,XXX,XX,03,  Lalmohan Upazila,3355,1.5,7.4,18.5,24.4,21.7,13.1,6.6,6.7,4.6,00110
09,54.0,57.0,XXX,XX,03,  Lalmohan Union,3355,1.5,7.4,18.5,24.4,21.7,13.1,6.6,6.7,4.6,00110
09,65.0,XX.0,XXX,XX,03,  Manpura Upazila,209,0.5,4.8,18.7,21.5,21.1,16.3,10.5,6.7,4.9,00110
09,65.0,23.0,XXX,XX,03,  Hajirhat Union,209,0.5,4.8,18.7,21.5,21.1,16.3,10.5,6.7,4.9,00110
09,91.0,XX.0,XXX,XX,03,  Tazumuddin Upazila,4537,1.6,8.2,17.7,25.5,22.2,12.1,6.6,6.1,4.6,00110
09,91.0,57.0,XXX,XX,03,  Chandpur Union,4537,1.6,8.2,17.7,25.5,22.2,12.1,6.6,6.1,4.6,00110
04,XX.0,XX.0,XXX,XX,03, Barguna Zila,6370,3.7,12.3,21.4,27.6,18.1,9.2,4.4,3.5,4.1,00110
04,9.0,XX.0,XXX,XX,03,  Amtali Upazila,1017,1.6,9.1,18.4,28.8,21.1,10.5,5.7,4.7,4.4,00110
04,9.0,13.0,XXX,XX,03,  Amtali Union,1017,1.6,9.1,18.4,28.8,21.1,10.5,5.7,4.7,4.4,00110
04,19.0,XX.0,XXX,XX,03,  Bamna Upazila,1776,2.8,10.3,18.1,29.2,19.4,10.0,5.3,4.9,4.3,00110
04,19.0,23.0,XXX,XX,03,  Bamna Union,1776,2.8,10.3,18.1,29.2,19.4,10.0,5.3,4.9,4.3,00110
04,47.0,XX.0,XXX,XX,03,  Betagi Upazila,643,5.1,13.1,20.5,23.5,21.3,10.9,3.3,2.3,4.0,00110
04,47.0,11.0,XXX,XX,03,  Betagi Union,643,5.1,13.1,20.5,23.5,21.3,10.9,3.3,2.3,4.0,00110
04,85.0,XX.0,XXX,XX,03,  Patharghata Upazila,2934,4.7,14.3,24.6,27.0,15.5,7.9,3.6,2.4,3.9,00110
04,85.0,23.0,XXX,XX,03,  Kakchira Union,966,3.7,14.3,25.8,26.4,16.1,8.4,2.9,2.4,3.9,00110
04,85.0,35.0,XXX,XX,03,  Kalmegha Union,1876,5.4,14.2,24.0,27.6,14.8,7.7,3.9,2.4,3.9,00110
04,85.0,71.0,XXX,XX,03,  Patharghata Union,92,1.1,18.5,23.9,20.7,22.8,5.4,5.4,2.2,4.0,00110
52,XX.0,XX.0,XXX,XX,03, Lalmonirhat Zila,8724,3.2,9.4,18.7,26.9,20.0,11.1,5.4,5.4,4.4,00110
52,2.0,XX.0,XXX,XX,03,  Aditmari Upazila,4469,2.4,9.6,19.3,28.3,19.8,11.0,4.6,5.0,4.3,00110
52,2.0,10.0,XXX,XX,03,  Bhadai Union,4469,2.4,9.6,19.3,28.3,19.8,11.0,4.6,5.0,4.3,00110
52,39.0,XX.0,XXX,XX,03,  Kaligang Upazila,4255,4.0,9.2,18.1,25.5,20.1,11.1,6.2,5.8,4.4,00110
52,39.0,95.0,XXX,XX,03,  Tushbhandar Union,4255,4.0,9.2,18.1,25.5,20.1,11.1,6.2,5.8,4.4,00110
77,XX.0,XX.0,XXX,XX,03, Panchagarh Zila,8067,4.0,9.6,20.4,27.9,19.0,9.9,4.7,4.5,4.3,00110
77,4.0,XX.0,XXX,XX,03,  Atwari Upazila,2766,4.2,10.7,22.2,29.1,18.5,8.8,3.7,2.7,4.0,00110
77,4.0,67.0,XXX,XX,03,  Radhanagar Union,2587,3.9,10.7,22.3,29.2,18.3,9.0,3.8,2.7,4.1,00110
77,4.0,81.0,XXX,XX,03,  Taria Union,179,8.9,10.1,20.7,27.9,21.8,5.6,2.2,2.8,3.9,00110
77,25.0,XX.0,XXX,XX,03,  Boda Upazila,517,2.9,7.7,17.4,29.8,23.6,11.4,4.3,2.9,4.3,00110
77,25.0,73.0,XXX,XX,03,  Maidan Dighi Union,517,2.9,7.7,17.4,29.8,23.6,11.4,4.3,2.9,4.3,00110
77,34.0,XX.0,XXX,XX,03,  Debiganj Upazila,3381,3.7,8.9,19.3,26.4,18.8,10.6,5.8,6.5,4.5,00110
77,34.0,47.0,XXX,XX,03,  Debiganj Union,3381,3.7,8.9,19.3,26.4,18.8,10.6,5.8,6.5,4.5,00110
77,73.0,XX.0,XXX,XX,03,  Panchagarh Sadar Upazila,99,3.0,10.1,15.2,25.3,20.2,15.2,5.1,6.1,4.5,00110
77,73.0,36.0,XXX,XX,03,  Dhakkamara Union,99,3.0,10.1,15.2,25.3,20.2,15.2,5.1,6.1,4.5,00110
77,90.0,XX.0,XXX,XX,03,  Tentulia Upazila,1304,4.7,10.0,21.2,28.7,18.8,9.2,3.8,3.5,4.1,00110
77,90.0,81.0,XXX,XX,03,  Tentulia Union,1304,4.7,10.0,21.2,28.7,18.8,9.2,3.8,3.5,4.1,00110
85,XX.0,XX.0,XXX,XX,03, Rangpur Zila,13769,5.7,12.0,24.0,28.3,16.7,7.6,3.1,2.6,3.9,00110
85,27.0,XX.0,XXX,XX,03,  Gangachara Upazila,3047,5.0,9.6,23.6,29.2,19.5,8.1,2.7,2.5,4.0,00110
85,27.0,31.0,XXX,XX,03,  Gangachara Union,3047,5.0,9.6,23.6,29.2,19.5,8.1,2.7,2.5,4.0,00110
85,58.0,XX.0,XXX,XX,03,  Mithapukur Upazila,1689,4.8,11.6,24.9,31.3,15.6,6.3,3.1,2.3,3.9,00110
85,58.0,49.0,XXX,XX,03,  Durgapur Union,1689,4.8,11.6,24.9,31.3,15.6,6.3,3.1,2.3,3.9,00110
85,73.0,XX.0,XXX,XX,03,  Pirgachha Upazila,3511,7.9,15.0,25.6,26.5,14.2,6.5,2.0,2.3,3.7,00110
85,73.0,76.0,XXX,XX,03,  Pirgachha Union,3511,7.9,15.0,25.6,26.5,14.2,6.5,2.0,2.3,3.7,00110
85,76.0,XX.0,XXX,XX,03,  Pirganj Upazila,3668,5.5,12.2,23.8,29.1,15.9,7.6,3.5,2.5,3.9,00110
85,76.0,69.0,XXX,XX,03,  Pirganj Union,3094,6.0,12.3,23.6,28.8,15.9,7.3,3.4,2.6,3.9,00110
85,76.0,75.0,XXX,XX,03,  Roypur Union,574,2.4,11.1,24.7,30.3,16.4,8.9,3.7,2.4,4.0,00110
85,92.0,XX.0,XXX,XX,03,  Taraganj Upazila,1854,3.9,10.6,21.0,26.2,19.2,10.1,5.0,3.9,4.2,00110
85,92.0,71.0,XXX,XX,03,  Kursha Union,1854,3.9,10.6,21.0,26.2,19.2,10.1,5.0,3.9,4.2,00110
49,XX.0,XX.0,XXX,XX,03, Kurigram Zila,33683,5.0,11.1,21.1,26.7,18.0,9.3,4.3,4.6,4.1,00110
49,6.0,XX.0,XXX,XX,03,  Bhurungamari Upazila,6588,2.8,7.9,19.3,28.4,19.1,11.1,5.3,6.1,4.5,00110
49,6.0,19.0,XXX,XX,03,  Bhurungamari Union,6588,2.8,7.9,19.3,28.4,19.1,11.1,5.3,6.1,4.5,00110
49,8.0,XX.0,XXX,XX,03,  Char Rajibpur Upazila,3593,5.5,11.6,21.8,26.7,17.0,9.7,3.7,4.0,4.1,00110
49,8.0,19.0,XXX,XX,03,  Char Rajibpur Union,3593,5.5,11.6,21.8,26.7,17.0,9.7,3.7,4.0,4.1,00110
49,9.0,XX.0,XXX,XX,03,  Chilmari Upazila,11201,6.2,12.8,20.6,25.7,18.3,8.6,4.1,3.7,4.0,00110
49,9.0,59.0,XXX,XX,03,  Ramna Union,7183,6.9,13.2,20.1,25.1,18.1,8.7,4.0,3.8,4.0,00110
49,9.0,83.0,XXX,XX,03,  Thanahat Union,4018,4.8,11.9,21.5,26.8,18.7,8.4,4.3,3.5,4.1,00110
49,18.0,XX.0,XXX,XX,03,  Phulbari Sadar Upazila,3164,4.7,11.9,24.5,27.8,15.7,7.3,3.9,4.3,4.0,00110
49,18.0,40.0,XXX,XX,03,  Phulbari Union,3164,4.7,11.9,24.5,27.8,15.7,7.3,3.9,4.3,4.0,00110
49,52.0,XX.0,XXX,XX,03,  Kurigram Sadar Upazila,843,7.0,9.1,20.3,29.3,19.8,7.1,3.3,4.0,4.1,00110
49,52.0,17.0,XXX,XX,03,  Belgachha Union,843,7.0,9.1,20.3,29.3,19.8,7.1,3.3,4.0,4.1,00110
49,77.0,XX.0,XXX,XX,03,  Rajarhat Upazila,2241,4.4,10.5,22.7,28.2,17.8,8.7,3.2,4.4,4.1,00110
49,77.0,21.0,XXX,XX,03,  Chakirpashar Union,1421,3.8,10.1,22.9,27.8,19.5,8.1,3.3,4.5,4.2,00110
49,77.0,73.0,XXX,XX,03,  Rajarhat Union,820,5.4,11.3,22.2,29.0,15.0,9.9,3.0,4.1,4.1,00110
49,79.0,XX.0,XXX,XX,03,  Raumari Upazila,6053,4.9,11.1,21.2,25.5,17.5,10.1,4.7,5.0,4.2,00110
49,79.0,71.0,XXX,XX,03,  Raumari Union,6053,4.9,11.1,21.2,25.5,17.5,10.1,4.7,5.0,4.2,00110
32,XX.0,XX.0,XXX,XX,03, Gaibandha Zila,21178,4.6,11.1,22.2,27.9,17.8,8.7,4.0,3.7,4.1,00110
32,21.0,XX.0,XXX,XX,03,  Fulchhari Upazila,1638,7.3,13.1,22.4,25.0,16.9,9.2,3.4,2.7,3.9,00110
32,21.0,47.0,XXX,XX,03,  Gazaria Union,1638,7.3,13.1,22.4,25.0,16.9,9.2,3.4,2.7,3.9,00110
32,24.0,XX.0,XXX,XX,03,  Gaibandha Sadar Upazila,6152,3.8,10.0,20.9,26.4,20.0,10.2,4.7,4.0,4.2,00110
32,24.0,14.0,XXX,XX,03,  Ballamjhar Union,1832,5.3,11.4,23.5,27.5,17.7,8.8,3.9,2.0,3.9,00110
32,24.0,21.0,XXX,XX,03,  Boali Union,99,7.1,17.2,21.2,24.2,17.2,7.1,2.0,4.0,3.8,00110
32,24.0,58.0,XXX,XX,03,  Kholahati Union,3871,3.2,9.0,19.4,26.1,21.3,11.1,5.1,4.9,4.4,00110
32,24.0,85.0,XXX,XX,03,  Mollar Char Union,350,1.1,12.0,24.3,25.1,18.3,8.6,5.1,5.4,4.2,00110
32,67.0,XX.0,XXX,XX,03,  Palashbari Upazila,5475,4.5,11.0,22.1,29.3,17.1,8.2,4.1,3.8,4.1,00110
32,67.0,85.0,XXX,XX,03,  Palashbari Union,5475,4.5,11.0,22.1,29.3,17.1,8.2,4.1,3.8,4.1,00110
32,82.0,XX.0,XXX,XX,03,  Sadullapur Upazila,3122,4.0,12.9,24.5,29.8,16.2,7.0,3.0,2.5,3.9,00110
32,82.0,13.0,XXX,XX,03,  Banagram Union,2405,4.3,12.2,24.6,28.9,16.7,7.2,3.2,2.9,3.9,00110
32,82.0,60.0,XXX,XX,03,  Jamalpur Union,717,3.1,15.3,24.4,32.9,14.5,6.4,2.1,1.3,3.7,00110
32,88.0,XX.0,XXX,XX,03,  Saghata Upazila,3887,4.9,10.8,22.8,28.0,17.1,8.3,3.6,4.4,4.1,00110
32,88.0,19.0,XXX,XX,03,  Bonar Para Union,2364,4.1,8.9,21.6,29.1,17.3,9.4,3.9,5.6,4.2,00110
32,88.0,85.0,XXX,XX,03,  Saghata Union,1523,6.0,13.8,24.6,26.3,16.8,6.6,3.2,2.6,3.8,00110
32,91.0,XX.0,XXX,XX,03,  Sundarganj Upazila,904,6.2,11.5,20.2,28.4,17.4,9.4,4.1,2.8,4.0,00110
32,91.0,31.0,XXX,XX,03,  Dahabanda Union,904,6.2,11.5,20.2,28.4,17.4,9.4,4.1,2.8,4.0,00110
73,XX.0,XX.0,XXX,XX,03, Nilphamari Zila,12619,4.3,11.0,18.4,26.1,19.6,11.1,4.8,4.7,4.3,00110
73,12.0,XX.0,XXX,XX,03,  Dimla Upazila,4405,3.9,9.0,16.8,26.8,20.8,12.0,5.1,5.6,4.4,00110
73,12.0,19.0,XXX,XX,03,  Dimla Union,4405,3.9,9.0,16.8,26.8,20.8,12.0,5.1,5.6,4.4,00110
73,15.0,XX.0,XXX,XX,03,  Domar Upazila,5209,3.5,10.2,17.0,25.1,20.8,12.5,5.5,5.4,4.4,00110
73,15.0,19.0,XXX,XX,03,  Bhogdabari Union,1982,3.9,10.4,17.0,23.1,20.6,12.1,6.7,6.1,4.5,00110
73,15.0,28.0,XXX,XX,03,  Boragari Union,1265,3.3,7.8,13.6,27.0,22.1,13.4,5.5,7.2,4.7,00110
73,15.0,38.0,XXX,XX,03,  Domar Union,1962,3.1,11.5,19.1,26.0,20.2,12.2,4.2,3.6,4.2,00110
73,45.0,XX.0,XXX,XX,03,  Kishoreganj Upazila,2330,7.4,17.1,24.3,26.9,14.3,6.4,2.3,1.3,3.6,00110
73,45.0,51.0,XXX,XX,03,  Kishoreganj Union,2330,7.4,17.1,24.3,26.9,14.3,6.4,2.3,1.3,3.6,00110
73,85.0,XX.0,XXX,XX,03,  Saidpur Upazila,675,3.1,9.6,19.3,26.4,20.0,11.3,5.5,4.9,4.4,00110
73,85.0,23.0,XXX,XX,03,  Bangalipur Union,675,3.1,9.6,19.3,26.4,20.0,11.3,5.5,4.9,4.4,00110
94,XX.0,XX.0,XXX,XX,03, Thakurgaon Zila,8298,4.0,9.4,19.7,29.2,19.8,9.7,4.4,3.8,4.2,00110
94,8.0,XX.0,XXX,XX,03,  Baliadangi Upazila,3716,3.5,9.8,20.5,31.4,20.1,9.0,3.4,2.3,4.1,00110
94,8.0,21.0,XXX,XX,03,  Barabari Union,1976,3.3,9.1,21.6,33.4,19.8,7.9,3.0,2.0,4.1,00110
94,8.0,73.0,XXX,XX,03,  Duosuo Union,1740,3.7,10.7,19.3,29.3,20.5,10.2,3.7,2.6,4.1,00110
94,51.0,XX.0,XXX,XX,03,  Haripur Upazila,1671,6.4,9.9,16.8,28.0,18.3,10.0,5.2,5.3,4.3,00110
94,51.0,81.0,XXX,XX,03,  Haripur Union,1671,6.4,9.9,16.8,28.0,18.3,10.0,5.2,5.3,4.3,00110
94,94.0,XX.0,XXX,XX,03,  Thakurgaon Sadar Upazila,2911,3.4,8.6,20.4,27.0,20.3,10.3,5.2,4.8,4.3,00110
94,94.0,52.0,XXX,XX,03,  Jamalpur Union,1958,3.6,9.0,19.9,27.0,20.0,10.7,5.4,4.5,4.3,00110
94,94.0,58.0,XXX,XX,03,  Mohammadpur Union,288,1.7,7.3,19.1,31.6,19.8,9.0,6.3,5.2,4.5,00110
94,94.0,68.0,XXX,XX,03,  Rahimanpur Union,665,3.5,8.0,22.7,25.1,21.4,9.8,4.2,5.4,4.3,00110
27,XX.0,XX.0,XXX,XX,03, Dinajpur Zila,14088,4.3,10.5,21.5,28.2,18.5,8.6,4.2,4.3,4.2,00110
27,10.0,XX.0,XXX,XX,03,  Birampur Upazila,561,3.6,11.8,24.1,32.4,15.7,6.6,3.0,2.9,3.9,00110
27,10.0,71.0,XXX,XX,03,  Khanpur Union,191,4.2,11.5,28.3,26.7,15.2,9.9,1.6,2.6,3.9,00110
27,10.0,83.0,XXX,XX,03,  Pali Prayagpur Union,370,3.2,11.9,21.9,35.4,15.9,4.9,3.8,3.0,4.0,00110
27,17.0,XX.0,XXX,XX,03,  Biral Upazila,2137,4.7,10.8,19.9,28.3,18.6,8.4,4.5,4.7,4.2,00110
27,17.0,28.0,XXX,XX,03,  Biral Union,2137,4.7,10.8,19.9,28.3,18.6,8.4,4.5,4.7,4.2,00110
27,30.0,XX.0,XXX,XX,03,  Chirirbandar Upazila,1878,3.7,9.1,21.2,29.8,17.3,9.2,4.3,5.5,4.3,00110
27,30.0,13.0,XXX,XX,03,  Abdulpur Union,1878,3.7,9.1,21.2,29.8,17.3,9.2,4.3,5.5,4.3,00110
27,43.0,XX.0,XXX,XX,03,  Ghoraghat Upazila,208,3.4,18.3,29.3,22.1,15.9,6.7,3.8,0.5,3.7,00110
27,43.0,38.0,XXX,XX,03,  Ghoraghat Union,208,3.4,18.3,29.3,22.1,15.9,6.7,3.8,0.5,3.7,00110
27,56.0,XX.0,XXX,XX,03,  Kaharole Upazila,1715,4.4,9.4,20.4,28.0,19.1,8.5,5.0,5.0,4.2,00110
27,56.0,31.0,XXX,XX,03,  Mukundapur Union,1715,4.4,9.4,20.4,28.0,19.1,8.5,5.0,5.0,4.2,00110
27,60.0,XX.0,XXX,XX,03,  Khansama Upazila,2111,2.6,10.3,21.7,28.3,20.3,8.7,4.0,4.1,4.2,00110
27,60.0,15.0,XXX,XX,03,  Alokjhari Union,2111,2.6,10.3,21.7,28.3,20.3,8.7,4.0,4.1,4.2,00110
27,64.0,XX.0,XXX,XX,03,  Dinajpur Sadar Upazila,1102,4.4,9.2,22.1,28.6,18.1,9.2,4.2,4.3,4.2,00110
27,64.0,69.0,XXX,XX,03,  Shashara Union,600,3.8,8.0,22.0,28.3,18.5,9.2,5.2,5.0,4.3,00110
27,64.0,77.0,XXX,XX,03,  Sekhpura Union,502,5.2,10.6,22.1,28.9,17.7,9.2,3.0,3.4,4.0,00110
27,69.0,XX.0,XXX,XX,03,  Nawabganj Upazila,1750,4.7,10.8,25.1,29.3,15.7,7.5,3.2,3.7,4.0,00110
27,69.0,17.0,XXX,XX,03,  Binodnagar Union,1099,4.7,11.9,25.0,27.4,15.2,7.6,3.7,4.5,4.0,00110
27,69.0,43.0,XXX,XX,03,  Golapganj Union,651,4.6,8.9,25.3,32.4,16.4,7.5,2.3,2.5,3.9,00110
27,77.0,XX.0,XXX,XX,03,  Parbatipur Upazila,2626,5.5,11.5,19.7,25.9,20.4,9.1,4.3,3.6,4.1,00110
27,77.0,86.0,XXX,XX,03,  Rampur Union,2626,5.5,11.5,19.7,25.9,20.4,9.1,4.3,2.1,3.8,00110
10,XX.0,XX.0,XXX,XX,03, Bogra Zila,11170,2.9,11.1,23.7,29.1,17.5,8.1,3.9,3.8,4.1,00110
10,6.0,XX.0,XXX,XX,03,  Adamdighi Upazila,2258,4.1,13.9,28.0,29.2,14.4,5.5,1.9,2.8,3.8,00110
10,6.0,13.0,XXX,XX,03,  Adam Dighi Union,2258,4.1,13.9,28.0,29.2,14.4,5.5,1.9,2.8,3.8,00110
10,27.0,XX.0,XXX,XX,03,  Dhunat Upazila,2130,4.6,12.9,23.9,28.7,15.8,7.3,3.7,3.1,3.9,00110
10,27.0,38.0,XXX,XX,03,  Dhunat Union,2130,4.6,12.9,23.9,28.7,15.8,7.3,3.7,3.1,3.9,00110
10,88.0,XX.0,XXX,XX,03,  Sherpur Upazila,6782,2.0,9.7,22.1,29.2,19.0,9.2,4.6,4.3,4.3,00110
10,88.0,28.0,XXX,XX,03,  Garidaha Union,2413,2.1,9.7,24.5,28.8,18.5,9.4,4.1,3.0,4.2,00110
10,88.0,57.0,XXX,XX,03,  Kusumbi Union,420,3.8,9.3,22.6,29.8,17.4,8.3,5.2,3.6,4.2,00110
10,88.0,77.0,XXX,XX,03,  Shah-Bandegi Union,3949,1.7,9.7,20.6,29.3,19.4,9.2,4.8,5.1,4.3,00110
88,XX.0,XX.0,XXX,XX,03, Sirajganj Zila,14796,4.1,14.7,22.9,25.4,16.8,8.1,3.9,4.1,4.0,00110
88,27.0,XX.0,XXX,XX,03,  Chauhali Upazila,5456,4.1,18.6,24.6,24.0,15.2,7.4,3.1,3.0,3.8,00110
88,27.0,27.0,XXX,XX,03,  Khas Kaulia Union,4205,4.7,21.7,25.7,23.7,14.1,6.2,2.2,1.8,3.6,00110
88,27.0,47.0,XXX,XX,03,  Sadia Chandpur Union,1251,2.0,8.2,21.1,24.9,18.9,11.6,6.1,7.1,4.5,00110
88,44.0,XX.0,XXX,XX,03,  Kamarkhanda Upazila,2358,4.9,12.4,21.5,25.5,17.6,8.3,4.1,5.7,4.2,00110
88,44.0,38.0,XXX,XX,03,  Jamtail Union,2358,4.9,12.4,21.5,25.5,17.6,8.3,4.1,5.7,4.2,00110
88,50.0,XX.0,XXX,XX,03,  Kazipur Upazila,946,5.0,11.6,21.9,26.5,17.1,8.5,4.8,4.7,4.1,00110
88,50.0,25.0,XXX,XX,03,  Gandail Union,180,12.8,22.8,26.7,19.4,14.4,3.3,0.6,0.0,3.1,00110
88,50.0,77.0,XXX,XX,03,  Sonamukhi Union,766,3.1,9.0,20.8,28.2,17.8,9.7,5.7,5.7,4.4,00110
88,61.0,XX.0,XXX,XX,03,  Royganj Upazila,447,5.6,18.6,29.5,24.2,14.5,4.7,1.8,1.1,3.5,00110
88,61.0,38.0,XXX,XX,03,  Dhangara Union,447,5.6,18.6,29.5,24.2,14.5,4.7,1.8,1.1,3.5,00110
88,67.0,XX.0,XXX,XX,03,  Shahjadpur Upazila,1636,2.9,14.0,19.6,25.1,19.4,9.8,5.2,4.0,4.2,00110
88,67.0,14.0,XXX,XX,03,  Gala Union,1636,2.9,14.0,19.6,25.1,19.4,9.8,5.2,4.0,4.2,00110
88,78.0,XX.0,XXX,XX,03,  Sirajganj Sadar Upazila,1885,3.6,9.8,19.7,24.8,19.8,10.7,6.0,5.6,4.4,00110
88,78.0,16.0,XXX,XX,03,  Baghbati Union,1885,3.6,9.8,19.7,24.8,19.8,10.7,6.0,5.6,4.4,00110
88,89.0,XX.0,XXX,XX,03,  Tarash Upazila,2068,4.2,12.6,24.6,29.8,15.5,6.4,2.7,4.2,4.0,00110
88,89.0,84.0,XXX,XX,03,  Tarash Union,2068,4.2,12.6,24.6,29.8,15.5,6.4,2.7,4.2,4.0,00110
81,XX.0,XX.0,XXX,XX,03, Rajshahi Zila,5990,3.7,11.6,25.8,29.9,15.5,7.0,3.2,3.3,4.0,00110
81,12.0,XX.0,XXX,XX,03,  Baghmara Upazila,585,3.8,13.0,27.0,30.8,13.0,6.8,3.2,2.4,3.8,00110
81,12.0,50.0,XXX,XX,03,  Ganipur Union,585,3.8,13.0,27.0,30.8,13.0,6.8,3.2,2.4,3.8,00110
81,31.0,XX.0,XXX,XX,03,  Durgapur Upazila,344,0.3,7.8,24.7,33.1,17.4,11.0,1.7,3.8,4.2,00110
81,31.0,11.0,XXX,XX,03,  Deluabari Union,344,0.3,7.8,24.7,33.1,17.4,11.0,1.7,3.8,4.2,00110
81,34.0,XX.0,XXX,XX,03,  Godagari Upazila,1102,2.7,8.6,19.6,27.4,21.2,10.2,5.4,4.9,4.4,00110
81,34.0,57.0,XXX,XX,03,  Matikata Union,1102,2.7,8.6,19.6,27.4,21.2,10.2,5.4,4.9,4.4,00110
81,53.0,XX.0,XXX,XX,03,  Mohanpur Upazila,2642,4.0,12.2,28.3,30.0,14.3,5.8,2.9,2.6,3.8,00110
81,53.0,13.0,XXX,XX,03,  Bakshimail Union,2419,4.2,12.5,28.6,30.1,14.0,5.6,2.7,2.3,3.8,00110
81,53.0,81.0,XXX,XX,03,  Royghati Union,223,2.2,9.0,24.2,29.6,17.5,7.2,4.5,5.8,4.3,00110
81,82.0,XX.0,XXX,XX,03,  Puthia Upazila,1317,4.5,13.4,25.9,30.4,13.7,5.8,2.6,3.6,3.9,00110
81,82.0,13.0,XXX,XX,03,  Baneshwar Union,697,3.7,12.6,26.0,30.1,13.8,4.9,3.3,5.6,4.0,00110
81,82.0,81.0,XXX,XX,03,  Silmaria Union,620,5.3,14.4,25.8,30.6,13.7,6.9,1.8,1.5,3.7,00110
64,XX.0,XX.0,XXX,XX,03, Naogaon Zila,20843,3.8,11.3,25.1,28.3,15.2,7.4,3.9,5.1,4.1,00110
64,3.0,XX.0,XXX,XX,03,  Atrai Upazila,2912,1.9,9.4,21.1,28.6,16.9,9.0,5.6,7.5,4.4,00110
64,3.0,10.0,XXX,XX,03,  Ahsanganj Union,558,2.2,6.3,19.9,24.6,18.5,11.3,7.2,10.2,4.7,00110
64,3.0,21.0,XXX,XX,03,  Bhopara Union,942,0.8,9.3,23.2,28.3,16.0,10.0,5.0,7.2,4.4,00110
64,3.0,73.0,XXX,XX,03,  Panchupur Union,1412,2.5,10.7,20.0,30.5,16.8,7.5,5.3,6.7,4.4,00110
64,6.0,XX.0,XXX,XX,03,  Badalgachhi Upazila,1693,3.2,14.5,28.6,31.3,13.2,5.1,2.5,1.7,3.7,00110
64,6.0,21.0,XXX,XX,03,  Badalgachhi Union,1693,3.2,14.5,28.6,31.3,13.2,5.1,2.5,1.7,3.7,00110
64,28.0,XX.0,XXX,XX,03,  Dhamoirhat Upazila,680,3.7,11.0,22.8,30.3,16.8,7.5,3.2,4.7,4.1,00110
64,28.0,63.0,XXX,XX,03,  Jahanpur Union,680,3.7,11.0,22.8,30.3,16.8,7.5,3.2,4.7,4.1,00110
64,47.0,XX.0,XXX,XX,03,  Manda Upazila,3221,5.2,12.5,27.9,29.4,14.7,5.2,2.5,2.5,3.8,00110
64,47.0,54.0,XXX,XX,03,  Kusumba Union,1798,5.1,12.7,28.0,28.8,15.4,5.2,2.4,2.5,3.8,00110
64,47.0,67.0,XXX,XX,03,  Manda Union,1108,6.0,12.6,27.5,30.4,13.2,4.7,2.9,2.6,3.7,00110
64,47.0,88.0,XXX,XX,03,  Prasadpur Union,315,2.5,11.4,28.9,29.5,15.9,7.6,1.9,2.2,3.9,00110
64,50.0,XX.0,XXX,XX,03,  Mahadebpur Upazila,3771,4.6,13.4,27.1,26.9,12.8,6.8,3.2,5.3,4.0,00110
64,50.0,57.0,XXX,XX,03,  Khajur Union,491,4.7,17.9,27.9,24.4,12.2,5.5,4.1,3.3,3.7,00110
64,50.0,66.0,XXX,XX,03,  Mahadebpur Union,3280,4.6,12.7,27.0,27.3,12.9,7.0,3.0,5.5,4.0,00110
64,69.0,XX.0,XXX,XX,03,  Niamatpur Upazila,1467,5.7,11.2,28.8,29.1,13.4,6.4,3.0,2.4,3.8,00110
64,69.0,52.0,XXX,XX,03,  Niamatpur Union,1467,5.7,11.2,28.8,29.1,13.4,6.4,3.0,2.4,3.8,00110
64,79.0,XX.0,XXX,XX,03,  Porsha Upazila,2517,2.7,7.2,17.8,23.2,19.0,11.9,7.4,10.9,4.9,00110
64,79.0,55.0,XXX,XX,03,  Nithpur Union,2517,2.7,7.2,17.8,23.2,19.0,11.9,7.4,10.9,4.9,00110
64,85.0,XX.0,XXX,XX,03,  Raninagar Upazila,1726,4.6,11.7,26.9,28.4,16.7,5.4,3.2,3.0,3.9,00110
64,85.0,84.0,XXX,XX,03,  Raninagar Union,1726,4.6,11.7,26.9,28.4,16.7,5.4,3.2,3.0,3.9,00110
64,86.0,XX.0,XXX,XX,03,  Sapahar Upazila,2856,2.7,10.5,25.2,30.4,15.2,7.9,3.4,4.8,4.1,00110
64,86.0,71.0,XXX,XX,03,  Sapahar Union,2632,2.6,10.5,25.3,30.1,15.3,7.8,3.5,4.8,4.2,00110
64,86.0,79.0,XXX,XX,03,  Shiranti Union,224,4.0,10.3,23.2,33.9,12.9,9.4,2.2,4.0,4.0,00110
70,XX.0,XX.0,XXX,XX,03, Chapai Nawabganj Zila,10232,3.4,10.2,19.1,26.6,19.9,10.3,4.9,5.6,4.3,00110
70,18.0,XX.0,XXX,XX,03,  Bholahat Upazila,3268,3.7,11.0,19.7,28.3,19.4,9.1,4.1,4.7,4.2,00110
70,18.0,18.0,XXX,XX,03,  Bholahat Union,3268,3.7,11.0,19.7,28.3,19.4,9.1,4.1,4.7,4.2,00110
70,37.0,XX.0,XXX,XX,03,  Gomastapur Upazila,5382,3.2,9.7,18.4,26.1,20.5,11.3,5.2,5.6,4.4,00110
70,37.0,42.0,XXX,XX,03,  Chowdala Union,2709,3.5,10.6,19.9,26.2,20.9,10.4,4.1,4.4,4.2,00110
70,37.0,52.0,XXX,XX,03,  Gomastapur Union,2673,2.8,8.8,16.9,26.0,20.1,12.2,6.3,6.9,4.6,00110
70,88.0,XX.0,XXX,XX,03,  Shibganj Upazila,1582,3.4,10.3,20.5,24.5,19.0,9.4,5.5,7.5,4.5,00110
70,88.0,41.0,XXX,XX,03,  Kansat Union,1582,3.4,10.3,20.5,24.5,19.0,9.4,5.5,7.5,4.5,00110
38,XX.0,XX.0,XXX,XX,03, Joypurhat Zila,3141,5.0,14.8,28.2,28.9,13.2,5.0,2.4,2.5,3.7,00110
38,61.0,XX.0,XXX,XX,03,  Khetlal Upazila,3141,5.0,14.8,28.2,28.9,13.2,5.0,2.4,2.5,3.7,00110
38,61.0,47.0,XXX,XX,03,  Khetlal Union,3141,5.0,14.8,28.2,28.9,13.2,5.0,2.4,2.5,3.7,00110
13,XX.0,XX.0,XXX,XX,03, Chandpur Zila,5651,2.2,9.5,17.1,23.2,21.3,13.3,6.5,6.8,4.6,00110
13,22.0,XX.0,XXX,XX,03,  Chandpur Sadar Upazila,2491,2.2,6.7,15.6,23.5,21.6,14.8,7.2,8.4,4.8,00110
13,22.0,94.0,XXX,XX,03,  Tarpur Chandi Union,2491,2.2,6.7,15.6,23.5,21.6,14.8,7.2,8.4,4.8,00110
13,47.0,XX.0,XXX,XX,03,  Haim Char Upazila,2066,2.7,14.4,20.8,25.4,19.3,10.6,4.3,2.5,4.1,00110
13,47.0,23.0,XXX,XX,03,  Dakshin Algi Durgapur Union,2066,2.7,14.4,20.8,25.4,19.3,10.6,4.3,2.5,4.1,00110
13,49.0,XX.0,XXX,XX,03,  Hajiganj Upazila,1094,1.3,6.8,13.9,18.4,24.4,15.0,9.2,11.1,5.0,00110
13,49.0,35.0,XXX,XX,03,  Hajiganj Union,1094,1.3,6.8,13.9,18.4,24.4,15.0,9.2,11.1,5.0,00110
03,XX.0,XX.0,XXX,XX,03, Bandarban Zila,7847,4.0,8.0,16.3,20.1,18.6,14.4,8.3,10.2,4.8,00110
03,4.0,XX.0,XXX,XX,03,  Alikadam Upazila,2822,3.5,7.6,16.6,19.8,18.5,15.7,8.9,9.4,4.8,00110
03,4.0,31.0,XXX,XX,03,  Alikadam Union,2822,3.5,7.6,16.6,19.8,18.5,15.7,8.9,9.4,4.8,00110
03,73.0,XX.0,XXX,XX,03,  Naikhongchhari Upazila,3500,2.8,7.8,15.2,18.9,18.5,14.8,8.9,13.1,5.0,00110
03,73.0,76.0,XXX,XX,03,  Naikhongchhari Union,3500,2.8,7.8,15.2,18.9,18.5,14.8,8.9,13.1,5.0,00110
03,89.0,XX.0,XXX,XX,03,  Rowangchhari Upazila,1173,8.8,9.6,18.7,24.0,18.3,11.1,5.0,4.5,4.2,00110
03,89.0,57.0,XXX,XX,03,  Rowangchhari Union,1173,8.8,9.6,18.7,24.0,18.3,11.1,5.0,4.5,4.2,00110
03,95.0,XX.0,XXX,XX,03,  Thanchi Upazila,352,4.3,7.7,16.8,21.3,20.7,11.9,9.4,8.0,4.7,00110
03,95.0,57.0,XXX,XX,03,  Thanchi Union,352,4.3,7.7,16.8,21.3,20.7,11.9,9.4,8.0,4.7,00110
19,XX.0,XX.0,XXX,XX,03, Comilla Zila,26343,2.1,7.2,15.1,22.6,20.4,13.7,8.0,11.0,5.0,00110
19,15.0,XX.0,XXX,XX,03,  Brahmanpara Upazila,1153,1.7,6.0,13.1,23.2,21.1,13.3,9.1,12.5,5.2,00110
19,15.0,18.0,XXX,XX,03,  Brahman Para Union,1153,1.7,6.0,13.1,23.2,21.1,13.3,9.1,12.5,5.2,00110
19,18.0,XX.0,XXX,XX,03,  Burichang Upazila,2456,2.6,6.3,15.2,21.4,20.7,12.8,8.6,12.3,5.1,00110
19,18.0,31.0,XXX,XX,03,  Burichang Union,2456,2.6,6.3,15.2,21.4,20.7,12.8,8.6,12.3,5.1,00110
19,27.0,XX.0,XXX,XX,03,  Chandina Upazila,327,1.2,7.3,14.7,18.0,23.5,14.7,8.9,11.6,5.0,00110
19,27.0,20.0,XXX,XX,03,  Mahichal Union,327,1.2,7.3,14.7,18.0,23.5,14.7,8.9,11.6,5.0,00110
19,33.0,XX.0,XXX,XX,03,  Comilla Sadar Dakshin Upazila,1674,1.0,7.4,15.4,23.4,20.8,14.6,8.0,9.3,4.9,00110
19,33.0,35.0,XXX,XX,03,  Bijoypur Union,1674,1.0,7.4,15.4,23.4,20.8,14.6,8.0,9.3,4.9,00110
19,67.0,XX.0,XXX,XX,03,  Comilla Adarsha Sadar Upazila,12290,1.7,7.2,16.4,24.2,20.4,13.1,7.2,9.7,4.8,00110
19,67.0,68.0,XXX,XX,03,  Kalir Bazar Union,912,2.0,6.9,14.9,20.4,20.5,13.8,7.6,13.9,5.1,00110
19,67.0,90.0,XXX,XX,03,  Panchthubi Union,192,2.1,6.3,13.0,16.7,27.6,13.5,8.9,12.0,5.1,00110
19,67.0,94.0,XXX,XX,03,  Uttar Durgapur Union,11186,1.7,7.3,16.6,24.6,20.3,13.0,7.2,9.4,4.8,00110
19,74.0,XX.0,XXX,XX,03,  Manoharganj Upazila,239,3.3,7.5,7.9,20.1,24.7,20.5,6.3,9.6,5.0,00110
19,74.0,13.0,XXX,XX,03,  Baishgaon Union,239,3.3,7.5,7.9,20.1,24.7,20.5,6.3,9.6,5.0,00110
19,75.0,XX.0,XXX,XX,03,  Meghna Upazila,1257,3.4,7.0,13.2,21.0,22.7,15.9,7.5,9.3,4.9,00110
19,75.0,43.0,XXX,XX,03,  Gobindapur Union,1257,3.4,7.0,13.2,21.0,22.7,15.9,7.5,9.3,4.9,00110
19,81.0,XX.0,XXX,XX,03,  Muradnagar Upazila,6241,2.5,7.4,14.0,20.6,19.1,14.2,9.1,13.2,5.1,00110
19,81.0,54.0,XXX,XX,03,  Muradnagar Union,3218,2.1,7.1,13.0,19.4,20.0,13.9,9.5,15.0,5.3,00110
19,81.0,63.0,XXX,XX,03,  Paschim Nabipur Union,3023,2.9,7.7,15.0,21.8,18.2,14.6,8.6,11.3,4.9,00110
19,94.0,XX.0,XXX,XX,03,  Titas Upazila,706,3.1,8.4,11.6,21.0,19.7,15.3,8.6,12.3,5.0,00110
19,94.0,67.0,XXX,XX,03,  Karikandi Union,706,3.1,8.4,11.6,21.0,19.7,15.3,8.6,12.3,5.0,00110
12,XX.0,XX.0,XXX,XX,03, Brahmanbaria Zila,27626,2.5,6.9,13.2,19.5,18.9,14.5,9.9,14.6,5.2,00110
12,4.0,XX.0,XXX,XX,03,  Banchharampur Upazila,3826,3.1,8.7,17.0,22.9,19.7,11.9,6.6,10.1,4.8,00110
12,4.0,94.0,XXX,XX,03,  Banchharampur Union,3826,3.1,8.7,17.0,22.9,19.7,11.9,6.6,10.1,4.8,00110
12,7.0,XX.0,XXX,XX,03,  Bijoynagar Upazila,1437,2.6,8.4,13.2,19.3,17.8,13.8,10.0,14.9,5.2,00110
12,7.0,32.0,XXX,XX,03,  Chandura Union,1111,2.3,8.3,14.3,18.1,18.3,14.4,9.6,14.8,5.2,00110
12,7.0,91.0,XXX,XX,03,  Uttar Ichhapur Union,326,3.7,8.6,9.5,23.6,16.3,11.7,11.3,15.3,5.3,00110
12,13.0,XX.0,XXX,XX,03,  Brahmanbaria Sadar Upazila,3800,1.1,5.6,10.0,17.1,18.4,15.6,12.6,19.6,5.7,00110
12,13.0,50.0,XXX,XX,03,  Shuhilpur Union,1799,1.3,5.1,10.8,17.9,19.0,14.5,10.7,20.8,5.7,00110
12,13.0,93.0,XXX,XX,03,  Uttar Natai Union,2001,0.8,6.0,9.3,16.4,18.0,16.6,14.3,18.5,5.7,00110
12,33.0,XX.0,XXX,XX,03,  Ashuganj Upazila,6705,2.6,6.3,12.1,19.0,19.0,15.6,10.5,14.9,5.3,00110
12,33.0,12.0,XXX,XX,03,  Araisidha Union,124,2.4,8.1,14.5,11.3,17.7,13.7,12.1,20.2,5.7,00110
12,33.0,14.0,XXX,XX,03,  Ashugang Union,4711,3.2,7.1,13.0,20.4,18.8,15.4,9.5,12.5,5.1,00110
12,33.0,38.0,XXX,XX,03,  Durgapur Union,1870,1.2,4.3,9.5,15.9,19.4,16.1,13.0,20.5,5.9,00110
12,90.0,XX.0,XXX,XX,03,  Nasirnagar Upazila,2949,3.6,7.4,14.1,19.7,18.9,15.1,8.7,12.4,5.0,00110
12,90.0,87.0,XXX,XX,03,  Nasirnagar Union,2949,3.6,7.4,14.1,19.7,18.9,15.1,8.7,12.4,5.0,00110
12,94.0,XX.0,XXX,XX,03,  Sarail Upazila,8909,2.3,6.7,13.4,19.4,18.8,14.3,10.1,15.0,5.2,00110
12,94.0,76.0,XXX,XX,03,  Sarail Union,8909,2.3,6.7,13.4,19.4,18.8,14.3,10.1,15.0,5.2,00110
51,XX.0,XX.0,XXX,XX,03, Lakshmipur Zila,17759,2.5,9.6,19.5,23.0,19.7,12.7,7.0,6.1,4.5,00110
51,33.0,XX.0,XXX,XX,03,  Kamalnagar Upazila,2691,2.0,8.5,16.9,22.7,19.6,14.2,7.7,8.4,4.7,00110
51,33.0,47.0,XXX,XX,03,  Char Falcon Union,2691,2.0,8.5,16.9,22.7,19.6,14.2,7.7,8.4,4.7,00110
51,43.0,XX.0,XXX,XX,03,  Lakshmipur Sadar Upazila,700,1.4,8.3,19.1,24.7,21.3,12.0,8.4,4.7,4.5,00110
51,43.0,90.0,XXX,XX,03,  Dakshin Hamchadi Union,700,1.4,8.3,19.1,24.7,21.3,12.0,8.4,4.7,4.5,00110
51,58.0,XX.0,XXX,XX,03,  Roypur Upazila,6343,3.3,9.5,18.7,24.2,20.5,11.3,6.4,6.1,4.4,00110
51,58.0,11.0,XXX,XX,03,  Bamni Union,752,2.3,9.2,19.7,28.2,20.3,10.2,5.3,4.8,4.4,00110
51,58.0,59.0,XXX,XX,03,  Keroa Union,5481,3.5,9.7,18.4,23.6,20.5,11.3,6.6,6.4,4.5,00110
51,58.0,71.0,XXX,XX,03,  Roypur Union,110,0.0,5.5,28.2,25.5,22.7,14.5,2.7,0.9,4.2,00110
51,73.0,XX.0,XXX,XX,03,  Ramgati Upazila,8025,2.0,10.1,20.9,22.1,18.9,13.4,7.1,5.4,4.5,00110
51,73.0,13.0,XXX,XX,03,  Bara Kheri Union,3833,2.8,14.1,25.5,22.7,16.4,10.5,4.8,3.1,4.0,00110
51,73.0,23.0,XXX,XX,03,  Char Alexandar Union,4192,1.3,6.4,16.7,21.6,21.2,16.1,9.3,7.5,4.8,00110
46,XX.0,XX.0,XXX,XX,03, Khagrachhari Zila,25420,3.5,9.1,17.4,23.3,19.8,13.0,7.0,7.0,4.6,00110
46,43.0,XX.0,XXX,XX,03,  Dighinala Upazila,3215,3.0,7.6,16.9,24.3,21.4,12.6,6.7,7.5,4.7,00110
46,43.0,31.0,XXX,XX,03,  Boalkhali Union,3215,3.0,7.6,16.9,24.3,21.4,12.6,6.7,7.5,4.7,00110
46,49.0,XX.0,XXX,XX,03,  Khagrachhari Sadar Upazila,4633,2.2,7.2,16.0,25.0,20.9,13.8,8.0,7.0,4.7,00110
46,49.0,25.0,XXX,XX,03,  Golabari Union,2213,2.0,7.0,15.8,22.4,20.9,14.7,8.6,8.7,4.8,00110
46,49.0,75.0,XXX,XX,03,  Perachhara Union,2420,2.4,7.3,16.3,27.3,20.8,13.1,7.5,5.4,4.6,00110
46,61.0,XX.0,XXX,XX,03,  Lakshmichhari Upazila,414,3.9,10.4,20.0,28.0,17.1,11.8,6.0,2.7,4.2,00110
46,61.0,71.0,XXX,XX,03,  Lakshmichhari Union,414,3.9,10.4,20.0,28.0,17.1,11.8,6.0,2.7,4.2,00110
46,65.0,XX.0,XXX,XX,03,  Mahalchhari Upazila,2109,3.2,11.0,20.6,22.6,18.2,11.9,6.6,5.8,4.4,00110
46,65.0,31.0,XXX,XX,03,  Mahalchhari Union,2109,3.2,11.0,20.6,22.6,18.2,11.9,6.6,5.8,4.4,00110
46,67.0,XX.0,XXX,XX,03,  Manikchhari Upazila,7471,4.7,9.7,17.1,21.2,19.0,13.8,7.1,7.4,4.6,00110
46,67.0,63.0,XXX,XX,03,  Manikchhari Union,4717,5.5,9.9,17.9,21.4,18.5,13.7,6.3,6.8,4.5,00110
46,67.0,87.0,XXX,XX,03,  Tintahari Union,2754,3.4,9.5,15.8,20.7,19.9,13.8,8.3,8.5,4.7,00110
46,77.0,XX.0,XXX,XX,03,  Panchhari Upazila,5147,3.7,10.4,19.4,25.1,19.4,11.2,5.4,5.2,4.3,00110
46,77.0,76.0,XXX,XX,03,  Panchhari Union,5147,3.7,10.4,19.4,25.1,19.4,11.2,5.4,5.2,4.3,00110
46,80.0,XX.0,XXX,XX,03,  Ramgarh Upazila,2431,2.1,7.9,13.9,21.1,20.7,14.5,9.2,10.6,5.0,00110
46,80.0,76.0,XXX,XX,03,  Ramgarh Union,2431,2.1,7.9,13.9,21.1,20.7,14.5,9.2,10.6,5.0,00110
22,XX.0,XX.0,XXX,XX,03, Cox's Bazar Zila,37498,1.5,5.7,12.5,17.8,18.9,15.9,10.9,16.8,5.5,00110
22,24.0,XX.0,XXX,XX,03,  Cox's Bazar Sadar Upazila,10077,1.6,5.8,12.3,17.5,18.0,15.3,11.0,18.5,5.5,00110
22,24.0,35.0,XXX,XX,03,  Idgaon Union,3065,1.3,5.4,12.3,18.9,18.3,15.6,10.0,18.2,5.5,00110
22,24.0,42.0,XXX,XX,03,  Islamabad Union,3964,1.2,6.0,12.2,17.6,18.1,14.9,11.8,18.3,5.5,00110
22,24.0,45.0,XXX,XX,03,  Jalalabad Union,3048,2.5,6.1,12.5,16.0,17.6,15.5,11.0,18.9,5.6,00110
22,45.0,XX.0,XXX,XX,03,  Kutubdia Upazila,4686,1.3,5.4,11.3,17.3,20.1,18.4,11.1,15.1,5.4,00110
22,45.0,27.0,XXX,XX,03,  Baraghop Union,4686,1.3,5.4,11.3,17.3,20.1,18.4,11.1,15.1,5.4,00110
22,56.0,XX.0,XXX,XX,03,  Pekua Upazila,5328,1.6,6.3,12.3,17.4,18.5,16.1,11.4,16.5,5.4,00110
22,56.0,83.0,XXX,XX,03,  Pekua Union,5328,1.6,6.3,12.3,17.4,18.5,16.1,11.4,16.5,5.4,00110
22,66.0,XX.0,XXX,XX,03,  Ramu Upazila,7606,1.6,5.6,12.8,18.6,19.0,15.2,10.7,16.5,5.5,00110
22,66.0,15.0,XXX,XX,03,  Fatekharkul Union,5432,1.9,6.2,13.4,19.5,19.9,15.2,9.8,14.2,5.3,00110
22,66.0,38.0,XXX,XX,03,  Joarianala Union,2174,0.9,4.0,11.4,16.4,16.7,15.4,13.0,22.2,5.9,00110
22,90.0,XX.0,XXX,XX,03,  Teknaf Upazila,4639,0.6,5.0,12.8,16.8,18.1,15.8,11.6,19.3,5.6,00110
22,90.0,63.0,XXX,XX,03,  Teknaf Union,4639,0.6,5.0,12.8,16.8,18.1,15.8,11.6,19.3,5.6,00110
22,94.0,XX.0,XXX,XX,03,  Ukhia Upazila,5162,1.8,5.8,13.7,19.3,20.4,15.6,9.5,14.0,5.2,00110
22,94.0,47.0,XXX,XX,03,  Raja Palong Union,5162,1.8,5.8,13.7,19.3,20.4,15.6,9.5,14.0,5.2,00110
15,XX.0,XX.0,XXX,XX,03, Chittagong Zila,35526,2.6,7.1,15.0,20.9,20.0,13.9,8.1,12.4,5.1,00110
15,4.0,XX.0,XXX,XX,03,  Anowara Upazila,1131,3.0,8.6,16.7,26.4,20.2,10.3,5.8,8.9,4.6,00110
15,4.0,15.0,XXX,XX,03,  Anowara Union,1131,3.0,8.6,16.7,26.4,20.2,10.3,5.8,8.9,4.6,00110
15,12.0,XX.0,XXX,XX,03,  Boalkhali Upazila,10242,2.6,6.6,15.1,22.6,20.7,14.1,7.1,11.3,5.0,00110
15,12.0,38.0,XXX,XX,03,  Purba Gomdandi Union,5783,2.9,6.5,14.3,23.1,21.2,13.6,6.9,11.5,5.0,00110
15,12.0,76.0,XXX,XX,03,  Sakpura Union,4459,2.1,6.8,16.1,21.8,20.0,14.7,7.5,11.0,5.0,00110
15,33.0,XX.0,XXX,XX,03,  Fatikchhari Upazila,8060,2.3,6.3,14.4,19.8,20.1,14.5,8.8,13.8,5.2,00110
15,33.0,33.0,XXX,XX,03,  Dhurung Union,3969,2.3,6.3,13.2,19.8,19.7,14.6,9.1,14.9,5.3,00110
15,33.0,76.0,XXX,XX,03,  Rangamatia Union,4091,2.3,6.3,15.5,19.8,20.5,14.4,8.5,12.6,5.1,00110
15,47.0,XX.0,XXX,XX,03,  Lohagara Upazila,5787,3.6,7.7,14.2,18.6,18.6,14.4,9.1,13.8,5.2,00110
15,47.0,62.0,XXX,XX,03,  Lohagara Union,5787,3.6,7.7,14.2,18.6,18.6,14.4,9.1,13.8,5.2,00110
15,53.0,XX.0,XXX,XX,03,  Mirsharai Upazila,724,1.1,8.0,17.5,24.6,21.1,13.3,7.2,7.2,4.7,00110
15,53.0,59.0,XXX,XX,03,  Mirsharai Union,724,1.1,8.0,17.5,24.6,21.1,13.3,7.2,7.2,4.7,00110
15,70.0,XX.0,XXX,XX,03,  Rangunia Upazila,5493,2.2,7.0,15.7,20.8,21.3,13.2,8.0,11.7,5.0,00110
15,70.0,34.0,XXX,XX,03,  Mariamnagar Union,510,0.8,5.9,16.1,22.0,20.0,13.3,9.2,12.7,5.2,00110
15,70.0,60.0,XXX,XX,03,  Pomara Union,4983,2.3,7.1,15.7,20.7,21.5,13.2,7.9,11.6,5.0,00110
15,78.0,XX.0,XXX,XX,03,  Sandwip Upazila,2369,2.6,9.2,16.0,20.9,19.2,13.4,7.6,11.1,4.9,00110
15,78.0,40.0,XXX,XX,03,  Harispur Union,864,4.3,14.5,21.4,22.6,18.4,9.8,5.2,3.8,4.1,00110
15,78.0,85.0,XXX,XX,03,  Rahmatpur Union,1505,1.6,6.2,13.0,20.0,19.6,15.4,9.0,15.3,5.3,00110
15,82.0,XX.0,XXX,XX,03,  Satkania Upazila,1720,2.7,7.5,14.4,19.5,16.6,14.3,9.2,15.7,5.4,00110
15,82.0,36.0,XXX,XX,03,  Dhemsa Union,1720,2.7,7.5,14.4,19.5,16.6,14.3,9.2,15.7,5.4,00110
84,XX.0,XX.0,XXX,XX,03, Rangamati Zila,13120,4.6,9.5,18.0,23.8,19.5,11.5,6.5,6.5,4.4,00110
84,7.0,XX.0,XXX,XX,03,  Baghaichhari Upazila,1349,1.6,8.5,18.4,26.2,22.4,12.3,6.0,4.7,4.5,00110
84,7.0,59.0,XXX,XX,03,  Marishya Union,1079,1.8,8.6,19.1,26.3,22.2,11.8,5.8,4.4,4.4,00110
84,7.0,71.0,XXX,XX,03,  Rupakari Union,270,0.7,7.8,15.6,25.6,23.3,14.4,6.7,5.9,4.7,00110
84,21.0,XX.0,XXX,XX,03,  Barkal Upazila,364,7.4,16.2,15.7,19.8,15.1,8.2,5.8,11.8,4.4,00110
84,21.0,47.0,XXX,XX,03,  Barkal Union,364,7.4,16.2,15.7,19.8,15.1,8.2,5.8,11.8,4.4,00110
84,25.0,XX.0,XXX,XX,03,  Kawkhali Upazila,2119,5.9,8.9,16.8,21.7,21.2,12.6,5.7,7.3,4.5,00110
84,25.0,19.0,XXX,XX,03,  Betbunia Union,2119,5.9,8.9,16.8,21.7,21.2,12.6,5.7,7.3,4.5,00110
84,29.0,XX.0,XXX,XX,03,  Belai Chhari Upazila,466,4.5,10.7,17.4,22.3,19.1,14.4,4.9,6.7,4.4,00110
84,29.0,23.0,XXX,XX,03,  Belai Chhari Union,466,4.5,10.7,17.4,22.3,19.1,14.4,4.9,6.7,4.4,00110
84,36.0,XX.0,XXX,XX,03,  Kaptai  Upazila,2897,4.9,8.4,16.7,24.6,19.9,11.1,6.7,7.7,4.5,00110
84,36.0,57.0,XXX,XX,03,  Kaptai Union,2897,4.9,8.4,16.7,24.6,19.9,11.1,6.7,7.7,4.5,00110
84,47.0,XX.0,XXX,XX,03,  Jurai Chhari Upazila,1350,6.7,6.8,18.7,25.3,19.3,11.2,7.1,5.0,4.3,00110
84,47.0,57.0,XXX,XX,03,  Jurai Chhari Union,1350,6.7,6.8,18.7,25.3,19.3,11.2,7.1,5.0,4.3,00110
84,58.0,XX.0,XXX,XX,03,  Langadu  Upazila,2489,2.4,9.9,19.1,23.7,18.2,12.4,8.0,6.2,4.5,00110
84,58.0,67.0,XXX,XX,03,  Langadu Union,2489,2.4,9.9,19.1,23.7,18.2,12.4,8.0,6.2,4.5,00110
84,75.0,XX.0,XXX,XX,03,  Naniarchar  Upazila,1331,5.2,9.7,19.1,22.5,19.5,9.9,7.3,6.8,4.4,00110
84,75.0,57.0,XXX,XX,03,  Naniarchar Union,1331,5.2,9.7,19.1,22.5,19.5,9.9,7.3,6.8,4.4,00110
84,78.0,XX.0,XXX,XX,03,  Rajasthali  Upazila,755,7.4,15.9,20.3,25.8,15.5,9.0,2.9,3.2,3.9,00110
84,78.0,71.0,XXX,XX,03,  Gainda Union,755,7.4,15.9,20.3,25.8,15.5,9.0,2.9,3.2,3.9,00110
30,XX.0,XX.0,XXX,XX,03, Feni Zila,1852,2.5,6.5,14.3,20.6,19.8,13.6,9.7,13.2,5.2,00110
30,14.0,XX.0,XXX,XX,03,  Chhagalnaiya Upazila,539,2.2,6.7,14.8,16.7,18.7,13.5,13.2,14.1,5.4,00110
30,14.0,76.0,XXX,XX,03,  Pathannagar Union,539,2.2,6.7,14.8,16.7,18.7,13.5,13.2,14.1,5.4,00110
30,25.0,XX.0,XXX,XX,03,  Daganbhuiyan Upazila,278,3.6,5.8,11.2,18.0,18.3,17.3,11.2,14.7,5.4,00110
30,25.0,12.0,XXX,XX,03,  Daganbhuiyan Union,26,7.7,0.0,19.2,23.1,0.0,15.4,7.7,26.9,5.7,00110
30,25.0,38.0,XXX,XX,03,  Jailashkara Union,252,3.2,6.3,10.3,17.5,20.2,17.5,11.5,13.5,5.3,00110
30,41.0,XX.0,XXX,XX,03,  Fulgazi Upazila,887,2.1,7.1,15.0,23.8,20.7,12.7,7.0,11.5,5.0,00110
30,41.0,67.0,XXX,XX,03,  Fulgazi Union,887,2.1,7.1,15.0,23.8,20.7,12.7,7.0,11.5,5.0,00110
30,94.0,XX.0,XXX,XX,03,  Sonagazi Upazila,148,3.4,3.4,14.2,20.3,20.3,11.5,10.1,16.9,5.6,00110
30,94.0,66.0,XXX,XX,03,  Matiganj Union,148,3.4,3.4,14.2,20.3,20.3,11.5,10.1,16.9,5.6,00110
75,XX.0,XX.0,XXX,XX,03, Noakhali Zila,25155,1.8,6.2,13.2,19.7,20.0,15.5,10.1,13.5,5.2,00110
75,7.0,XX.0,XXX,XX,03,  Begumganj Upazila,9484,1.6,5.5,11.2,17.2,19.9,16.2,11.3,17.0,5.5,00110
75,7.0,49.0,XXX,XX,03,  Narottampur Union,3178,1.7,4.9,10.1,15.7,19.3,16.5,12.1,19.8,5.7,00110
75,7.0,52.0,XXX,XX,03,  Hajipur Union,3569,1.4,5.8,11.2,17.2,20.1,17.1,11.5,15.7,5.4,00110
75,7.0,70.0,XXX,XX,03,  Mir Warishpur Union,2737,1.9,5.8,12.4,19.0,20.4,14.8,10.1,15.6,5.4,00110
75,36.0,XX.0,XXX,XX,03,  Hatiya Upazila,8565,2.0,7.6,15.9,21.7,20.1,14.2,9.1,9.3,4.9,00110
75,36.0,47.0,XXX,XX,03,  Harni Union,7492,2.1,7.8,16.4,21.8,20.5,14.2,8.5,8.7,4.8,00110
75,36.0,76.0,XXX,XX,03,  Sonadia Union,1073,1.2,6.3,12.7,21.2,17.5,14.7,13.2,13.0,5.2,00110
75,80.0,XX.0,XXX,XX,03,  Senbagh Upazila,1495,2.7,6.1,14.4,21.3,17.5,17.9,7.6,12.6,5.1,00110
75,80.0,13.0,XXX,XX,03,  Arjuntala Union,317,5.0,7.9,12.9,22.1,17.4,17.0,7.6,10.1,4.8,00110
75,80.0,57.0,XXX,XX,03,  Kadra Union,1178,2.0,5.6,14.8,21.1,17.6,18.1,7.6,13.2,5.2,00110
75,85.0,XX.0,XXX,XX,03,  Subarnachar Upazila,1199,1.5,5.5,13.2,18.5,17.5,14.3,11.8,17.7,5.5,00110
75,85.0,36.0,XXX,XX,03,  Char Jubille Union,1199,1.5,5.5,13.2,18.5,17.5,14.3,11.8,17.7,5.5,00110
75,87.0,XX.0,XXX,XX,03,  Noakhali Sadar Upazila,4412,1.7,5.2,12.0,20.9,21.4,15.9,10.0,13.0,5.2,00110
75,87.0,23.0,XXX,XX,03,  Ashwadia Union,473,1.5,4.7,10.4,19.9,17.8,19.0,10.6,16.3,5.4,00110
75,87.0,25.0,XXX,XX,03,  Binodpur Union,505,1.8,6.1,14.1,25.3,21.8,13.5,7.5,9.9,4.9,00110
75,87.0,40.0,XXX,XX,03,  Char Matua Union,203,1.5,9.4,13.3,21.7,15.8,15.8,8.9,13.8,5.0,00110
75,87.0,60.0,XXX,XX,03,  Kadir Hanif Union,2563,1.5,4.4,12.2,20.6,22.6,16.2,10.3,12.3,5.2,00110
75,87.0,80.0,XXX,XX,03,  Noakhali Union,668,2.5,6.6,10.6,19.2,20.8,14.4,10.3,15.6,5.3,00110
29,XX.0,XX.0,XXX,XX,03, Faridpur Zila,17142,3.5,10.0,20.4,24.8,19.1,11.1,5.8,5.4,4.4,00110
29,3.0,XX.0,XXX,XX,03,  Alfadanga Upazila,1647,4.2,11.6,23.9,27.7,15.8,8.9,3.9,3.9,4.1,00110
29,3.0,10.0,XXX,XX,03,  Alfadanga Union,1145,4.1,12.8,23.3,29.9,15.5,7.8,3.3,3.2,3.9,00110
29,3.0,31.0,XXX,XX,03,  Buraich Union,502,4.4,8.8,25.3,22.9,16.5,11.4,5.4,5.4,4.3,00110
29,10.0,XX.0,XXX,XX,03,  Bhanga Upazila,2663,3.2,8.9,15.8,23.5,21.4,13.3,6.3,7.6,4.6,00110
29,10.0,13.0,XXX,XX,03,  Algi Union,1430,2.9,7.9,15.0,21.3,22.2,14.5,6.7,9.6,4.8,00110
29,10.0,25.0,XXX,XX,03,  Chumordi Union,1233,3.6,10.1,16.7,26.2,20.5,11.8,5.8,5.3,4.4,00110
29,21.0,XX.0,XXX,XX,03,  Char Bhadrasan Upazila,5236,3.1,10.8,20.9,24.1,19.3,10.9,5.7,5.2,4.3,00110
29,21.0,19.0,XXX,XX,03,  Char Bhadrasan Union,5236,3.1,10.8,20.9,24.1,19.3,10.9,5.7,5.2,4.3,00110
29,47.0,XX.0,XXX,XX,03,  Faridpur Sadar Upazila,190,1.1,11.6,21.1,26.3,25.3,8.4,3.7,2.6,4.2,00110
29,47.0,15.0,XXX,XX,03,  Ambikapur Union,190,1.1,11.6,21.1,26.3,25.3,8.4,3.7,2.6,4.2,00110
29,56.0,XX.0,XXX,XX,03,  Madhukhali Upazila,3267,5.5,10.8,23.8,26.4,17.1,8.9,4.2,3.3,4.0,00110
29,56.0,52.0,XXX,XX,03,  Madhukhali Union,2259,6.2,10.4,23.4,26.7,17.4,8.5,4.3,3.2,4.0,00110
29,56.0,73.0,XXX,XX,03,  Noapara Union,1008,4.2,11.7,24.8,25.6,16.5,9.8,3.9,3.6,4.1,00110
29,62.0,XX.0,XXX,XX,03,  Nagarkanda Upazila,830,1.8,7.5,17.6,23.5,20.1,13.0,10.4,6.1,4.7,00110
29,62.0,55.0,XXX,XX,03,  Laskardia Union,830,1.8,7.5,17.6,23.5,20.1,13.0,10.4,6.1,4.7,00110
29,84.0,XX.0,XXX,XX,03,  Sadarpur Upazila,1328,3.5,9.6,20.9,27.0,20.3,10.4,4.1,4.2,4.3,00110
29,84.0,85.0,XXX,XX,03,  Sadarpur Union,1328,3.5,9.6,20.9,27.0,20.3,10.4,4.1,4.2,4.3,00110
29,90.0,XX.0,XXX,XX,03,  Saltha Upazila,1981,1.5,7.7,17.4,21.9,19.9,14.4,8.7,8.5,4.8,00110
29,90.0,16.0,XXX,XX,03,  Bhawal Union,1096,1.1,7.1,17.2,20.7,19.8,15.5,9.5,9.1,4.9,00110
29,90.0,78.0,XXX,XX,03,  Ramkantapur Union,885,2.0,8.4,17.7,23.3,20.0,13.1,7.8,7.7,4.7,00110
72,XX.0,XX.0,XXX,XX,03, Netrakona Zila,13757,3.5,9.5,17.1,23.6,19.4,12.8,6.8,7.3,4.6,00110
72,4.0,XX.0,XXX,XX,03,  Atpara Upazila,2083,3.2,10.0,16.9,22.2,19.9,12.9,7.1,7.9,4.6,00110
72,4.0,11.0,XXX,XX,03,  Baniajan Union,2083,3.2,10.0,16.9,22.2,19.9,12.9,7.1,7.9,4.6,00110
72,9.0,XX.0,XXX,XX,03,  Barhatta Upazila,1750,3.4,9.6,18.1,25.4,19.9,11.7,5.4,6.6,4.5,00110
72,9.0,23.0,XXX,XX,03,  Barhatta Union,1750,3.4,9.6,18.1,25.4,19.9,11.7,5.4,6.6,4.5,00110
72,18.0,XX.0,XXX,XX,03,  Durgapur Upazila,523,4.2,10.5,17.0,22.9,19.3,12.8,8.2,5.0,4.4,00110
72,18.0,51.0,XXX,XX,03,  Durgapur Union,523,4.2,10.5,17.0,22.9,19.3,12.8,8.2,5.0,4.4,00110
72,38.0,XX.0,XXX,XX,03,  Khaliajuri Upazila,1238,3.2,10.7,15.3,19.8,19.6,12.8,9.2,9.2,4.8,00110
72,38.0,40.0,XXX,XX,03,  Khaliajuri Union,1238,3.2,10.7,15.3,19.8,19.6,12.8,9.2,9.2,4.8,00110
72,40.0,XX.0,XXX,XX,03,  Kalmakanda Upazila,2989,3.1,8.9,16.6,23.4,19.2,12.2,7.4,9.3,4.7,00110
72,40.0,35.0,XXX,XX,03,  Kalmakanda Union,2989,3.1,8.9,16.6,23.4,19.2,12.2,7.4,9.3,4.7,00110
72,56.0,XX.0,XXX,XX,03,  Madan Upazila,306,2.9,7.8,14.4,25.8,20.6,15.0,7.8,5.6,4.6,00110
72,56.0,52.0,XXX,XX,03,  Madan Union,306,2.9,7.8,14.4,25.8,20.6,15.0,7.8,5.6,4.6,00110
72,83.0,XX.0,XXX,XX,03,  Purbadhala Upazila,4868,3.8,9.3,17.7,24.7,19.0,13.2,6.1,6.0,4.5,00110
72,83.0,71.0,XXX,XX,03,  Jaria Union,2073,2.7,8.4,17.0,23.8,20.1,14.5,6.7,6.8,4.6,00110
72,83.0,94.0,XXX,XX,03,  Purbadhala Union,2795,4.6,10.0,18.2,25.4,18.3,12.3,5.7,5.5,4.3,00110
39,XX.0,XX.0,XXX,XX,03, Jamalpur Zila,12517,5.1,12.2,20.6,25.6,18.7,9.6,4.2,4.0,4.1,00110
39,7.0,XX.0,XXX,XX,03,  Bakshiganj Upazila,6680,4.7,10.8,19.3,24.9,19.8,10.6,5.0,4.9,4.3,00110
39,7.0,23.0,XXX,XX,03,  Bakshiganj Union,6680,4.7,10.8,19.3,24.9,19.8,10.6,5.0,4.9,4.3,00110
39,15.0,XX.0,XXX,XX,03,  Dewanganj Upazila,2264,7.1,15.2,23.1,24.4,17.0,8.3,2.6,2.2,3.8,00110
39,15.0,36.0,XXX,XX,03,  Chikajani Union,732,6.6,14.2,22.0,25.1,17.1,10.4,3.1,1.5,3.8,00110
39,15.0,43.0,XXX,XX,03,  Chukaibari Union,1532,7.4,15.7,23.7,24.1,17.0,7.2,2.3,2.5,3.7,00110
39,36.0,XX.0,XXX,XX,03,  Jamalpur Sadar Upazila,1774,1.5,11.7,21.8,29.9,18.0,9.2,3.9,3.9,4.2,00110
39,36.0,59.0,XXX,XX,03,  Ranagachha Union,1774,1.5,11.7,21.8,29.9,18.0,9.2,3.9,3.9,4.2,00110
39,61.0,XX.0,XXX,XX,03,  Melandaha Upazila,1282,7.3,14.4,20.9,25.9,18.3,7.4,3.0,2.9,3.9,00110
39,61.0,85.0,XXX,XX,03,  Nangla Union,1282,7.3,14.4,20.9,25.9,18.3,7.4,3.0,2.9,3.9,00110
39,85.0,XX.0,XXX,XX,03,  Sarishabari Upazila,517,7.4,13.9,21.3,25.7,15.3,8.5,4.6,3.3,3.9,00110
39,85.0,21.0,XXX,XX,03,  Bhatara Union,517,7.4,13.9,21.3,25.7,15.3,8.5,4.6,3.3,3.9,00110
59,XX.0,XX.0,XXX,XX,03, Munshiganj Zila,14978,3.4,10.1,19.5,25.4,18.3,9.7,5.3,8.3,4.5,00110
59,24.0,XX.0,XXX,XX,03,  Gazaria Upazila,1427,2.9,8.4,18.6,27.7,19.6,12.4,4.6,5.7,4.4,00110
59,24.0,42.0,XXX,XX,03,  Gazaria Union,924,3.0,9.4,19.2,28.0,19.5,10.8,4.9,5.2,4.3,00110
59,24.0,73.0,XXX,XX,03,  Imampur Union,503,2.6,6.6,17.7,27.0,19.9,15.3,4.2,6.8,4.6,00110
59,44.0,XX.0,XXX,XX,03,  Lohajang Upazila,1230,8.2,12.6,20.0,25.4,16.8,9.3,4.4,3.3,4.0,00110
59,44.0,13.0,XXX,XX,03,  Bejgaon Union,283,5.3,14.8,18.0,25.1,18.0,9.5,4.6,4.6,4.2,00110
59,44.0,94.0,XXX,XX,03,  Lohajang Teotia Union,947,9.1,11.9,20.6,25.4,16.5,9.2,4.3,3.0,3.9,00110
59,56.0,XX.0,XXX,XX,03,  Munshiganj Sadar Upazila,4452,1.9,8.4,17.4,23.0,17.3,10.1,6.6,15.3,5.0,00110
59,56.0,76.0,XXX,XX,03,  Panchasar Union,3752,1.7,8.5,17.5,22.3,16.4,10.0,6.6,17.0,5.1,00110
59,56.0,85.0,XXX,XX,03,  Rampal Union,700,3.0,7.4,16.6,27.3,22.6,10.4,6.4,6.3,4.6,00110
59,74.0,XX.0,XXX,XX,03,  Serajdikhan Upazila,875,2.4,10.4,22.1,28.1,20.8,8.9,3.8,3.5,4.2,00110
59,74.0,88.0,XXX,XX,03,  Rasunia Union,875,2.4,10.4,22.1,28.1,20.8,8.9,3.8,3.5,4.2,00110
59,84.0,XX.0,XXX,XX,03,  Sreenagar Upazila,3310,5.0,12.3,21.6,26.6,16.7,7.9,4.3,5.6,4.2,00110
59,84.0,74.0,XXX,XX,03,  Sreenagar Union,3310,5.0,12.3,21.6,26.6,16.7,7.9,4.3,5.6,4.2,00110
59,94.0,XX.0,XXX,XX,03,  Tongibari Upazila,3684,2.5,10.1,19.7,25.8,20.2,10.2,5.4,6.2,4.4,00110
59,94.0,39.0,XXX,XX,03,  Dhipur Union,889,1.2,7.5,16.9,25.5,20.2,14.2,5.5,8.9,4.8,00110
59,94.0,94.0,XXX,XX,03,  Sonarang Tongibari Union,2795,2.9,10.9,20.6,25.9,20.2,8.9,5.4,5.3,4.3,00110
35,XX.0,XX.0,XXX,XX,03, Gopalganj Zila,8786,3.0,8.3,16.5,22.6,19.7,13.4,8.3,8.3,4.7,00110
35,32.0,XX.0,XXX,XX,03,  Gopalganj Sadar Upazila,535,3.6,11.4,17.4,25.4,16.8,13.6,7.3,4.5,4.4,00110
35,32.0,21.0,XXX,XX,03,  Gobra Union,268,0.0,8.6,14.9,28.7,20.1,16.4,7.5,3.7,4.6,00110
35,32.0,38.0,XXX,XX,03,  Jalalabad Union,267,7.1,14.2,19.9,22.1,13.5,10.9,7.1,5.2,4.1,00110
35,43.0,XX.0,XXX,XX,03,  Kashiani Upazila,1318,5.2,13.7,21.5,27.4,15.6,7.7,4.2,4.9,4.0,00110
35,43.0,27.0,XXX,XX,03,  Kashiani Union,1318,5.2,13.7,21.5,27.4,15.6,7.7,4.2,4.9,4.0,00110
35,51.0,XX.0,XXX,XX,03,  Kotalipara Upazila,1213,2.2,6.5,14.8,22.0,21.5,13.7,9.2,10.1,5.0,00110
35,51.0,23.0,XXX,XX,03,  Ghagar Union,1213,2.2,6.5,14.8,22.0,21.5,13.7,9.2,10.1,5.0,00110
35,91.0,XX.0,XXX,XX,03,  Tungipara Upazila,5720,2.6,7.1,15.6,21.3,20.5,14.6,9.2,9.1,4.8,00110
35,91.0,66.0,XXX,XX,03,  Kushli Union,257,2.3,7.4,13.2,20.2,19.5,14.8,10.5,12.1,5.0,00110
35,91.0,76.0,XXX,XX,03,  Patgati Display Memory Union,5463,2.6,7.1,15.7,21.3,20.6,14.6,9.1,8.9,4.8,00110
82,XX.0,XX.0,XXX,XX,03, Rajbari Zila,7159,2.8,8.9,19.2,26.6,20.0,11.2,5.0,6.3,4.4,00110
82,7.0,XX.0,XXX,XX,03,  Baliakandi Upazila,2259,3.8,9.1,20.5,28.0,18.0,10.4,4.2,6.1,4.3,00110
82,7.0,17.0,XXX,XX,03,  Baharpur Union,657,3.5,9.1,19.0,29.5,17.0,10.7,5.0,6.1,4.4,00110
82,7.0,19.0,XXX,XX,03,  Baliakandi Union,1602,3.9,9.1,21.0,27.4,18.4,10.3,3.9,6.1,4.3,00110
82,29.0,XX.0,XXX,XX,03,  Goalanda Upazila,2560,2.0,9.5,18.0,25.3,22.1,11.7,5.3,6.2,4.5,00110
82,29.0,19.0,XXX,XX,03,  Chhota Bhakla Union,1085,1.8,11.2,21.8,24.5,20.8,9.7,5.4,4.8,4.3,00110
82,29.0,76.0,XXX,XX,03,  Ujan Char Union,1475,2.1,8.2,15.3,25.9,23.0,13.2,5.2,7.2,4.6,00110
82,47.0,XX.0,XXX,XX,03,  Kalukhali Upazila,965,4.0,10.1,20.3,25.3,18.4,10.7,5.2,6.0,4.3,00110
82,47.0,30.0,XXX,XX,03,  Kalikapur Union,303,4.0,9.6,21.8,25.4,19.1,9.9,5.6,4.6,4.3,00110
82,47.0,85.0,XXX,XX,03,  Ratandia Union,662,4.1,10.3,19.6,25.2,18.1,11.0,5.0,6.6,4.4,00110
82,73.0,XX.0,XXX,XX,03,  Pangsha Upazila,855,1.5,7.5,19.3,27.4,22.0,11.7,4.9,5.7,4.5,00110
82,73.0,25.0,XXX,XX,03,  Jashai Union,764,1.7,7.6,18.6,27.2,22.0,11.9,4.8,6.2,4.5,00110
82,73.0,75.0,XXX,XX,03,  Babupara Union,91,0.0,6.6,25.3,28.6,22.0,9.9,5.5,2.2,4.3,00110
82,76.0,XX.0,XXX,XX,03,  Rajbari Sadar Upazila,520,1.9,5.4,17.7,28.5,18.1,13.1,6.5,8.8,4.8,00110
82,76.0,36.0,XXX,XX,03,  Dadshi Union,499,2.0,5.2,17.0,28.9,18.8,12.6,6.4,9.0,4.8,00110
82,76.0,51.0,XXX,XX,03,  Mizanpur Union,21,0.0,9.5,33.3,19.0,0.0,23.8,9.5,4.8,4.4,00110
61,XX.0,XX.0,XXX,XX,03, Mymensingh Zila,52847,2.9,10.2,18.6,23.6,19.2,12.2,6.3,6.8,4.5,00110
61,13.0,XX.0,XXX,XX,03,  Bhaluka Upazila,5559,3.4,14.4,22.3,25.7,17.0,8.9,4.3,4.1,4.1,00110
61,13.0,14.0,XXX,XX,03,  Bhaluka Union,416,5.0,14.2,20.9,28.1,16.3,9.9,3.4,2.2,3.9,00110
61,13.0,69.0,XXX,XX,03,  Mallikbari Union,5143,3.2,14.5,22.4,25.5,17.0,8.8,4.3,4.2,4.1,00110
61,16.0,XX.0,XXX,XX,03,  Dhobaura Upazila,1590,4.2,10.9,20.4,24.2,18.3,12.2,4.6,5.3,4.3,00110
61,16.0,36.0,XXX,XX,03,  Dhobaura Union,1590,4.2,10.9,20.4,24.2,18.3,12.2,4.6,5.3,4.3,00110
61,20.0,XX.0,XXX,XX,03,  Fulbaria Upazila,4504,5.0,11.3,18.6,22.1,18.9,12.7,5.6,5.8,4.3,00110
61,20.0,17.0,XXX,XX,03,  Bakta Union,410,6.1,10.7,18.5,20.0,20.0,13.9,5.4,5.4,4.3,00110
61,20.0,47.0,XXX,XX,03,  Fulbaria Union,4094,4.9,11.3,18.6,22.3,18.8,12.5,5.7,5.8,4.3,00110
61,22.0,XX.0,XXX,XX,03,  Gaffargaon Upazila,2893,2.3,10.4,17.0,22.8,19.8,13.0,7.0,7.6,4.6,00110
61,22.0,82.0,XXX,XX,03,  Saltia Union,2893,2.3,10.4,17.0,22.8,19.8,13.0,7.0,7.6,4.6,00110
61,24.0,XX.0,XXX,XX,03,  Haluaghat Upazila,2634,4.6,10.1,20.0,25.5,18.3,10.7,5.4,5.4,4.3,00110
61,24.0,61.0,XXX,XX,03,  Haluaghat Union,2634,4.6,10.1,20.0,25.5,18.3,10.7,5.4,5.4,4.3,00110
61,31.0,XX.0,XXX,XX,03,  Ishwarganj Upazila,1151,0.8,7.4,17.5,21.1,21.7,14.2,7.8,9.6,4.9,00110
61,31.0,40.0,XXX,XX,03,  Ishwarganj Union,1151,0.8,7.4,17.5,21.1,21.7,14.2,7.8,9.6,4.9,00110
61,52.0,XX.0,XXX,XX,03,  Mymensingh Sadar Upazila,27663,2.3,9.1,18.2,24.0,19.8,12.4,6.6,7.5,4.6,00110
61,52.0,23.0,XXX,XX,03,  Akua Union,10628,2.2,8.9,19.1,25.6,19.2,11.7,6.2,7.1,4.5,00110
61,52.0,27.0,XXX,XX,03,  Baira (Kewatkhali) Union,5452,1.8,8.8,17.0,23.6,20.5,12.5,7.1,8.7,4.7,00110
61,52.0,33.0,XXX,XX,03,  Char Ishwardia Union,7124,2.6,8.5,17.7,22.0,20.6,13.4,7.4,7.8,4.7,00110
61,52.0,40.0,XXX,XX,03,  Char Nilakshmia Union,2571,2.5,11.1,17.5,23.4,20.3,12.6,5.9,6.8,4.5,00110
61,52.0,67.0,XXX,XX,03,  Khagdahar Union,1888,3.4,10.2,19.5,24.7,17.9,12.2,6.0,5.9,4.4,00110
61,72.0,XX.0,XXX,XX,03,  Nandail Upazila,2217,3.8,11.3,15.7,22.1,19.4,14.1,6.4,7.2,4.5,00110
61,72.0,13.0,XXX,XX,03,  Achargaon Union,2206,3.8,11.3,15.7,22.1,19.4,14.1,6.4,7.2,4.5,00110
61,72.0,23.0,XXX,XX,03,  Chandipasha Union,11,0.0,9.1,27.3,18.2,18.2,9.1,9.1,9.1,4.5,00110
61,94.0,XX.0,XXX,XX,03,  Trishal Upazila,4636,3.2,10.8,17.8,21.0,18.4,14.0,7.6,7.3,4.5,00110
61,94.0,66.0,XXX,XX,03,  Rampur Union,4636,3.2,10.8,17.8,21.0,18.4,14.0,7.6,7.3,4.5,00110
67,XX.0,XX.0,XXX,XX,03, Narayanganj Zila,10122,2.7,8.5,18.9,26.8,19.7,11.4,5.7,6.2,4.5,00110
67,2.0,XX.0,XXX,XX,03,  Araihazar Upazila,2997,1.9,7.8,16.2,25.2,21.3,13.0,7.0,7.5,4.7,00110
67,2.0,23.0,XXX,XX,03,  Araihazar Union,979,2.3,8.0,20.4,27.4,20.9,11.1,4.5,5.3,4.4,00110
67,2.0,87.0,XXX,XX,03,  Satgram Union,2018,1.7,7.8,14.2,24.1,21.4,14.0,8.3,8.6,4.8,00110
67,68.0,XX.0,XXX,XX,03,  Rupganj Upazila,7125,3.1,8.8,20.0,27.5,19.0,10.7,5.2,5.6,4.4,00110
67,68.0,63.0,XXX,XX,03,  Mura Para Union,5206,3.5,9.6,20.7,27.3,18.1,10.6,5.0,5.2,4.3,00110
67,68.0,79.0,XXX,XX,03,  Rupganj Union,1919,2.0,6.6,18.2,28.2,21.5,10.8,5.8,6.8,4.6,00110
33,XX.0,XX.0,XXX,XX,03, Gazipur Zila,4602,3.8,14.3,23.9,26.4,15.8,8.0,3.3,4.5,4.0,00110
33,32.0,XX.0,XXX,XX,03,  Kaliakair Upazila,1592,3.7,18.5,24.5,25.9,13.3,6.1,3.0,5.0,3.9,00110
33,32.0,66.0,XXX,XX,03,  Mouchak Union,1011,3.6,21.4,28.1,25.9,12.9,4.7,1.9,1.6,3.5,00110
33,32.0,76.0,XXX,XX,03,  Sreefaltali Union,581,4.0,13.4,18.2,26.0,14.1,8.4,5.0,10.8,4.5,00110
33,36.0,XX.0,XXX,XX,03,  Kapasia Upazila,3010,3.9,12.1,23.6,26.6,17.1,9.0,3.5,4.3,4.1,00110
33,36.0,43.0,XXX,XX,03,  Kapasia Union,3010,3.9,12.1,23.6,26.6,17.1,9.0,3.5,4.3,4.1,00110
56,XX.0,XX.0,XXX,XX,03, Manikganj Zila,7306,5.5,13.3,21.2,27.5,16.4,8.1,4.0,4.1,4.0,00110
56,10.0,XX.0,XXX,XX,03,  Daulatpur Upazila,1738,6.3,14.4,20.7,26.1,16.4,8.4,3.9,3.9,4.0,00110
56,10.0,28.0,XXX,XX,03,  Chak Mirpur Union,1738,6.3,14.4,20.7,26.1,16.4,8.4,3.9,3.9,4.0,00110
56,22.0,XX.0,XXX,XX,03,  Ghior Upazila,1549,3.0,11.0,21.0,30.2,17.7,8.0,3.9,5.2,4.2,00110
56,22.0,47.0,XXX,XX,03,  Ghior Union,1549,3.0,11.0,21.0,30.2,17.7,8.0,3.9,5.2,4.2,00110
56,28.0,XX.0,XXX,XX,03,  Harirampur Upazila,560,8.9,16.8,20.7,22.5,15.5,9.8,2.9,2.9,3.8,00110
56,28.0,29.0,XXX,XX,03,  Boyra Union,560,8.9,16.8,20.7,22.5,15.5,9.8,2.9,2.9,3.8,00110
56,46.0,XX.0,XXX,XX,03,  Manikganj Sadar Upazila,96,5.2,16.7,16.7,22.9,18.8,4.2,8.3,7.3,4.3,00110
56,46.0,87.0,XXX,XX,03,  Nabagram Union,96,5.2,16.7,16.7,22.9,18.8,4.2,8.3,7.3,4.3,00110
56,70.0,XX.0,XXX,XX,03,  Saturia Upazila,2043,5.3,12.3,22.3,27.5,16.0,7.9,4.5,4.3,4.1,00110
56,70.0,19.0,XXX,XX,03,  Baliati Union,887,6.2,13.5,22.7,29.5,14.7,7.8,2.6,3.0,3.9,00110
56,70.0,85.0,XXX,XX,03,  Saturia Union,1156,4.6,11.4,22.0,25.9,17.0,8.0,5.9,5.3,4.2,00110
56,78.0,XX.0,XXX,XX,03,  Shibalaya Upazila,1320,6.4,14.1,21.1,28.4,15.5,7.5,3.9,3.0,3.9,00110
56,78.0,71.0,XXX,XX,03,  Ulail Union,1320,6.4,14.1,21.1,28.4,15.5,7.5,3.9,3.0,3.9,00110
26,XX.0,XX.0,XXX,XX,03, Dhaka Zila,434660,3.4,13.4,22.4,25.3,17.1,9.0,4.4,4.9,4.1,00110
26,4.0,XX.0,XXX,XX,03,  Badda Thana,78398,3.1,14.9,23.0,24.7,16.4,8.7,4.3,4.8,4.1,00110
26,6.0,XX.0,XXX,XX,03,  Biman Bandar Thana,1224,5.5,9.1,17.2,28.7,21.0,10.0,4.3,4.3,4.2,00110
26,10.0,XX.0,XXX,XX,03,  Dakshinkhan Thana,61310,3.7,16.0,23.2,24.9,15.9,8.0,3.9,4.3,4.0,00110
26,12.0,XX.0,XXX,XX,03,  Demra Thana,51645,3.8,11.8,21.4,25.6,17.8,9.6,4.8,5.2,4.2,00110
26,14.0,XX.0,XXX,XX,03,  Dhamrai Upazila,941,2.9,9.6,22.7,28.2,17.3,9.6,3.8,6.0,4.3,00110
26,14.0,35.0,XXX,XX,03,  Dhamrai Union,941,2.9,9.6,22.7,28.2,17.3,9.6,3.8,6.0,4.3,00110
26,29.0,XX.0,XXX,XX,03,  Jatrabari Thana,58539,3.3,11.0,21.7,26.7,18.2,9.4,4.6,5.2,4.2,00110
26,32.0,XX.0,XXX,XX,03,  Kadamtali Thana,60654,3.3,12.4,22.1,25.6,17.7,9.3,4.5,5.0,4.2,00110
26,34.0,XX.0,XXX,XX,03,  Kamrangir Char Thana,21144,2.6,11.1,22.7,25.5,17.9,9.7,5.1,5.3,4.3,00110
26,36.0,XX.0,XXX,XX,03,  Khilgaon Thana,13299,3.3,11.6,21.0,24.8,18.6,10.2,4.9,5.7,4.3,00110
26,37.0,XX.0,XXX,XX,03,  Khilkhet Thana,6048,3.1,9.4,20.4,25.7,19.6,10.1,5.1,6.6,4.4,00110
26,62.0,XX.0,XXX,XX,03,  Nawabganj Upazila,3752,3.8,10.8,23.2,28.0,16.0,7.9,4.6,5.8,4.2,00110
26,62.0,13.0,XXX,XX,03,  Bakshanagar Union,178,2.2,11.2,22.5,24.2,20.8,10.7,4.5,3.9,4.2,00110
26,62.0,74.0,XXX,XX,03,  Kalakopa Union,3574,3.8,10.8,23.3,28.1,15.8,7.7,4.6,5.9,4.2,00110
26,68.0,XX.0,XXX,XX,03,  Sabujbagh Thana,22837,2.7,14.1,24.2,25.9,16.8,8.2,4.1,4.1,4.1,00110
26,93.0,XX.0,XXX,XX,03,  Turag Thana,36860,4.6,17.2,22.8,22.9,15.5,8.4,3.8,4.8,4.0,00110
26,96.0,XX.0,XXX,XX,03,  Uttar Khan Thana,18009,2.9,12.5,21.3,25.8,17.1,9.4,5.1,5.9,4.3,00110
86,XX.0,XX.0,XXX,XX,03, Shariatpur Zila,3214,4.4,8.6,16.6,23.7,20.5,12.4,6.3,7.5,4.6,00110
86,14.0,XX.0,XXX,XX,03,  Bhedarganj Upazila,204,1.5,6.4,13.2,20.6,24.0,16.7,8.8,8.8,5.0,00110
86,14.0,77.0,XXX,XX,03,  Rambhadrapur Union,204,1.5,6.4,13.2,20.6,24.0,16.7,8.8,8.8,5.0,00110
86,25.0,XX.0,XXX,XX,03,  Damudya Upazila,689,5.7,10.2,18.1,21.8,21.6,9.9,5.5,7.3,4.4,00110
86,25.0,23.0,XXX,XX,03,  Darul Aman Union,689,5.7,10.2,18.1,21.8,21.6,9.9,5.5,7.3,4.4,00110
86,36.0,XX.0,XXX,XX,03,  Gosairhat Upazila,2321,4.2,8.3,16.5,24.6,19.9,12.7,6.3,7.5,4.6,00110
86,36.0,35.0,XXX,XX,03,  Idilpur Union,2321,4.2,8.3,16.5,24.6,19.9,12.7,6.3,7.5,4.6,00110
54,XX.0,XX.0,XXX,XX,03, Madaripur Zila,6329,2.2,7.6,17.3,25.2,21.8,12.9,6.5,6.5,4.6,00110
54,80.0,XX.0,XXX,XX,03,  Rajoir Upazila,4594,2.0,7.4,17.3,25.8,21.7,12.8,6.6,6.4,4.6,00110
54,80.0,95.0,XXX,XX,03,  Rajoir Union,4594,2.0,7.4,17.3,25.8,21.7,12.8,6.6,6.4,4.6,00110
54,87.0,XX.0,XXX,XX,03,  Shib Char Upazila,1735,2.8,8.3,17.3,23.5,22.0,12.9,6.2,6.9,4.6,00110
54,87.0,18.0,XXX,XX,03,  Bayratala Uttar Union,1538,3.0,8.2,17.4,23.1,22.4,12.9,6.0,7.0,4.6,00110
54,87.0,42.0,XXX,XX,03,  Ditiyakhanda Union,197,1.0,9.1,17.3,26.9,18.8,13.2,7.6,6.1,4.6,00110
93,XX.0,XX.0,XXX,XX,03, Tangail Zila,18199,4.1,13.5,22.6,27.0,16.6,8.0,3.9,4.2,4.0,00110
93,9.0,XX.0,XXX,XX,03,  Basail Upazila,3142,2.2,10.5,21.8,29.2,18.4,8.4,4.9,4.6,4.3,00110
93,9.0,11.0,XXX,XX,03,  Basail Union,3142,2.2,10.5,21.8,29.2,18.4,8.4,4.9,4.6,4.3,00110
93,23.0,XX.0,XXX,XX,03,  Delduar Upazila,3387,4.6,13.1,19.4,27.0,17.0,10.0,4.1,4.8,4.1,00110
93,23.0,23.0,XXX,XX,03,  Delduar Union,3387,4.6,13.1,19.4,27.0,17.0,10.0,4.1,4.8,4.1,00110
93,47.0,XX.0,XXX,XX,03,  Kalihati Upazila,622,4.2,14.0,22.0,30.5,16.7,5.5,3.9,3.2,4.0,00110
93,47.0,58.0,XXX,XX,03,  Kok Dahara Union,622,4.2,14.0,22.0,30.5,16.7,5.5,3.9,3.2,4.0,00110
93,57.0,XX.0,XXX,XX,03,  Madhupur Upazila,2208,5.4,14.1,22.4,27.8,17.1,7.6,3.5,2.2,3.9,00110
93,57.0,21.0,XXX,XX,03,  Alokdia Union,2208,5.4,14.1,22.4,27.8,17.1,7.6,3.5,2.2,3.9,00110
93,66.0,XX.0,XXX,XX,03,  Mirzapur Upazila,1495,2.4,10.8,20.5,24.1,17.6,10.5,5.7,8.4,4.6,00110
93,66.0,36.0,XXX,XX,03,  Bhaora Union,963,3.1,10.9,19.4,23.2,18.6,10.3,5.5,9.0,4.6,00110
93,66.0,39.0,XXX,XX,03,  Bhatgram Union,103,0.0,7.8,16.5,23.3,18.4,12.6,9.7,11.7,5.1,00110
93,66.0,67.0,XXX,XX,03,  Latifpur Union,429,1.4,11.4,23.8,26.6,15.2,10.5,5.1,6.1,4.3,00110
93,76.0,XX.0,XXX,XX,03,  Nagarpur Upazila,3086,4.8,11.6,21.6,26.3,17.0,8.3,4.4,6.0,4.2,00110
93,76.0,73.0,XXX,XX,03,  Nagarpur Union,3086,4.8,11.6,21.6,26.3,17.0,8.3,4.4,6.0,4.2,00110
93,85.0,XX.0,XXX,XX,03,  Sakhipur Upazila,4259,4.8,18.0,27.2,26.0,14.1,5.7,2.4,1.9,3.6,00110
93,85.0,27.0,XXX,XX,03,  Gazaria Union,2419,5.9,20.0,29.7,24.4,12.3,4.8,1.7,1.2,3.5,00110
93,85.0,81.0,XXX,XX,03,  Kalia Union,1840,3.3,15.3,24.0,28.2,16.5,6.8,3.3,2.7,3.9,00110
48,XX.0,XX.0,XXX,XX,03, Kishoreganj Zila,17338,4.8,10.2,15.9,20.3,19.9,13.4,7.8,7.7,4.6,00110
48,2.0,XX.0,XXX,XX,03,  Austagram Upazila,3921,6.4,11.9,16.8,19.8,18.9,12.5,7.2,6.5,4.4,00110
48,2.0,23.0,XXX,XX,03,  Austagram Union,3921,6.4,11.9,16.8,19.8,18.9,12.5,7.2,6.5,4.4,00110
48,33.0,XX.0,XXX,XX,03,  Itna Upazila,4716,3.6,9.1,15.3,19.6,20.3,14.5,8.8,9.0,4.7,00110
48,33.0,43.0,XXX,XX,03,  Dhanpur Union,315,1.9,7.0,19.7,18.1,21.6,15.6,9.8,6.3,4.8,00110
48,33.0,51.0,XXX,XX,03,  Itna Union,4401,3.7,9.2,15.0,19.7,20.2,14.4,8.7,9.2,4.7,00110
48,59.0,XX.0,XXX,XX,03,  Mithamain Upazila,2503,2.9,8.9,12.7,18.9,19.9,16.1,10.1,10.7,5.0,00110
48,59.0,81.0,XXX,XX,03,  Mithamain Union,2503,2.9,8.9,12.7,18.9,19.9,16.1,10.1,10.7,5.0,00110
48,76.0,XX.0,XXX,XX,03,  Nikli Upazila,4375,5.7,11.8,17.1,21.9,20.5,11.8,6.2,4.9,4.3,00110
48,76.0,76.0,XXX,XX,03,  Nikli Union,4375,5.7,11.8,17.1,21.9,20.5,11.8,6.2,4.9,4.3,00110
48,92.0,XX.0,XXX,XX,03,  Tarail Upazila,1823,4.7,8.0,16.9,21.7,19.7,12.2,7.3,9.6,4.7,00110
48,92.0,94.0,XXX,XX,03,  Tarail Sachail Union,1823,4.7,8.0,16.9,21.7,19.7,12.2,7.3,9.6,4.7,00110
89,XX.0,XX.0,XXX,XX,03, Sherpur Zila,1377,4.5,9.6,22.6,27.7,18.7,8.3,4.4,4.1,4.1,00110
89,37.0,XX.0,XXX,XX,03,  Jhenaigati Upazila,1377,4.5,9.6,22.6,27.7,18.7,8.3,4.4,4.1,4.1,00110
89,37.0,25.0,XXX,XX,03,  Jhenaigati Union,1377,4.5,9.6,22.6,27.7,18.7,8.3,4.4,4.1,4.1,00110
68,XX.0,XX.0,XXX,XX,03, Narsingdi Zila,20149,3.4,9.5,17.5,23.3,19.9,12.4,6.6,7.4,4.6,00110
68,7.0,XX.0,XXX,XX,03,  Belabo Upazila,4530,3.8,8.8,16.8,23.7,21.1,13.9,6.4,5.6,4.5,00110
68,7.0,13.0,XXX,XX,03,  Bajnaba Union,254,4.3,7.9,19.7,19.7,21.3,15.0,5.9,6.3,4.5,00110
68,7.0,20.0,XXX,XX,03,  Belabo Union,4276,3.7,8.9,16.6,24.0,21.0,13.8,6.4,5.5,4.5,00110
68,52.0,XX.0,XXX,XX,03,  Manohardi Upazila,883,5.2,12.8,18.5,22.5,17.7,11.6,6.3,5.4,4.3,00110
68,52.0,33.0,XXX,XX,03,  Chandanbari Union,412,3.4,13.8,17.0,20.9,17.0,13.3,8.0,6.6,4.4,00110
68,52.0,67.0,XXX,XX,03,  Kanchikata Union,246,8.9,13.0,18.7,24.0,18.3,8.9,4.9,3.3,3.9,00110
68,52.0,94.0,XXX,XX,03,  Shukundi Union,225,4.4,10.7,20.9,24.0,18.2,11.1,4.9,5.8,4.3,00110
68,60.0,XX.0,XXX,XX,03,  Narsingdi Sadar Upazila,8215,3.1,9.4,17.3,22.5,19.7,11.9,6.9,9.2,4.7,00110
68,60.0,25.0,XXX,XX,03,  Chinishpur Union,110,0.9,8.2,21.8,34.5,15.5,8.2,7.3,3.6,4.3,00110
68,60.0,47.0,XXX,XX,03,  Kanthalia Union,80,1.3,7.5,12.5,26.3,28.8,13.8,5.0,5.0,4.7,00110
68,60.0,53.0,XXX,XX,03,  Nuralla Pur U/C Union,6361,3.5,10.1,17.8,22.4,19.0,11.5,6.5,9.2,4.6,00110
68,60.0,59.0,XXX,XX,03,  Mahishasura Union,1664,2.0,6.7,15.4,21.8,22.4,13.8,8.5,9.5,4.9,00110
68,63.0,XX.0,XXX,XX,03,  Palash Upazila,3154,2.4,10.4,20.3,26.2,19.0,11.2,5.5,5.0,4.3,00110
68,63.0,15.0,XXX,XX,03,  Char Sindur Union,1663,2.4,11.6,22.1,24.7,17.9,10.6,5.7,5.1,4.3,00110
68,63.0,79.0,XXX,XX,03,  Jinardi Union,1491,2.5,9.0,18.3,27.8,20.3,11.9,5.3,4.9,4.4,00110
68,64.0,XX.0,XXX,XX,03,  Roypura Upazila,2029,4.4,8.7,15.2,21.3,20.7,13.7,7.9,8.1,4.7,00110
68,64.0,14.0,XXX,XX,03,  Alipura Union,902,5.0,8.2,15.4,22.9,19.7,14.2,7.6,6.9,4.6,00110
68,64.0,74.0,XXX,XX,03,  Palashtali Union,1127,4.0,9.1,15.1,20.0,21.4,13.3,8.2,9.1,4.7,00110
68,76.0,XX.0,XXX,XX,03,  Shibpur Upazila,1338,3.8,9.8,17.8,23.3,18.9,11.6,6.0,8.8,4.6,00110
68,76.0,21.0,XXX,XX,03,  Baghaba Union,179,0.6,2.8,10.1,24.6,21.2,19.6,12.3,8.9,5.2,00110
68,76.0,73.0,XXX,XX,03,  Masimpur Union,1159,4.3,10.9,19.0,23.1,18.6,10.4,5.0,8.8,4.5,00110
33,XX.0,XX.0,XXX,XX,03, Gazipur Zila,4602,3.8,14.3,23.9,26.4,15.8,8.0,3.3,4.5,4.0,00110
33,32.0,XX.0,XXX,XX,03,  Kaliakair Upazila,1592,3.7,18.5,24.5,25.9,13.3,6.1,3.0,5.0,3.9,00110
33,32.0,66.0,XXX,XX,03,  Mouchak Union,1011,3.6,21.4,28.1,25.9,12.9,4.7,1.9,1.6,3.5,00110
33,32.0,76.0,XXX,XX,03,  Sreefaltali Union,581,4.0,13.4,18.2,26.0,14.1,8.4,5.0,10.8,4.5,00110
33,36.0,XX.0,XXX,XX,03,  Kapasia Upazila,3010,3.9,12.1,23.6,26.6,17.1,9.0,3.5,4.3,4.1,00110
33,36.0,43.0,XXX,XX,03,  Kapasia Union,3010,3.9,12.1,23.6,26.6,17.1,9.0,3.5,4.3,4.1,00110
90,XX.0,XX.0,XXX,XX,03, Sunamganj Zila,14232,2.7,7.0,12.4,17.7,18.5,14.5,11.0,16.2,5.3,00110
90,18.0,XX.0,XXX,XX,03,  Bishwambarpur Upazila,576,3.0,7.5,13.9,18.4,16.8,13.9,10.8,15.8,5.3,00110
90,18.0,77.0,XXX,XX,03,  Palash Union,576,3.0,7.5,13.9,18.4,16.8,13.9,10.8,15.8,5.3,00110
90,23.0,XX.0,XXX,XX,03,  Chhatak Upazila,1103,1.3,5.2,12.0,16.3,16.2,16.1,13.0,19.9,5.7,00110
90,23.0,13.0,XXX,XX,03,  Chhatak Union,20,0.0,0.0,15.0,5.0,10.0,25.0,10.0,35.0,6.7,00110
90,23.0,47.0,XXX,XX,03,  Dakshin Islampur Union,676,1.9,5.5,11.1,17.2,17.2,14.6,13.3,19.2,5.6,00110
90,23.0,76.0,XXX,XX,03,  Noarai Union,407,0.2,4.9,13.3,15.5,15.0,18.2,12.5,20.4,5.8,00110
90,27.0,XX.0,XXX,XX,03,  Dakshin Sunamganj Upazila,928,2.0,8.1,12.1,14.8,14.9,15.8,13.0,19.3,5.6,00110
90,27.0,33.0,XXX,XX,03,  Joykalas Union,928,2.0,8.1,12.1,14.8,14.9,15.8,13.0,19.3,5.6,00110
90,29.0,XX.0,XXX,XX,03,  Derai Upazila,1442,2.1,6.1,10.8,17.2,19.1,15.5,12.2,17.0,5.5,00110
90,29.0,28.0,XXX,XX,03,  Derai Sarmangal Union,337,1.5,5.3,13.6,19.0,19.0,14.5,13.9,13.1,5.2,00110
90,29.0,47.0,XXX,XX,03,  Karimpur Union,1105,2.3,6.3,10.0,16.7,19.1,15.8,11.7,18.2,5.6,00110
90,32.0,XX.0,XXX,XX,03,  Dharampasha Upazila,2275,2.7,7.3,14.2,21.7,20.7,13.6,7.8,12.1,5.0,00110
90,32.0,38.0,XXX,XX,03,  Dharmapasha Union,1547,2.9,6.7,13.8,21.7,22.0,13.8,8.1,11.0,5.0,00110
90,32.0,57.0,XXX,XX,03,  Madhyanagar Union,728,2.3,8.4,15.0,21.7,17.9,13.3,7.0,14.4,5.1,00110
90,33.0,XX.0,XXX,XX,03,  Dowarabazar Upazila,2839,3.3,8.9,12.9,17.0,16.6,14.2,10.8,16.1,5.2,00110
90,33.0,27.0,XXX,XX,03,  Dakshin Dowarabazar Union,2839,3.3,8.9,12.9,17.0,16.6,14.2,10.8,16.1,5.2,00110
90,50.0,XX.0,XXX,XX,03,  Jamalganj Upazila,1823,3.3,6.4,13.1,15.5,18.5,13.3,11.4,18.5,5.4,00110
90,50.0,67.0,XXX,XX,03,  Jamalganj Union,1435,3.6,6.4,14.0,16.2,17.7,13.7,10.5,18.0,5.3,00110
90,50.0,81.0,XXX,XX,03,  Sachna Bazar Union,388,2.1,6.2,9.5,13.1,21.6,11.9,14.9,20.6,5.9,00110
90,86.0,XX.0,XXX,XX,03,  Sulla Upazila,775,4.1,8.4,11.2,21.2,20.6,14.2,9.3,11.0,4.9,00110
90,86.0,47.0,XXX,XX,03,  Bahara Union,775,4.1,8.4,11.2,21.2,20.6,14.2,9.3,11.0,4.9,00110
90,89.0,XX.0,XXX,XX,03,  Sunamganj Sadar Upazila,815,2.3,4.4,9.3,14.2,17.5,16.0,14.2,22.0,5.9,00110
90,89.0,10.0,XXX,XX,03,  Aftabnagar Union,526,1.3,4.9,9.1,13.9,18.6,16.2,14.4,21.5,5.9,00110
90,89.0,39.0,XXX,XX,03,  Lakshmansree Union,289,4.2,3.5,9.7,14.9,15.6,15.6,13.8,22.8,5.7,00110
90,92.0,XX.0,XXX,XX,03,  Tahirpur Upazila,1656,2.5,6.3,11.7,18.7,21.4,14.4,10.9,14.0,5.3,00110
90,92.0,64.0,XXX,XX,03,  Tahirpur Union,1656,2.5,6.3,11.7,18.7,21.4,14.4,10.9,14.0,5.3,00110
36,XX.0,XX.0,XXX,XX,03, Habiganj Zila,13462,2.8,7.5,11.9,16.8,17.8,14.9,10.9,17.4,5.4,00110
36,2.0,XX.0,XXX,XX,03,  Ajmiriganj Upazila,301,3.7,9.0,12.6,16.9,21.9,12.6,7.3,15.9,5.1,00110
36,2.0,13.0,XXX,XX,03,  Ajmiriganj Union,301,3.7,9.0,12.6,16.9,21.9,12.6,7.3,15.9,5.1,00110
36,5.0,XX.0,XXX,XX,03,  Bahubal Upazila,757,1.6,7.7,12.7,19.2,20.3,13.3,10.6,14.7,5.2,00110
36,5.0,11.0,XXX,XX,03,  Bahubal Union,757,1.6,7.7,12.7,19.2,20.3,13.3,10.6,14.7,5.2,00110
36,11.0,XX.0,XXX,XX,03,  Baniachong Upazila,5065,2.2,6.9,11.8,16.3,17.3,14.7,11.4,19.5,5.6,00110
36,11.0,11.0,XXX,XX,03,  Uttar Purba Baniachang Union,2357,1.8,6.3,12.3,17.3,18.5,14.3,11.2,18.2,5.5,00110
36,11.0,12.0,XXX,XX,03,  Uttar Paschim Baniyachang Unio,1300,2.8,8.7,11.8,14.5,16.5,14.2,12.6,18.8,5.5,00110
36,11.0,18.0,XXX,XX,03,  Dakshin Purba Baniyachang Union,356,0.8,4.5,9.8,12.4,17.4,15.2,10.7,29.2,6.4,00110
36,11.0,25.0,XXX,XX,03,  Dakshin Paschim Baniyachang Union,1052,2.6,6.7,11.2,17.6,15.4,16.2,10.4,20.1,5.6,00110
36,44.0,XX.0,XXX,XX,03,  Habiganj Sadar Upazila,2532,2.8,7.3,12.0,16.5,18.6,14.1,11.3,17.5,5.4,00110
36,44.0,22.0,XXX,XX,03,  Gopaya Union,1843,2.6,7.4,12.5,16.5,18.0,14.1,11.5,17.5,5.4,00110
36,44.0,76.0,XXX,XX,03,  Richi Union,689,3.2,6.8,10.6,16.7,20.3,14.1,10.6,17.7,5.5,00110
36,68.0,XX.0,XXX,XX,03,  Lakhai Upazila,3266,3.3,8.1,11.4,16.7,17.4,16.6,11.0,15.5,5.3,00110
36,68.0,13.0,XXX,XX,03,  Bamai Union,1946,4.5,8.8,12.2,16.9,17.5,15.2,10.8,14.1,5.1,00110
36,68.0,54.0,XXX,XX,03,  Lakhai Union,1320,1.6,7.1,10.2,16.4,17.2,18.6,11.2,17.7,5.5,00110
36,71.0,XX.0,XXX,XX,03,  Madhabpur Upazila,530,7.9,9.2,14.7,19.8,17.5,14.0,7.4,9.4,4.6,00110
36,71.0,17.0,XXX,XX,03,  Bagasura Union,530,7.9,9.2,14.7,19.8,17.5,14.0,7.4,9.4,4.6,00110
36,77.0,XX.0,XXX,XX,03,  Nabiganj Upazila,1011,2.3,7.8,11.4,17.4,17.1,15.1,10.1,18.8,5.5,00110
36,77.0,14.0,XXX,XX,03,  Bausha Union,285,2.1,10.9,11.9,20.7,15.4,13.0,8.1,17.9,5.1,00110
36,77.0,65.0,XXX,XX,03,  Kargaon Union,281,4.3,7.8,14.6,16.0,14.6,13.2,8.9,20.6,5.4,00110
36,77.0,73.0,XXX,XX,03,  Kurshi Union,158,1.3,5.1,10.1,15.2,24.1,15.8,7.6,20.9,5.8,00110
36,77.0,80.0,XXX,XX,03,  Nabiganj Union,287,1.0,6.3,8.4,16.7,17.4,18.8,14.6,16.7,5.7,00110
91,XX.0,XX.0,XXX,XX,03, Sylhet Zila,26862,2.5,7.1,13.0,17.3,17.5,14.1,10.0,18.4,5.5,00110
91,8.0,XX.0,XXX,XX,03,  Balaganj Upazila,1404,4.1,6.3,13.7,14.2,16.9,14.7,10.5,19.5,5.6,00110
91,8.0,11.0,XXX,XX,03,  Balaganj Union,1404,4.1,6.3,13.7,14.2,16.9,14.7,10.5,19.5,5.6,00110
91,20.0,XX.0,XXX,XX,03,  Bishwanath Upazila,3738,4.0,8.4,12.8,16.6,17.0,13.3,8.6,19.2,5.5,00110
91,20.0,21.0,XXX,XX,03,  Bishwanath Union,3738,4.0,8.4,12.8,16.6,17.0,13.3,8.6,19.2,5.5,00110
91,27.0,XX.0,XXX,XX,03,  Companiganj Upazila,3336,2.3,9.4,14.4,17.2,16.2,13.2,10.0,17.4,5.3,00110
91,27.0,11.0,XXX,XX,03,  Islampur Paschim Union,3336,2.3,9.4,14.4,17.2,16.2,13.2,10.0,17.4,5.3,00110
91,31.0,XX.0,XXX,XX,03,  Dakshin Surma Upazila,2989,1.1,5.3,13.8,17.1,19.7,14.3,10.1,18.5,5.6,00110
91,31.0,36.0,XXX,XX,03,  Baraikandi Union,2413,1.2,4.5,13.7,16.3,18.9,15.0,10.4,20.0,5.7,00110
91,31.0,45.0,XXX,XX,03,  Kuchai Union,447,0.7,8.1,13.0,21.7,24.4,10.5,8.7,13.0,5.1,00110
91,31.0,65.0,XXX,XX,03,  Mollargaon Union,129,0.0,10.9,18.6,16.3,17.8,14.7,10.9,10.9,5.0,00110
91,35.0,XX.0,XXX,XX,03,  Fenchuganj Upazila,3936,2.9,7.2,12.5,17.5,16.7,14.5,10.4,18.3,5.4,00110
91,35.0,23.0,XXX,XX,03,  Fenchuganj Union,3936,2.9,7.2,12.5,17.5,16.7,14.5,10.4,18.3,5.4,00110
91,38.0,XX.0,XXX,XX,03,  Golapganj Upazila,786,1.0,4.3,9.5,15.1,14.5,15.1,13.4,27.0,6.3,00110
91,38.0,43.0,XXX,XX,03,  Fulbari Union,786,1.0,4.3,9.5,15.1,14.5,15.1,13.4,27.0,6.3,00110
91,41.0,XX.0,XXX,XX,03,  Gowainghat Upazila,986,1.4,6.1,9.1,12.5,17.2,16.9,13.4,23.3,6.1,00110
91,41.0,42.0,XXX,XX,03,  Paschim Jaflong Union,421,2.6,6.7,11.2,16.4,18.3,15.7,12.1,17.1,5.5,00110
91,41.0,52.0,XXX,XX,03,  Lengura Union,565,0.5,5.7,7.6,9.6,16.5,17.9,14.3,28.0,6.5,00110
91,53.0,XX.0,XXX,XX,03,  Jaintiapur Upazila,1456,3.8,7.1,13.3,17.8,18.6,13.7,9.6,16.0,5.3,00110
91,53.0,63.0,XXX,XX,03,  Nijpat Union,1456,3.8,7.1,13.3,17.8,18.6,13.7,9.6,16.0,5.3,00110
91,62.0,XX.0,XXX,XX,03,  Sylhet Sadar Upazila,7517,2.0,7.0,13.4,19.3,18.3,13.7,9.4,16.9,5.4,00110
91,62.0,42.0,XXX,XX,03,  Khadim Para Union,7400,1.9,6.9,13.4,19.2,18.4,13.7,9.5,17.0,5.4,00110
91,62.0,90.0,XXX,XX,03,  Tuker Bazar Union,117,4.3,12.8,12.8,23.9,14.5,13.7,4.3,13.7,4.7,00110
91,94.0,XX.0,XXX,XX,03,  Zakiganj Upazila,714,1.7,5.5,8.4,14.0,17.5,17.8,13.0,22.1,6.0,00110
91,94.0,57.0,XXX,XX,03,  Kholachhara Union,617,1.5,5.2,7.9,14.4,17.7,18.2,12.2,23.0,6.1,00110
91,94.0,85.0,XXX,XX,03,  Zakiganj Union,97,3.1,7.2,11.3,11.3,16.5,15.5,18.6,16.5,5.5,00110
58,XX.0,XX.0,XXX,XX,03, Maulvibazar Zila,12063,2.1,7.1,13.9,19.8,19.1,14.5,9.2,14.3,5.2,00110
58,14.0,XX.0,XXX,XX,03,  Barlekha Upazila,771,2.7,7.3,10.6,14.5,18.3,13.5,11.8,21.3,5.7,00110
58,14.0,13.0,XXX,XX,03,  Barlekha Union,771,2.7,7.3,10.6,14.5,18.3,13.5,11.8,21.3,5.7,00110
58,35.0,XX.0,XXX,XX,03,  Juri Upazila,2383,1.7,5.8,12.3,17.2,18.3,15.8,11.1,17.8,5.5,00110
58,35.0,47.0,XXX,XX,03,  Jaifarnagar Union,2383,1.7,5.8,12.3,17.2,18.3,15.8,11.1,17.8,5.5,00110
58,56.0,XX.0,XXX,XX,03,  Kamalganj Upazila,2620,2.6,7.8,13.5,18.7,19.7,15.5,9.7,12.5,5.1,00110
58,56.0,38.0,XXX,XX,03,  Kamalganj Union,2620,2.6,7.8,13.5,18.7,19.7,15.5,9.7,12.5,5.1,00110
58,65.0,XX.0,XXX,XX,03,  Kulaura Upazila,219,2.3,6.8,14.2,15.1,16.0,13.7,7.8,24.2,5.9,00110
58,65.0,65.0,XXX,XX,03,  Kulaura Union,219,2.3,6.8,14.2,15.1,16.0,13.7,7.8,24.2,5.9,00110
58,80.0,XX.0,XXX,XX,03,  Rajnagar Upazila,2623,1.9,6.7,12.6,19.5,19.9,14.6,9.2,15.5,5.4,00110
58,80.0,63.0,XXX,XX,03,  Rajnagar Union,1658,1.6,6.8,12.4,20.0,19.2,14.5,9.6,16.0,5.4,00110
58,80.0,73.0,XXX,XX,03,  Tengra Union,965,2.5,6.6,13.0,18.5,21.2,14.8,8.6,14.7,5.2,00110
58,83.0,XX.0,XXX,XX,03,  Sreemangal Upazila,3447,1.9,7.9,17.0,24.1,18.9,13.1,6.8,10.1,4.8,00110
58,83.0,85.0,XXX,XX,03,  Sreemangal Union,3447,1.9,7.9,17.0,24.1,18.9,13.1,6.8,10.1,4.8,00110
